case_id,category,tau_zero,x_uq4_12,f_initial_unorm16,expected_fidelity_unorm16,expected_error
0,lut_boundary,0,0,65535,65534,0
1,lut_boundary,0,128,65535,63518,0
2,lut_boundary,0,256,65535,61563,0
3,lut_boundary,0,384,65535,59669,0
4,lut_boundary,0,512,65535,57833,0
5,lut_boundary,0,640,65535,56054,0
6,lut_boundary,0,768,65535,54329,0
7,lut_boundary,0,896,65535,52658,0
8,lut_boundary,0,1024,65535,51038,0
9,lut_boundary,0,1152,65535,49467,0
10,lut_boundary,0,1280,65535,47945,0
11,lut_boundary,0,1408,65535,46470,0
12,lut_boundary,0,1536,65535,45041,0
13,lut_boundary,0,1664,65535,43655,0
14,lut_boundary,0,1792,65535,42312,0
15,lut_boundary,0,1920,65535,41010,0
16,lut_boundary,0,2048,65535,39748,0
17,lut_boundary,0,2176,65535,38525,0
18,lut_boundary,0,2304,65535,37340,0
19,lut_boundary,0,2432,65535,36191,0
20,lut_boundary,0,2560,65535,35077,0
21,lut_boundary,0,2688,65535,33998,0
22,lut_boundary,0,2816,65535,32952,0
23,lut_boundary,0,2944,65535,31938,0
24,lut_boundary,0,3072,65535,30956,0
25,lut_boundary,0,3200,65535,30003,0
26,lut_boundary,0,3328,65535,29080,0
27,lut_boundary,0,3456,65535,28185,0
28,lut_boundary,0,3584,65535,27318,0
29,lut_boundary,0,3712,65535,26478,0
30,lut_boundary,0,3840,65535,25663,0
31,lut_boundary,0,3968,65535,24873,0
32,lut_boundary,0,4096,65535,24108,0
33,lut_boundary,0,4224,65535,23366,0
34,lut_boundary,0,4352,65535,22647,0
35,lut_boundary,0,4480,65535,21950,0
36,lut_boundary,0,4608,65535,21275,0
37,lut_boundary,0,4736,65535,20621,0
38,lut_boundary,0,4864,65535,19986,0
39,lut_boundary,0,4992,65535,19371,0
40,lut_boundary,0,5120,65535,18775,0
41,lut_boundary,0,5248,65535,18197,0
42,lut_boundary,0,5376,65535,17638,0
43,lut_boundary,0,5504,65535,17095,0
44,lut_boundary,0,5632,65535,16569,0
45,lut_boundary,0,5760,65535,16059,0
46,lut_boundary,0,5888,65535,15565,0
47,lut_boundary,0,6016,65535,15086,0
48,lut_boundary,0,6144,65535,14622,0
49,lut_boundary,0,6272,65535,14172,0
50,lut_boundary,0,6400,65535,13736,0
51,lut_boundary,0,6528,65535,13313,0
52,lut_boundary,0,6656,65535,12904,0
53,lut_boundary,0,6784,65535,12507,0
54,lut_boundary,0,6912,65535,12122,0
55,lut_boundary,0,7040,65535,11749,0
56,lut_boundary,0,7168,65535,11387,0
57,lut_boundary,0,7296,65535,11037,0
58,lut_boundary,0,7424,65535,10697,0
59,lut_boundary,0,7552,65535,10368,0
60,lut_boundary,0,7680,65535,10049,0
61,lut_boundary,0,7808,65535,9740,0
62,lut_boundary,0,7936,65535,9440,0
63,lut_boundary,0,8064,65535,9150,0
64,lut_boundary,0,8192,65535,8868,0
65,lut_boundary,0,8320,65535,8595,0
66,lut_boundary,0,8448,65535,8331,0
67,lut_boundary,0,8576,65535,8074,0
68,lut_boundary,0,8704,65535,7826,0
69,lut_boundary,0,8832,65535,7585,0
70,lut_boundary,0,8960,65535,7352,0
71,lut_boundary,0,9088,65535,7126,0
72,lut_boundary,0,9216,65535,6906,0
73,lut_boundary,0,9344,65535,6694,0
74,lut_boundary,0,9472,65535,6488,0
75,lut_boundary,0,9600,65535,6288,0
76,lut_boundary,0,9728,65535,6095,0
77,lut_boundary,0,9856,65535,5907,0
78,lut_boundary,0,9984,65535,5725,0
79,lut_boundary,0,10112,65535,5549,0
80,lut_boundary,0,10240,65535,5378,0
81,lut_boundary,0,10368,65535,5213,0
82,lut_boundary,0,10496,65535,5053,0
83,lut_boundary,0,10624,65535,4897,0
84,lut_boundary,0,10752,65535,4746,0
85,lut_boundary,0,10880,65535,4600,0
86,lut_boundary,0,11008,65535,4459,0
87,lut_boundary,0,11136,65535,4322,0
88,lut_boundary,0,11264,65535,4189,0
89,lut_boundary,0,11392,65535,4060,0
90,lut_boundary,0,11520,65535,3935,0
91,lut_boundary,0,11648,65535,3814,0
92,lut_boundary,0,11776,65535,3696,0
93,lut_boundary,0,11904,65535,3582,0
94,lut_boundary,0,12032,65535,3472,0
95,lut_boundary,0,12160,65535,3365,0
96,lut_boundary,0,12288,65535,3262,0
97,lut_boundary,0,12416,65535,3161,0
98,lut_boundary,0,12544,65535,3064,0
99,lut_boundary,0,12672,65535,2970,0
100,lut_boundary,0,12800,65535,2878,0
101,lut_boundary,0,12928,65535,2790,0
102,lut_boundary,0,13056,65535,2704,0
103,lut_boundary,0,13184,65535,2621,0
104,lut_boundary,0,13312,65535,2540,0
105,lut_boundary,0,13440,65535,2462,0
106,lut_boundary,0,13568,65535,2386,0
107,lut_boundary,0,13696,65535,2313,0
108,lut_boundary,0,13824,65535,2241,0
109,lut_boundary,0,13952,65535,2172,0
110,lut_boundary,0,14080,65535,2106,0
111,lut_boundary,0,14208,65535,2041,0
112,lut_boundary,0,14336,65535,1978,0
113,lut_boundary,0,14464,65535,1917,0
114,lut_boundary,0,14592,65535,1858,0
115,lut_boundary,0,14720,65535,1801,0
116,lut_boundary,0,14848,65535,1745,0
117,lut_boundary,0,14976,65535,1692,0
118,lut_boundary,0,15104,65535,1640,0
119,lut_boundary,0,15232,65535,1589,0
120,lut_boundary,0,15360,65535,1540,0
121,lut_boundary,0,15488,65535,1493,0
122,lut_boundary,0,15616,65535,1447,0
123,lut_boundary,0,15744,65535,1402,0
124,lut_boundary,0,15872,65535,1359,0
125,lut_boundary,0,16000,65535,1317,0
126,lut_boundary,0,16128,65535,1277,0
127,lut_boundary,0,16256,65535,1237,0
128,lut_boundary,0,16384,65535,1199,0
129,lut_boundary,0,16512,65535,1162,0
130,lut_boundary,0,16640,65535,1127,0
131,lut_boundary,0,16768,65535,1092,0
132,lut_boundary,0,16896,65535,1058,0
133,lut_boundary,0,17024,65535,1026,0
134,lut_boundary,0,17152,65535,994,0
135,lut_boundary,0,17280,65535,963,0
136,lut_boundary,0,17408,65535,934,0
137,lut_boundary,0,17536,65535,905,0
138,lut_boundary,0,17664,65535,877,0
139,lut_boundary,0,17792,65535,850,0
140,lut_boundary,0,17920,65535,824,0
141,lut_boundary,0,18048,65535,799,0
142,lut_boundary,0,18176,65535,774,0
143,lut_boundary,0,18304,65535,750,0
144,lut_boundary,0,18432,65535,727,0
145,lut_boundary,0,18560,65535,705,0
146,lut_boundary,0,18688,65535,683,0
147,lut_boundary,0,18816,65535,662,0
148,lut_boundary,0,18944,65535,641,0
149,lut_boundary,0,19072,65535,622,0
150,lut_boundary,0,19200,65535,603,0
151,lut_boundary,0,19328,65535,584,0
152,lut_boundary,0,19456,65535,566,0
153,lut_boundary,0,19584,65535,549,0
154,lut_boundary,0,19712,65535,532,0
155,lut_boundary,0,19840,65535,515,0
156,lut_boundary,0,19968,65535,499,0
157,lut_boundary,0,20096,65535,484,0
158,lut_boundary,0,20224,65535,469,0
159,lut_boundary,0,20352,65535,455,0
160,lut_boundary,0,20480,65535,441,0
161,lut_boundary,0,20608,65535,427,0
162,lut_boundary,0,20736,65535,414,0
163,lut_boundary,0,20864,65535,401,0
164,lut_boundary,0,20992,65535,389,0
165,lut_boundary,0,21120,65535,377,0
166,lut_boundary,0,21248,65535,365,0
167,lut_boundary,0,21376,65535,354,0
168,lut_boundary,0,21504,65535,343,0
169,lut_boundary,0,21632,65535,332,0
170,lut_boundary,0,21760,65535,322,0
171,lut_boundary,0,21888,65535,312,0
172,lut_boundary,0,22016,65535,302,0
173,lut_boundary,0,22144,65535,293,0
174,lut_boundary,0,22272,65535,284,0
175,lut_boundary,0,22400,65535,275,0
176,lut_boundary,0,22528,65535,267,0
177,lut_boundary,0,22656,65535,259,0
178,lut_boundary,0,22784,65535,251,0
179,lut_boundary,0,22912,65535,243,0
180,lut_boundary,0,23040,65535,235,0
181,lut_boundary,0,23168,65535,228,0
182,lut_boundary,0,23296,65535,221,0
183,lut_boundary,0,23424,65535,214,0
184,lut_boundary,0,23552,65535,208,0
185,lut_boundary,0,23680,65535,201,0
186,lut_boundary,0,23808,65535,195,0
187,lut_boundary,0,23936,65535,189,0
188,lut_boundary,0,24064,65535,183,0
189,lut_boundary,0,24192,65535,177,0
190,lut_boundary,0,24320,65535,172,0
191,lut_boundary,0,24448,65535,167,0
192,lut_boundary,0,24576,65535,161,0
193,lut_boundary,0,24704,65535,156,0
194,lut_boundary,0,24832,65535,152,0
195,lut_boundary,0,24960,65535,147,0
196,lut_boundary,0,25088,65535,142,0
197,lut_boundary,0,25216,65535,138,0
198,lut_boundary,0,25344,65535,134,0
199,lut_boundary,0,25472,65535,130,0
200,lut_boundary,0,25600,65535,126,0
201,lut_boundary,0,25728,65535,122,0
202,lut_boundary,0,25856,65535,118,0
203,lut_boundary,0,25984,65535,114,0
204,lut_boundary,0,26112,65535,111,0
205,lut_boundary,0,26240,65535,107,0
206,lut_boundary,0,26368,65535,104,0
207,lut_boundary,0,26496,65535,101,0
208,lut_boundary,0,26624,65535,98,0
209,lut_boundary,0,26752,65535,94,0
210,lut_boundary,0,26880,65535,92,0
211,lut_boundary,0,27008,65535,89,0
212,lut_boundary,0,27136,65535,86,0
213,lut_boundary,0,27264,65535,83,0
214,lut_boundary,0,27392,65535,81,0
215,lut_boundary,0,27520,65535,78,0
216,lut_boundary,0,27648,65535,76,0
217,lut_boundary,0,27776,65535,73,0
218,lut_boundary,0,27904,65535,71,0
219,lut_boundary,0,28032,65535,69,0
220,lut_boundary,0,28160,65535,67,0
221,lut_boundary,0,28288,65535,65,0
222,lut_boundary,0,28416,65535,63,0
223,lut_boundary,0,28544,65535,61,0
224,lut_boundary,0,28672,65535,59,0
225,lut_boundary,0,28800,65535,57,0
226,lut_boundary,0,28928,65535,55,0
227,lut_boundary,0,29056,65535,53,0
228,lut_boundary,0,29184,65535,52,0
229,lut_boundary,0,29312,65535,50,0
230,lut_boundary,0,29440,65535,49,0
231,lut_boundary,0,29568,65535,47,0
232,lut_boundary,0,29696,65535,46,0
233,lut_boundary,0,29824,65535,44,0
234,lut_boundary,0,29952,65535,43,0
235,lut_boundary,0,30080,65535,41,0
236,lut_boundary,0,30208,65535,40,0
237,lut_boundary,0,30336,65535,39,0
238,lut_boundary,0,30464,65535,38,0
239,lut_boundary,0,30592,65535,36,0
240,lut_boundary,0,30720,65535,35,0
241,lut_boundary,0,30848,65535,34,0
242,lut_boundary,0,30976,65535,33,0
243,lut_boundary,0,31104,65535,32,0
244,lut_boundary,0,31232,65535,31,0
245,lut_boundary,0,31360,65535,30,0
246,lut_boundary,0,31488,65535,29,0
247,lut_boundary,0,31616,65535,28,0
248,lut_boundary,0,31744,65535,27,0
249,lut_boundary,0,31872,65535,26,0
250,lut_boundary,0,32000,65535,26,0
251,lut_boundary,0,32128,65535,25,0
252,lut_boundary,0,32256,65535,24,0
253,lut_boundary,0,32384,65535,23,0
254,lut_boundary,0,32512,65535,22,0
255,lut_boundary,0,32640,65535,22,0
256,interpolation_midpoint,0,64,61731,60780,0
257,interpolation_midpoint,0,192,61731,58910,0
258,interpolation_midpoint,0,320,61731,57097,0
259,interpolation_midpoint,0,448,61731,55340,0
260,interpolation_midpoint,0,576,61731,53638,0
261,interpolation_midpoint,0,704,61731,51988,0
262,interpolation_midpoint,0,832,61731,50389,0
263,interpolation_midpoint,0,960,61731,48838,0
264,interpolation_midpoint,0,1088,61731,47336,0
265,interpolation_midpoint,0,1216,61731,45879,0
266,interpolation_midpoint,0,1344,61731,44468,0
267,interpolation_midpoint,0,1472,61731,43100,0
268,interpolation_midpoint,0,1600,61731,41774,0
269,interpolation_midpoint,0,1728,61731,40489,0
270,interpolation_midpoint,0,1856,61731,39243,0
271,interpolation_midpoint,0,1984,61731,38035,0
272,interpolation_midpoint,0,2112,61731,36865,0
273,interpolation_midpoint,0,2240,61731,35731,0
274,interpolation_midpoint,0,2368,61731,34632,0
275,interpolation_midpoint,0,2496,61731,33566,0
276,interpolation_midpoint,0,2624,61731,32533,0
277,interpolation_midpoint,0,2752,61731,31532,0
278,interpolation_midpoint,0,2880,61731,30562,0
279,interpolation_midpoint,0,3008,61731,29622,0
280,interpolation_midpoint,0,3136,61731,28711,0
281,interpolation_midpoint,0,3264,61731,27827,0
282,interpolation_midpoint,0,3392,61731,26971,0
283,interpolation_midpoint,0,3520,61731,26141,0
284,interpolation_midpoint,0,3648,61731,25337,0
285,interpolation_midpoint,0,3776,61731,24558,0
286,interpolation_midpoint,0,3904,61731,23801,0
287,interpolation_midpoint,0,4032,61731,23070,0
288,interpolation_midpoint,0,4160,61731,22359,0
289,interpolation_midpoint,0,4288,61731,21672,0
290,interpolation_midpoint,0,4416,61731,21005,0
291,interpolation_midpoint,0,4544,61731,20359,0
292,interpolation_midpoint,0,4672,61731,19732,0
293,interpolation_midpoint,0,4800,61731,19126,0
294,interpolation_midpoint,0,4928,61731,18537,0
295,interpolation_midpoint,0,5056,61731,17966,0
296,interpolation_midpoint,0,5184,61731,17413,0
297,interpolation_midpoint,0,5312,61731,16878,0
298,interpolation_midpoint,0,5440,61731,16359,0
299,interpolation_midpoint,0,5568,61731,15855,0
300,interpolation_midpoint,0,5696,61731,15367,0
301,interpolation_midpoint,0,5824,61731,14894,0
302,interpolation_midpoint,0,5952,61731,14437,0
303,interpolation_midpoint,0,6080,61731,13992,0
304,interpolation_midpoint,0,6208,61731,13562,0
305,interpolation_midpoint,0,6336,61731,13144,0
306,interpolation_midpoint,0,6464,61731,12740,0
307,interpolation_midpoint,0,6592,61731,12348,0
308,interpolation_midpoint,0,6720,61731,11969,0
309,interpolation_midpoint,0,6848,61731,11600,0
310,interpolation_midpoint,0,6976,61731,11243,0
311,interpolation_midpoint,0,7104,61731,10897,0
312,interpolation_midpoint,0,7232,61731,10561,0
313,interpolation_midpoint,0,7360,61731,10237,0
314,interpolation_midpoint,0,7488,61731,9922,0
315,interpolation_midpoint,0,7616,61731,9617,0
316,interpolation_midpoint,0,7744,61731,9321,0
317,interpolation_midpoint,0,7872,61731,9034,0
318,interpolation_midpoint,0,8000,61731,8756,0
319,interpolation_midpoint,0,8128,61731,8486,0
320,interpolation_midpoint,0,8256,61731,8225,0
321,interpolation_midpoint,0,8384,61731,7972,0
322,interpolation_midpoint,0,8512,61731,7727,0
323,interpolation_midpoint,0,8640,61731,7489,0
324,interpolation_midpoint,0,8768,61731,7259,0
325,interpolation_midpoint,0,8896,61731,7036,0
326,interpolation_midpoint,0,9024,61731,6819,0
327,interpolation_midpoint,0,9152,61731,6609,0
328,interpolation_midpoint,0,9280,61731,6406,0
329,interpolation_midpoint,0,9408,61731,6209,0
330,interpolation_midpoint,0,9536,61731,6018,0
331,interpolation_midpoint,0,9664,61731,5833,0
332,interpolation_midpoint,0,9792,61731,5653,0
333,interpolation_midpoint,0,9920,61731,5479,0
334,interpolation_midpoint,0,10048,61731,5310,0
335,interpolation_midpoint,0,10176,61731,5147,0
336,interpolation_midpoint,0,10304,61731,4989,0
337,interpolation_midpoint,0,10432,61731,4835,0
338,interpolation_midpoint,0,10560,61731,4687,0
339,interpolation_midpoint,0,10688,61731,4542,0
340,interpolation_midpoint,0,10816,61731,4402,0
341,interpolation_midpoint,0,10944,61731,4267,0
342,interpolation_midpoint,0,11072,61731,4137,0
343,interpolation_midpoint,0,11200,61731,4009,0
344,interpolation_midpoint,0,11328,61731,3886,0
345,interpolation_midpoint,0,11456,61731,3766,0
346,interpolation_midpoint,0,11584,61731,3650,0
347,interpolation_midpoint,0,11712,61731,3537,0
348,interpolation_midpoint,0,11840,61731,3428,0
349,interpolation_midpoint,0,11968,61731,3323,0
350,interpolation_midpoint,0,12096,61731,3221,0
351,interpolation_midpoint,0,12224,61731,3122,0
352,interpolation_midpoint,0,12352,61731,3026,0
353,interpolation_midpoint,0,12480,61731,2933,0
354,interpolation_midpoint,0,12608,61731,2842,0
355,interpolation_midpoint,0,12736,61731,2755,0
356,interpolation_midpoint,0,12864,61731,2670,0
357,interpolation_midpoint,0,12992,61731,2588,0
358,interpolation_midpoint,0,13120,61731,2509,0
359,interpolation_midpoint,0,13248,61731,2432,0
360,interpolation_midpoint,0,13376,61731,2356,0
361,interpolation_midpoint,0,13504,61731,2284,0
362,interpolation_midpoint,0,13632,61731,2214,0
363,interpolation_midpoint,0,13760,61731,2145,0
364,interpolation_midpoint,0,13888,61731,2079,0
365,interpolation_midpoint,0,14016,61731,2015,0
366,interpolation_midpoint,0,14144,61731,1954,0
367,interpolation_midpoint,0,14272,61731,1894,0
368,interpolation_midpoint,0,14400,61731,1835,0
369,interpolation_midpoint,0,14528,61731,1779,0
370,interpolation_midpoint,0,14656,61731,1724,0
371,interpolation_midpoint,0,14784,61731,1671,0
372,interpolation_midpoint,0,14912,61731,1620,0
373,interpolation_midpoint,0,15040,61731,1570,0
374,interpolation_midpoint,0,15168,61731,1522,0
375,interpolation_midpoint,0,15296,61731,1475,0
376,interpolation_midpoint,0,15424,61731,1429,0
377,interpolation_midpoint,0,15552,61731,1385,0
378,interpolation_midpoint,0,15680,61731,1343,0
379,interpolation_midpoint,0,15808,61731,1301,0
380,interpolation_midpoint,0,15936,61731,1261,0
381,interpolation_midpoint,0,16064,61731,1222,0
382,interpolation_midpoint,0,16192,61731,1184,0
383,interpolation_midpoint,0,16320,61731,1148,0
384,interpolation_midpoint,0,16448,61731,1113,0
385,interpolation_midpoint,0,16576,61731,1079,0
386,interpolation_midpoint,0,16704,61731,1046,0
387,interpolation_midpoint,0,16832,61731,1013,0
388,interpolation_midpoint,0,16960,61731,982,0
389,interpolation_midpoint,0,17088,61731,952,0
390,interpolation_midpoint,0,17216,61731,923,0
391,interpolation_midpoint,0,17344,61731,894,0
392,interpolation_midpoint,0,17472,61731,867,0
393,interpolation_midpoint,0,17600,61731,840,0
394,interpolation_midpoint,0,17728,61731,814,0
395,interpolation_midpoint,0,17856,61731,789,0
396,interpolation_midpoint,0,17984,61731,765,0
397,interpolation_midpoint,0,18112,61731,742,0
398,interpolation_midpoint,0,18240,61731,718,0
399,interpolation_midpoint,0,18368,61731,697,0
400,interpolation_midpoint,0,18496,61731,675,0
401,interpolation_midpoint,0,18624,61731,654,0
402,interpolation_midpoint,0,18752,61731,634,0
403,interpolation_midpoint,0,18880,61731,615,0
404,interpolation_midpoint,0,19008,61731,596,0
405,interpolation_midpoint,0,19136,61731,578,0
406,interpolation_midpoint,0,19264,61731,560,0
407,interpolation_midpoint,0,19392,61731,542,0
408,interpolation_midpoint,0,19520,61731,526,0
409,interpolation_midpoint,0,19648,61731,510,0
410,interpolation_midpoint,0,19776,61731,494,0
411,interpolation_midpoint,0,19904,61731,478,0
412,interpolation_midpoint,0,20032,61731,464,0
413,interpolation_midpoint,0,20160,61731,450,0
414,interpolation_midpoint,0,20288,61731,436,0
415,interpolation_midpoint,0,20416,61731,422,0
416,interpolation_midpoint,0,20544,61731,409,0
417,interpolation_midpoint,0,20672,61731,397,0
418,interpolation_midpoint,0,20800,61731,385,0
419,interpolation_midpoint,0,20928,61731,373,0
420,interpolation_midpoint,0,21056,61731,361,0
421,interpolation_midpoint,0,21184,61731,350,0
422,interpolation_midpoint,0,21312,61731,340,0
423,interpolation_midpoint,0,21440,61731,329,0
424,interpolation_midpoint,0,21568,61731,319,0
425,interpolation_midpoint,0,21696,61731,308,0
426,interpolation_midpoint,0,21824,61731,299,0
427,interpolation_midpoint,0,21952,61731,290,0
428,interpolation_midpoint,0,22080,61731,281,0
429,interpolation_midpoint,0,22208,61731,273,0
430,interpolation_midpoint,0,22336,61731,264,0
431,interpolation_midpoint,0,22464,61731,256,0
432,interpolation_midpoint,0,22592,61731,248,0
433,interpolation_midpoint,0,22720,61731,241,0
434,interpolation_midpoint,0,22848,61731,233,0
435,interpolation_midpoint,0,22976,61731,226,0
436,interpolation_midpoint,0,23104,61731,219,0
437,interpolation_midpoint,0,23232,61731,212,0
438,interpolation_midpoint,0,23360,61731,206,0
439,interpolation_midpoint,0,23488,61731,199,0
440,interpolation_midpoint,0,23616,61731,194,0
441,interpolation_midpoint,0,23744,61731,187,0
442,interpolation_midpoint,0,23872,61731,181,0
443,interpolation_midpoint,0,24000,61731,176,0
444,interpolation_midpoint,0,24128,61731,170,0
445,interpolation_midpoint,0,24256,61731,165,0
446,interpolation_midpoint,0,24384,61731,161,0
447,interpolation_midpoint,0,24512,61731,155,0
448,interpolation_midpoint,0,24640,61731,150,0
449,interpolation_midpoint,0,24768,61731,146,0
450,interpolation_midpoint,0,24896,61731,142,0
451,interpolation_midpoint,0,25024,61731,137,0
452,interpolation_midpoint,0,25152,61731,132,0
453,interpolation_midpoint,0,25280,61731,129,0
454,interpolation_midpoint,0,25408,61731,125,0
455,interpolation_midpoint,0,25536,61731,121,0
456,interpolation_midpoint,0,25664,61731,117,0
457,interpolation_midpoint,0,25792,61731,113,0
458,interpolation_midpoint,0,25920,61731,110,0
459,interpolation_midpoint,0,26048,61731,107,0
460,interpolation_midpoint,0,26176,61731,103,0
461,interpolation_midpoint,0,26304,61731,100,0
462,interpolation_midpoint,0,26432,61731,97,0
463,interpolation_midpoint,0,26560,61731,95,0
464,interpolation_midpoint,0,26688,61731,91,0
465,interpolation_midpoint,0,26816,61731,88,0
466,interpolation_midpoint,0,26944,61731,86,0
467,interpolation_midpoint,0,27072,61731,83,0
468,interpolation_midpoint,0,27200,61731,81,0
469,interpolation_midpoint,0,27328,61731,78,0
470,interpolation_midpoint,0,27456,61731,76,0
471,interpolation_midpoint,0,27584,61731,73,0
472,interpolation_midpoint,0,27712,61731,71,0
473,interpolation_midpoint,0,27840,61731,68,0
474,interpolation_midpoint,0,27968,61731,66,0
475,interpolation_midpoint,0,28096,61731,64,0
476,interpolation_midpoint,0,28224,61731,63,0
477,interpolation_midpoint,0,28352,61731,61,0
478,interpolation_midpoint,0,28480,61731,59,0
479,interpolation_midpoint,0,28608,61731,57,0
480,interpolation_midpoint,0,28736,61731,55,0
481,interpolation_midpoint,0,28864,61731,53,0
482,interpolation_midpoint,0,28992,61731,51,0
483,interpolation_midpoint,0,29120,61731,50,0
484,interpolation_midpoint,0,29248,61731,48,0
485,interpolation_midpoint,0,29376,61731,48,0
486,interpolation_midpoint,0,29504,61731,46,0
487,interpolation_midpoint,0,29632,61731,45,0
488,interpolation_midpoint,0,29760,61731,43,0
489,interpolation_midpoint,0,29888,61731,42,0
490,interpolation_midpoint,0,30016,61731,40,0
491,interpolation_midpoint,0,30144,61731,39,0
492,interpolation_midpoint,0,30272,61731,38,0
493,interpolation_midpoint,0,30400,61731,37,0
494,interpolation_midpoint,0,30528,61731,35,0
495,interpolation_midpoint,0,30656,61731,34,0
496,interpolation_midpoint,0,30784,61731,33,0
497,interpolation_midpoint,0,30912,61731,32,0
498,interpolation_midpoint,0,31040,61731,32,0
499,interpolation_midpoint,0,31168,61731,31,0
500,interpolation_midpoint,0,31296,61731,30,0
501,interpolation_midpoint,0,31424,61731,29,0
502,interpolation_midpoint,0,31552,61731,28,0
503,interpolation_midpoint,0,31680,61731,27,0
504,interpolation_midpoint,0,31808,61731,26,0
505,interpolation_midpoint,0,31936,61731,25,0
506,interpolation_midpoint,0,32064,61731,25,0
507,interpolation_midpoint,0,32192,61731,24,0
508,interpolation_midpoint,0,32320,61731,23,0
509,interpolation_midpoint,0,32448,61731,22,0
510,interpolation_midpoint,0,32576,61731,21,0
511,interpolation_midpoint,0,32704,61731,21,0
512,zero_tau,1,0,65535,0,1
513,x_at_8,0,32768,65535,0,0
514,x_above_8,0,65535,65535,0,0
515,zero_f_initial,0,4660,0,0,0
516,one_lsb_f_initial,0,0,1,0,0
517,half_scale_f_initial,0,0,32768,32767,0
518,general_interpolation,0,10843,52719,3734,0
