id,c0_valid,c0_cost,c0_fidelity,c0_utilization,c0_hops,c0_slot,c1_valid,c1_cost,c1_fidelity,c1_utilization,c1_hops,c1_slot,lambda0,lambda1,lambda2,no_path,selected_slot,selected_score
0,0,0,0,0,0,0,0,0,0,0,0,1,2,2,1,1,0,0
1,1,100,58982,65536,1,0,0,0,0,0,0,1,2,2,1,0,0,0
2,0,0,0,0,0,0,1,100,58982,65536,1,1,1,1,2,0,1,0
3,1,100,60000,10,2,0,1,100,60000,10,2,1,1,2,1,0,0,0
4,1,101,60000,10,2,0,1,100,60000,10,2,1,2,1,1,0,1,0
5,1,100,58982,10,2,0,1,100,58983,10,2,1,1,2,1,0,1,0
6,1,100,65535,0,5,0,1,4294967294,58982,4294967294,1,1,2,2,1,0,0,0
7,True,383267485,61762,687932987,4,0,True,3820701250,63924,3006054204,2,1,2,1,1,0,0,65505
8,True,2653421487,62256,1499654874,5,0,True,997383752,64566,1406370427,2,1,2,2,1,0,1,0
9,True,2537319014,60436,1648543881,3,0,True,1015308489,62706,2176675964,1,1,2,2,1,0,1,65535
10,True,1853525124,59548,1526840245,2,0,True,3047429442,59972,3091540602,3,1,1,2,1,0,1,65535
11,True,3000882656,60189,4058696475,3,0,True,4275496647,64894,1553925095,4,1,2,2,1,0,0,131042
12,True,2211750727,60237,3144244507,5,0,True,358635271,59201,351882609,5,1,1,1,2,0,1,65472
13,True,3091051231,64177,2425756397,1,0,True,3858096847,59777,352568649,5,1,1,1,2,0,1,65535
14,True,1993087523,60552,2095046027,2,0,True,3960769300,61852,1597499125,2,1,1,1,2,0,1,65535
15,True,3731473538,61414,1824570575,2,0,False,21392149,61872,3051737890,3,1,2,1,1,0,0,0
16,True,1697719868,64038,2191567704,5,0,False,3868835763,62234,2960624994,5,1,1,1,2,0,0,0
17,True,847681072,60874,4202942467,3,0,True,310531003,64105,365191606,1,1,2,2,1,0,1,0
18,True,1803213820,59929,3859968886,5,0,True,507027197,63499,3315792699,2,1,1,1,2,0,1,0
19,True,262954070,64264,4268319678,2,0,True,3000415366,60385,2029508667,2,1,2,2,1,0,0,65535
20,True,1469123876,63411,746487762,1,0,True,917852603,65425,3708064462,1,1,1,1,2,0,0,65535
21,True,1333262308,59600,2552293468,1,0,True,821473885,62197,1625489851,2,1,1,1,2,0,1,0
22,True,1409052379,65156,3091215679,3,0,True,1797372752,59467,2142784255,5,1,2,1,1,0,0,65535
23,True,4250673489,63738,1622778290,3,0,True,3268171217,60979,285887685,3,1,1,1,2,0,1,65511
24,True,3768947619,60461,695212538,4,0,True,2565772740,60438,4146566053,5,1,1,1,2,0,0,65535
25,True,1077825099,62620,3251200861,5,0,True,777330221,61613,2621862332,1,1,2,1,1,0,1,65470
26,True,2470134207,62149,841388118,4,0,False,2170588369,60324,1533446565,4,1,1,2,1,0,0,0
27,True,4123000210,62234,3888180817,3,0,True,520605856,63701,198008573,4,1,1,2,1,0,1,0
28,True,3189275350,64981,3825822794,1,0,True,3970915207,61042,1229696737,1,1,2,2,1,0,0,65535
29,True,1537508015,61690,1648158819,2,0,True,988332753,60138,1596702786,1,1,2,2,1,0,1,130986
30,True,2670367967,65235,3984850582,5,0,True,3810680388,64258,3577908599,4,1,2,1,1,0,0,65535
31,False,687614265,65076,722485529,3,0,False,4179004636,63204,941592389,4,1,2,1,1,1,0,0
32,True,851747866,59315,3931429471,3,0,True,2085262157,62044,686555164,4,1,2,1,1,0,0,65535
33,True,3285242003,64228,4154312648,2,0,True,2591498333,60519,4122897991,2,1,2,2,1,0,1,131034
34,True,5468608,64966,3824850541,4,0,True,219693236,64044,552031049,4,1,1,2,1,0,0,65535
35,True,2290188292,62016,3083388030,2,0,False,2053126388,63374,1008703181,4,1,2,1,1,0,0,0
36,False,2648872961,65340,1564472409,3,0,True,2726025570,61020,2844363820,4,1,1,2,1,0,1,0
37,True,247173097,59345,1042649504,2,0,True,1520164646,65143,1099268236,5,1,1,1,2,0,0,65524
38,True,4165879153,64501,720966753,5,0,True,224889653,59904,367024626,5,1,2,2,1,0,1,131042
39,False,3832052356,61247,1263828387,3,0,True,1339506276,63816,4276246350,1,1,1,2,1,0,1,0
40,True,1664311306,62773,2164311732,3,0,True,3400114301,63320,2430755297,4,1,1,1,2,0,0,65415
41,True,1023105481,65513,2827779285,1,0,True,1665158006,59583,2393713845,2,1,2,1,1,0,0,65535
42,True,928916231,62244,2534610410,3,0,True,2430222672,61398,422267818,1,1,2,2,1,0,0,65535
43,True,618020053,62114,2875087534,2,0,True,2806260577,59346,1830381350,3,1,2,2,1,0,0,65535
44,True,3731251503,62796,1333328192,2,0,True,1154943191,63574,3769537655,5,1,2,1,1,0,1,65535
45,True,2525479795,64325,2822549056,1,0,True,692085322,61008,3771270029,2,1,2,2,1,0,1,131030
46,True,2797929382,59880,2937640627,4,0,True,1659660732,64968,3719355136,3,1,2,1,1,0,1,65535
47,True,3195314524,60350,366390973,1,0,False,1176912691,61987,4259997331,5,1,2,2,1,0,0,0
48,True,1946234614,62438,3224053851,4,0,False,3350829232,62588,2992210522,3,1,2,2,1,0,0,0
49,True,3045433228,61217,3076356971,2,0,True,1521063838,64078,2987566336,4,1,2,2,1,0,1,0
50,True,4229199657,63277,1309388189,3,0,True,1620962984,63645,2824940496,5,1,2,2,1,0,1,65535
51,True,1838681536,60360,1960293871,2,0,True,2519638866,61565,3535371812,5,1,1,2,1,0,1,65535
52,True,422278104,61395,777126028,2,0,True,797674060,64450,2801752543,2,1,1,2,1,0,1,65535
53,True,226515553,63165,3412748788,2,0,True,689964024,61813,2536533040,2,1,2,1,1,0,0,65535
54,True,1931335178,63295,785540858,1,0,True,2659265256,61712,2504952132,3,1,1,1,2,0,0,0
55,True,2548319368,61460,33563392,1,0,True,1810986824,62925,2575621178,1,1,2,1,1,0,1,65535
56,True,143801197,59620,1175731587,5,0,True,1220797020,63582,1856928526,1,1,1,1,2,0,0,65518
57,True,362628797,62437,552809636,4,0,True,4153224354,60577,3550935464,2,1,2,2,1,0,0,0
58,False,1576686439,60700,3255026933,3,0,True,1931072627,64272,1697595368,2,1,1,2,1,0,1,0
59,True,744510893,60509,2225194813,5,0,True,822144873,63544,3546723365,3,1,2,1,1,0,0,65513
60,True,4029869865,61211,3941123163,1,0,True,1442039109,65506,3535565013,3,1,1,2,1,0,1,0
61,True,396602154,64105,471368017,4,0,True,2036241811,61205,1361279405,5,1,1,1,2,0,0,0
62,True,3604546840,64001,3284290660,1,0,True,167239774,64130,3988507234,5,1,2,2,1,0,1,65535
63,True,2290873016,60956,972580174,1,0,True,2711089394,61144,1634770838,2,1,1,1,2,0,0,65188
64,True,4255714337,60700,1010037756,5,0,False,3358886530,65092,3249173888,2,1,1,2,1,0,0,0
65,True,1798482175,60920,3545750029,3,0,True,3673377350,61610,3620974004,4,1,2,2,1,0,0,130880
66,True,2476485939,65132,2163221373,3,0,True,80985081,59552,357333973,4,1,2,1,1,0,1,65523
67,True,480567870,60009,3893045417,2,0,True,1661054445,60117,2144479495,1,1,1,2,1,0,1,65535
68,False,132252101,64458,1757414649,1,0,True,4199785969,64299,2367763267,2,1,1,1,2,0,1,0
69,True,92055277,59092,2907053212,3,0,True,1126780581,59349,2626023449,3,1,1,2,1,0,1,65535
70,False,1323698359,62052,2600175091,1,0,False,1092185903,65371,266201901,5,1,1,2,1,1,0,0
71,True,3252223181,65390,855981069,5,0,False,2704931101,62245,657959011,5,1,1,1,2,0,0,0
72,True,2507798839,61977,2185214325,3,0,True,1847367479,64037,3886343850,4,1,2,1,1,0,1,65535
73,True,6141032,62458,2558526230,2,0,True,2023779858,62860,963362620,1,1,2,2,1,0,0,130744
74,True,2037875622,61057,3378330646,3,0,True,1800784288,61496,1028957214,1,1,1,2,1,0,1,0
75,True,2157941284,63781,2806932699,1,0,True,798534761,63228,1576593905,3,1,2,2,1,0,1,130834
76,False,4141353754,61707,686928381,3,0,True,1398639239,64123,3520094825,3,1,1,1,2,0,1,0
77,False,3492603107,63342,423982166,4,0,False,3326371275,61302,2235276104,2,1,1,2,1,1,0,0
78,True,3833000960,63070,649764938,4,0,True,3203957038,61411,790114467,5,1,1,1,2,0,0,65535
79,True,2580576457,64483,2865230521,2,0,False,1681940094,60742,3195718637,1,1,1,1,2,0,0,0
80,True,3050513743,60994,2245440261,1,0,False,2994967522,61709,3038943416,4,1,1,2,1,0,0,0
81,True,2427290103,64455,1066380680,5,0,True,307296730,64649,3115089611,2,1,2,2,1,0,1,65535
82,True,978689399,62738,4026603402,3,0,True,2695090811,64936,4248747562,4,1,2,1,1,0,0,65505
83,True,1852024265,63923,2347234241,5,0,True,1690030246,60805,3749163216,2,1,1,1,2,0,0,65535
84,True,2073828378,63287,960834641,5,0,False,3956357750,62558,1038408170,1,1,2,1,1,0,0,0
85,True,1484947125,63656,1192087702,5,0,False,2948286499,64433,1241595744,3,1,1,1,2,0,0,0
86,True,1662995777,61025,405541002,1,0,True,4261358229,64253,2885902321,5,1,1,2,1,0,1,65535
87,True,3337719396,60339,4231833181,5,0,False,2653305706,59571,966635714,4,1,1,1,2,0,0,0
88,True,1926253630,61732,2014724565,4,0,True,2652834204,64930,3676662739,1,1,1,2,1,0,1,65535
89,True,50522040,59365,3318800539,2,0,True,2325920361,61750,915096525,4,1,1,2,1,0,1,65535
90,True,2370903529,60844,1757847221,4,0,True,2246563369,63041,76202830,4,1,2,2,1,0,1,0
91,True,3472169599,60721,2239601916,2,0,True,1877395298,63952,2915239337,2,1,1,1,2,0,0,65535
92,True,117123609,65383,1814271770,5,0,True,2370689974,65535,263018361,2,1,1,2,1,0,1,65535
93,True,2900384903,61487,3470043896,1,0,False,1087650323,60334,611817995,3,1,1,2,1,0,0,0
94,True,1512627935,60819,3519366816,1,0,True,2647558901,63843,1468537128,3,1,2,1,1,0,0,65535
95,True,3031042403,63705,3504281039,3,0,True,1478841874,65020,3548475106,5,1,1,2,1,0,1,65535
96,True,3401563375,61143,1639298537,1,0,False,3651008738,59628,1771299406,3,1,1,1,2,0,0,0
97,True,723878123,60018,4176335686,4,0,True,2961840987,62177,426448573,4,1,1,2,1,0,1,65535
98,False,650762101,64721,474383683,1,0,True,1846049018,65029,3423232313,5,1,1,1,2,0,1,0
99,True,878192717,65069,562548028,2,0,True,838102048,65503,794395435,4,1,1,1,2,0,0,65535
100,True,173896260,63269,1254654006,4,0,True,3387554103,59640,3810698884,4,1,2,2,1,0,0,0
101,True,1231507962,62157,3736261051,4,0,True,3913701815,61221,2274355008,1,1,1,1,2,0,1,65535
102,False,3540203959,61262,1677135207,1,0,True,2639620858,61383,3596501635,1,1,2,2,1,0,1,0
103,True,829820979,61187,1220615015,2,0,True,88114449,64006,1814685048,5,1,2,2,1,0,1,65535
104,True,3529896597,60285,4237665954,4,0,False,3894637599,59071,2022964572,1,1,1,2,1,0,0,0
105,True,1653463878,63560,2704051514,4,0,False,1796980383,59696,632913159,1,1,1,1,2,0,0,0
106,True,3907622642,62333,382626888,1,0,True,1200881236,64863,896389730,3,1,1,1,2,0,0,65535
107,True,1555673222,64435,1629279799,4,0,True,672431457,59982,3951819120,3,1,1,2,1,0,0,65535
108,True,830397224,64625,2444750224,5,0,True,2012611546,61824,2033169636,3,1,2,2,1,0,0,65535
109,True,1990687532,60438,973819118,4,0,True,4238542859,59371,2574194882,2,1,2,2,1,0,0,0
110,True,1754063681,61745,101624972,2,0,True,2836409382,64573,3299120991,4,1,2,1,1,0,0,65512
111,True,429303790,62787,3863557056,4,0,True,1028409715,60974,3782714429,4,1,2,2,1,0,0,65535
112,True,3909937143,60357,2721088629,3,0,True,123742411,61672,3200298924,1,1,2,2,1,0,1,65535
113,True,194963834,63301,2450893473,2,0,True,3997529027,64312,2738268880,1,1,1,2,1,0,1,65535
114,True,2752439103,61610,1723577277,3,0,True,619953335,60129,4167785466,2,1,1,1,2,0,0,65535
115,True,1687638333,64214,1034353140,3,0,True,3891313422,59624,2902519363,4,1,1,2,1,0,0,0
116,False,158690229,62585,2339894248,3,0,True,2567533384,62567,1858639021,4,1,2,1,1,0,1,0
117,True,3549652228,61555,2570581757,2,0,True,461011827,61747,3896252284,4,1,2,1,1,0,1,65535
118,True,2309749187,65314,3264470980,1,0,True,781020908,65071,1123406727,1,1,2,1,1,0,1,65266
119,True,2093012974,59064,541690486,2,0,True,372841724,60091,2606838768,1,1,2,1,1,0,1,65535
120,False,1994378786,59741,2142903678,4,0,True,502348187,65236,696118087,5,1,2,2,1,0,1,0
121,True,1035824615,59755,1282445405,2,0,True,4226554688,63437,1075266452,1,1,2,1,1,0,0,65535
122,True,3279866386,62606,2119226576,5,0,True,587482588,64667,400319224,2,1,1,1,2,0,1,0
123,True,303983002,62086,606301779,4,0,True,4087885060,64977,1162180257,5,1,1,2,1,0,1,65535
124,True,4039655716,59171,2861691767,2,0,True,1758197181,63227,2189281271,4,1,2,1,1,0,1,0
125,False,2571747506,64560,3884384585,5,0,True,2820276612,64770,3082502324,2,1,2,1,1,0,1,0
126,True,2194289853,62932,4179362894,1,0,False,2819765388,63319,3535496404,2,1,2,2,1,0,0,0
127,True,2176989314,59009,2324449447,5,0,True,3444534019,63630,1883680113,4,1,2,2,1,0,0,131042
128,True,3345461629,62004,2421154517,5,0,True,362113152,64183,3622863459,2,1,2,2,1,0,1,65535
129,True,2693924118,59387,3315985828,4,0,True,3991924578,63555,2316902961,3,1,2,2,1,0,0,131038
130,True,4166758676,59463,1126457254,1,0,True,1327233690,61324,2112364479,5,1,1,2,1,0,1,65535
131,True,860116918,63089,3775756307,5,0,True,2425733400,60586,662632700,3,1,2,2,1,0,0,65535
132,True,1568293208,62337,2875153393,2,0,True,1833048000,60149,646179228,1,1,1,2,1,0,0,65535
133,True,3809449481,59850,2612313237,5,0,True,142353385,61624,1417332240,3,1,2,1,1,0,1,0
134,True,3173035774,62078,1154129526,4,0,True,2570602797,64008,2560194016,1,1,1,2,1,0,1,65535
135,True,4233318608,62202,3627189766,5,0,False,3235707846,63696,1150837270,2,1,1,1,2,0,0,0
136,True,3264462618,63575,535490024,5,0,True,2799723373,62294,4262918281,1,1,1,1,2,0,0,65535
137,True,1009022353,63193,654004212,4,0,True,203142242,59763,1652318503,2,1,1,1,2,0,0,65535
138,True,3948584958,62640,4233381502,3,0,True,2771135555,59300,2413065424,5,1,1,1,2,0,1,65515
139,True,1292367358,63112,2729811860,3,0,True,3400813778,62135,1399865150,2,1,2,1,1,0,0,65535
140,True,3685308902,64496,3812867836,4,0,True,2942803992,59881,1548292213,3,1,2,1,1,0,1,65521
141,True,950252819,59916,1602982827,3,0,True,288623328,59451,177416754,1,1,1,1,2,0,1,65394
142,True,2854542482,59202,3527097281,3,0,True,1002617884,61071,1327511808,1,1,1,2,1,0,1,0
143,True,3926237894,62259,483519563,3,0,True,1556573486,64404,4082624735,5,1,1,2,1,0,1,65535
144,False,238114142,60345,1206172914,3,0,True,664822376,61112,1990153162,1,1,2,2,1,0,1,0
145,True,1035357694,64280,1020558405,5,0,True,44259152,63606,2299540998,1,1,1,1,2,0,0,65535
146,True,2820505589,62056,2972779492,4,0,True,3936033011,65325,3662859833,3,1,1,2,1,0,1,65535
147,True,2452198790,63407,3505673398,1,0,True,248099232,63271,1448455460,1,1,1,2,1,0,0,65535
148,False,2083019691,60297,1682007180,5,0,True,260632782,64457,1467521046,2,1,2,1,1,0,1,0
149,True,257800698,60469,3436319940,1,0,True,2010101573,61228,4058298043,5,1,2,1,1,0,0,65449
150,True,3732414627,64833,1254524552,2,0,True,3094327984,60161,996396127,2,1,2,2,1,0,1,131042
151,True,1050773678,61483,2269745972,4,0,True,610863591,63847,1401363210,5,1,1,1,2,0,1,0
152,True,734741697,61491,3570569122,3,0,True,628365448,65508,3676980704,2,1,1,2,1,0,1,65535
153,True,3824189913,63164,3860320994,1,0,True,2656903718,62719,2951332995,4,1,2,1,1,0,1,65388
154,True,3396607638,59248,125465323,2,0,False,2644587800,62810,1656594829,3,1,1,2,1,0,0,0
155,True,3879444345,59799,4261681649,2,0,True,974918561,62179,1611408055,3,1,1,2,1,0,1,0
156,False,1077330018,62142,1255071071,4,0,False,3555468333,65021,1727945469,1,1,1,2,1,1,0,0
157,True,539273231,60745,3492981698,4,0,True,300544397,65011,843660163,2,1,1,1,2,0,1,0
158,False,545007399,61930,3533811447,5,0,True,3349669526,62458,3333789854,1,1,2,1,1,0,1,0
159,True,822103622,61432,1912113463,3,0,True,1093443690,60229,1815073216,3,1,1,1,2,0,1,65535
160,True,1471243021,62241,4252513401,2,0,True,3902582329,60638,3520301640,2,1,1,2,1,0,0,65535
161,True,3198846641,63614,4046826951,4,0,True,260554132,65129,2785401465,1,1,2,1,1,0,1,0
162,True,448803127,60111,1211974715,2,0,False,2247843211,61044,16004118,3,1,2,1,1,0,0,0
163,True,2643407237,60977,3485898581,2,0,True,2963595250,64059,2606177995,4,1,1,2,1,0,1,65535
164,True,1873306100,60724,2027947780,2,0,True,2320721924,61605,461145524,5,1,1,2,1,0,1,65535
165,True,2845181737,64037,1054877197,4,0,False,523212759,60683,716424826,4,1,2,1,1,0,0,0
166,True,2953143007,62026,3098526555,4,0,True,2426180577,64049,711202202,2,1,2,2,1,0,1,0
167,True,1353188528,62928,4271235963,4,0,True,1757160393,61440,1139170939,4,1,1,1,2,0,1,65535
168,True,2750805892,63662,1004659150,3,0,True,3983700716,59799,3376782252,2,1,2,1,1,0,0,0
169,True,496470327,65069,3764074856,3,0,True,4019531752,64558,186551377,2,1,2,1,1,0,0,65535
170,True,1244590060,60693,63157441,3,0,True,4187741112,59744,1909698469,1,1,2,1,1,0,0,0
171,True,1052423872,63699,4191300360,3,0,True,1611647869,65242,1586504588,3,1,1,1,2,0,1,65535
172,False,247567426,60032,4016832904,5,0,True,1756667140,63184,2017878825,3,1,1,2,1,0,1,0
173,True,2353731673,65090,2434773207,3,0,True,332330505,59717,2284867680,4,1,2,2,1,0,1,131046
174,True,3669582599,62609,223640058,1,0,True,271282370,62140,1301480024,3,1,1,1,2,0,0,65535
175,True,1654555036,61304,1458788719,1,0,True,1191586213,61827,4165741688,3,1,2,1,1,0,1,65535
176,True,3341336185,63614,1671143003,4,0,True,57992887,59872,2944907073,3,1,2,1,1,0,1,65535
177,True,678171056,60261,941124889,5,0,True,217705754,64207,3438267154,3,1,1,2,1,0,1,65535
178,True,477115485,60826,1439707960,3,0,True,2552633064,63220,1783705984,3,1,1,2,1,0,1,65535
179,True,1405376378,62865,2540332862,3,0,False,3845427429,65137,263650484,2,1,2,1,1,0,0,0
180,True,2093587342,60731,25062721,5,0,True,4291062986,63345,3329589477,4,1,1,1,2,0,0,65510
181,True,2546850530,62761,696102573,5,0,True,4260885728,62488,3633574434,5,1,1,1,2,0,0,0
182,True,1889109537,60692,4225937316,5,0,True,1644626031,61973,2488472309,4,1,1,2,1,0,1,0
183,True,596414026,62059,3232170366,1,0,True,1969167827,61228,324791761,5,1,2,1,1,0,0,65535
184,True,3789016658,64883,288390114,5,0,True,1531109458,62263,4220389771,1,1,1,1,2,0,0,65535
185,True,164843126,60805,2085926219,4,0,True,746946947,62000,3868445904,5,1,2,1,1,0,0,65480
186,True,2995145528,61901,991478652,3,0,True,1371043204,65217,1298728946,3,1,2,2,1,0,1,65535
187,True,1413932173,63676,2118606464,1,0,True,4276646639,64587,2867758444,5,1,2,1,1,0,0,65463
188,True,2884539997,64128,2467093787,5,0,True,3057038120,64733,1600795239,3,1,1,2,1,0,1,65535
189,False,1636860660,64079,1778804420,5,0,True,3732546564,59332,1902580061,5,1,1,1,2,0,1,0
190,True,2482397968,62511,998813658,5,0,False,922500812,63342,3535579963,3,1,2,1,1,0,0,0
191,False,834492288,65165,112223515,2,0,False,2131674157,65248,2127765287,5,1,1,1,2,1,0,0
192,True,2926490569,59833,4289218428,4,0,True,94942207,62079,997725125,1,1,1,2,1,0,1,0
193,True,2688289092,64704,3934885623,4,0,True,4198283795,61955,3417964516,3,1,1,2,1,0,0,65535
194,True,315211381,60875,1447421047,2,0,True,1533247357,64379,526646471,2,1,2,1,1,0,0,65535
195,True,2234283015,63992,333387814,1,0,True,1942377735,63543,12712016,3,1,1,1,2,0,1,65389
196,True,412433483,61244,4105765235,2,0,True,1975294792,63753,486211771,2,1,2,2,1,0,0,131018
197,True,3167612669,61475,2313277481,1,0,True,2087752370,60026,2402564857,5,1,1,1,2,0,0,65535
198,True,979045019,59000,1193495165,3,0,True,1186249807,64819,3424388524,1,1,1,2,1,0,1,65535
199,True,685297428,64623,1325525049,2,0,True,3867422713,64301,4261774885,3,1,1,2,1,0,0,0
200,True,476621784,60430,3408763037,2,0,False,3104549469,61250,3348007348,5,1,1,2,1,0,0,0
201,True,695981631,61325,418060762,1,0,True,1321479576,59610,2059549269,4,1,2,2,1,0,0,0
202,True,3643407584,60392,1771050751,1,0,True,4037076017,65010,1939402534,1,1,1,2,1,0,1,65535
203,True,3932838041,65345,499976629,5,0,True,3576495852,59339,252709017,3,1,2,1,1,0,1,65524
204,True,3821275553,62086,1040439443,5,0,True,3620663755,61208,3312235831,5,1,2,1,1,0,1,65535
205,True,2018195550,61910,2463868688,1,0,True,3406566913,63467,3595962920,5,1,1,2,1,0,1,65535
206,True,3877929810,60551,2037485728,3,0,True,4214257639,64203,2189512078,1,1,1,2,1,0,1,65535
207,True,2874206297,59803,939669019,4,0,True,1004341959,64529,4126058931,2,1,2,2,1,0,1,65535
208,False,3688376365,59249,4089118872,4,0,True,1723182076,59020,2960506616,3,1,2,2,1,0,1,0
209,True,3451308732,60646,386933595,1,0,True,2239624644,62624,1128876976,2,1,1,2,1,0,1,65535
210,True,111547249,60980,503712496,3,0,False,1905615636,65513,3051150230,1,1,2,2,1,0,0,0
211,True,4021438001,65468,2641479054,2,0,True,3659075681,64681,3199400188,2,1,2,2,1,0,1,130904
212,True,1033532567,61231,3279761859,4,0,False,2344902096,63594,673536167,5,1,2,2,1,0,0,0
213,True,1745847121,62885,1137471349,5,0,True,570444217,63695,3725680552,5,1,1,2,1,0,1,65535
214,True,3613569384,59986,2468913369,4,0,True,3222100944,63475,2835698063,2,1,1,1,2,0,0,65535
215,True,667283153,59521,369227604,4,0,True,3823297020,64160,2782754174,4,1,1,2,1,0,1,65535
216,True,598832806,63320,2746016718,5,0,True,112193542,65390,3667625130,1,1,2,2,1,0,1,65535
217,True,1201103124,60975,2362412081,2,0,True,4084933422,63025,4153085966,3,1,1,1,2,0,0,65503
218,True,3650412538,64271,1410269147,4,0,False,2143478918,61397,3883837537,4,1,2,2,1,0,0,0
219,False,3873987361,59246,3075175454,5,0,True,2960372015,60470,2142274496,2,1,1,1,2,0,1,0
220,True,4257080843,62693,784270496,3,0,True,547427061,58995,2730948355,4,1,2,2,1,0,1,131034
221,True,3400508923,59199,2105549472,3,0,True,3410712884,61833,2914565741,5,1,1,2,1,0,1,65535
222,True,3327928659,59577,1966002505,2,0,True,1264598509,65465,718213861,4,1,2,1,1,0,1,0
223,True,1902953128,64658,2587611046,4,0,True,189995861,60274,1140511254,2,1,1,1,2,0,1,65520
224,True,2487583510,63395,1367176381,5,0,True,4118275388,64874,2688562008,5,1,2,2,1,0,0,130982
225,True,3553073889,59853,467400797,1,0,True,4002838410,62413,770940962,4,1,2,1,1,0,0,65509
226,False,979838345,62863,1002182305,2,0,False,754907781,62590,3764448589,3,1,1,2,1,1,0,0
227,True,3918689795,63030,3148541781,3,0,False,2904326002,63823,2341346922,5,1,2,1,1,0,0,0
228,True,558542784,62224,2136922383,4,0,False,1422048248,63222,1640005887,1,1,1,2,1,0,0,0
229,True,2442173925,63733,321727030,2,0,True,423561641,61130,3643100491,2,1,2,2,1,0,1,131020
230,True,680421912,60164,2165060593,4,0,True,573562760,65004,1212022812,2,1,1,2,1,0,1,0
231,True,2634095625,62368,2939294783,4,0,True,513207973,59652,673640467,1,1,2,2,1,0,1,131022
232,True,1208988658,65533,2315811098,3,0,True,3586217507,62987,3448562350,5,1,2,2,1,0,0,0
233,False,2222360129,62487,687075094,2,0,True,3256570589,62441,1450966960,4,1,1,2,1,0,1,0
234,True,1103468711,63866,2930033965,4,0,True,2962911258,60644,3240338023,3,1,1,2,1,0,0,0
235,True,3532172108,59275,2280746650,3,0,False,1565501063,61460,2327988163,3,1,1,1,2,0,0,0
236,True,1651099451,65072,1242427974,2,0,False,720528020,61803,601804146,3,1,1,2,1,0,0,0
237,True,3600891499,63921,2063783431,5,0,True,1248704669,59261,4239647938,3,1,1,1,2,0,0,65535
238,True,3094201550,59992,987503013,2,0,True,4051445784,63689,1903547313,5,1,2,1,1,0,0,65517
239,True,466390386,65254,701033216,4,0,True,3309576384,63531,1052435935,4,1,2,1,1,0,0,0
240,True,2738592896,61691,3189545733,3,0,True,2149787414,63527,3927918820,2,1,1,2,1,0,1,65535
241,True,2166704424,63059,1269645304,2,0,True,2870821788,59089,3966127673,3,1,2,1,1,0,0,0
242,True,3181365731,60276,3938273326,5,0,False,1829013729,63404,2848185053,2,1,2,2,1,0,0,0
243,True,1940175490,61195,2633765696,1,0,True,1912880987,59006,607732514,4,1,2,2,1,0,1,131010
244,True,2235832813,65272,2669358021,3,0,True,1119488210,59535,2518735470,5,1,1,1,2,0,1,65524
245,True,1793866298,60240,817563694,2,0,True,1099220823,65198,2670036976,2,1,2,1,1,0,1,65535
246,True,552074418,59022,495911913,3,0,True,1911791309,62425,1478943263,4,1,1,2,1,0,1,65535
247,False,736030834,62616,3650415717,4,0,True,2027219255,64407,3124179291,4,1,1,1,2,0,1,0
248,True,1384006255,61581,1837761051,4,0,True,715201895,61098,3215994875,5,1,1,1,2,0,0,65535
249,True,4039036203,64495,2164741964,2,0,True,36981918,59124,1842166751,1,1,2,2,1,0,1,131046
250,True,2341930960,64356,1472973733,2,0,False,1757224800,61107,1557947430,2,1,1,1,2,0,0,0
251,True,2436213890,61108,3416520347,2,0,True,1760252399,61608,2246869778,3,1,1,2,1,0,1,0
252,True,3064562622,62877,2835538298,2,0,True,1164582480,65352,3005178787,4,1,1,2,1,0,1,65535
253,True,1445766980,61120,323106646,5,0,True,1567942476,62473,1818233513,1,1,2,2,1,0,0,130974
254,True,2325423836,60599,1587500590,5,0,True,4263017909,64656,1233519924,1,1,2,1,1,0,0,65535
255,False,1308453786,62670,1934824836,1,0,True,2421556151,64297,734224871,4,1,1,2,1,0,1,0
256,True,770827980,59773,2082615316,4,0,True,2397586995,60394,3992621927,4,1,1,2,1,0,1,65535
257,True,2700912860,62147,1434522049,1,0,True,2737719260,62666,1923631123,3,1,2,1,1,0,0,65409
258,True,1550164290,60434,2873923938,4,0,False,3085343488,59766,510533996,5,1,1,2,1,0,0,0
259,True,3372999790,62511,2352095510,3,0,True,4103678051,64169,3149166972,2,1,1,1,2,0,0,65495
260,True,1317188448,62520,1078353377,5,0,False,1931983239,61097,294044135,3,1,1,2,1,0,0,0
261,True,1671359610,62435,1702664580,4,0,True,3700940872,59854,3907367300,4,1,2,1,1,0,0,0
262,True,2227173183,63166,4032332830,1,0,True,399328452,64387,2293081208,3,1,1,2,1,0,1,0
263,True,1311296207,62599,346344146,2,0,True,3504777897,59763,2023703943,2,1,2,1,1,0,0,0
264,True,763215205,64016,1240843536,5,0,False,1488237881,63653,1241931757,1,1,2,1,1,0,0,0
265,False,3606561987,60094,1264787836,4,0,True,3618371842,62504,2871779694,2,1,2,2,1,0,1,0
266,True,1008147427,64803,1686618585,4,0,True,639501561,61990,2016969323,1,1,2,2,1,0,1,131024
267,True,173599042,65070,3112865616,5,0,True,3764063853,59602,427213112,2,1,2,1,1,0,0,65535
268,True,3415076768,59909,3839107917,1,0,True,2931150853,65492,2114870325,2,1,2,1,1,0,1,0
269,True,2568761037,59815,2453216136,3,0,True,568866212,63814,2494068270,1,1,2,2,1,0,1,65535
270,False,779646905,59544,4114440451,3,0,True,4145660119,59011,1881852436,1,1,2,2,1,0,1,0
271,True,1640210537,60078,1180473743,2,0,True,2487638365,59105,251144565,1,1,1,2,1,0,0,65535
272,True,1116458150,60173,1007264670,5,0,True,2377164557,62773,3495229382,5,1,1,2,1,0,1,65535
273,True,3209678916,63692,114081328,5,0,True,3520931083,60245,3516590200,1,1,2,2,1,0,0,0
274,True,3854178188,63984,2707729336,2,0,True,1551023130,59705,104937603,1,1,1,2,1,0,0,65535
275,True,2893994003,65475,1133979279,1,0,True,3547755226,64491,3120828770,3,1,2,1,1,0,0,0
276,True,319692131,64761,4141181279,4,0,True,830797960,59051,1451067486,5,1,1,2,1,0,0,65535
277,True,3005891931,62499,3482344638,2,0,True,2360654963,62002,1598721803,2,1,1,2,1,0,0,65535
278,True,2692127939,62822,1349852144,5,0,True,3026865935,60267,2678679778,1,1,2,1,1,0,0,0
279,True,3146941626,62433,1945098786,5,0,False,227330449,64677,4201759904,2,1,2,1,1,0,0,0
280,True,1047834816,63333,2207694561,1,0,True,1877898052,61734,127433530,4,1,2,1,1,0,0,65535
281,True,3494990609,65377,2708034713,1,0,True,2810512400,61005,2565003248,3,1,2,1,1,0,1,65520
282,True,828183450,59345,4182837900,3,0,True,2259406287,60786,765940964,2,1,2,1,1,0,0,65535
283,True,1664881354,59323,4173518453,4,0,False,481405,64065,2398861660,5,1,2,1,1,0,0,0
284,True,1013118468,64382,2952291200,1,0,True,123808261,63611,2327776099,5,1,1,2,1,0,0,65535
285,True,1472661816,63898,1718550540,4,0,True,1109127708,65074,471310145,4,1,1,1,2,0,1,0
286,True,740589524,60715,2538526015,4,0,False,1336960647,64542,31964514,5,1,2,2,1,0,0,0
287,True,2893449273,59860,2687363386,4,0,True,3193812142,64503,2945531801,5,1,1,2,1,0,1,65535
288,True,2130953370,62168,1515473259,1,0,True,3133775291,59881,1036386107,3,1,2,2,1,0,0,65535
289,True,3213342067,61821,4141598675,3,0,True,1940013715,64088,1272381380,2,1,1,1,2,0,1,0
290,True,2295375004,59367,2774261959,1,0,False,400909090,59663,2844844266,4,1,1,1,2,0,0,0
291,True,1007121688,61302,3981444734,5,0,False,643286212,59801,765388517,5,1,1,2,1,0,0,0
292,True,3871119931,62352,2499112683,4,0,True,1756153965,59624,2186461028,2,1,2,1,1,0,1,65511
293,False,1423170316,60151,1266898224,5,0,True,2602396531,63715,2475012479,4,1,1,1,2,0,1,0
294,True,1076524281,61315,2103075352,5,0,True,3492339085,65209,3846485630,5,1,2,2,1,0,0,131036
295,True,1513412284,59228,143030356,4,0,True,3712496665,61520,1199672727,2,1,1,2,1,0,1,65535
296,True,4165546596,62110,794954100,5,0,True,390106387,61852,3737458385,1,1,1,2,1,0,0,65535
297,True,2714674821,63834,2608640850,4,0,True,1165789816,62320,3653549388,3,1,2,1,1,0,1,65535
298,True,1550092480,64121,2727830263,4,0,True,612925765,63927,3345594896,4,1,2,2,1,0,1,130398
299,True,3438807848,59530,1084339168,1,0,True,2605207063,64779,1131956737,2,1,2,1,1,0,1,65535
300,True,3986021861,64798,3269269807,5,0,True,1099930497,60826,2836982200,3,1,1,1,2,0,1,65519
301,True,2116046448,61657,803113481,2,0,True,4097010744,64972,4050603079,3,1,2,2,1,0,0,131030
302,True,2264415974,63441,3518743706,2,0,True,3451579278,64639,1286127539,2,1,1,1,2,0,1,65535
303,False,2830652154,59882,1721067028,2,0,True,3179093799,63680,2289352939,2,1,2,2,1,0,1,0
304,True,1708546697,59256,67967751,1,0,True,1998678616,59505,916468409,3,1,2,1,1,0,0,65273
305,True,4119296392,64773,2378145201,3,0,True,2801363493,60545,3564341366,2,1,1,1,2,0,0,65535
306,True,312133326,61870,2678677044,5,0,True,422467873,64199,4048584903,5,1,2,1,1,0,0,65507
307,True,2525783533,61136,2091134859,3,0,True,424818445,59674,2376209904,2,1,1,1,2,0,0,65535
308,True,2115979908,61752,2792139894,2,0,True,4038769061,63699,1416572001,5,1,2,1,1,0,0,65535
309,True,1155676634,62528,3076028783,5,0,True,2891946813,63970,2881346987,2,1,2,1,1,0,0,65535
310,True,1663482060,63698,3337395863,5,0,False,1172181144,63953,841279803,5,1,2,2,1,0,0,0
311,True,1141456101,64292,1129648874,5,0,True,193059112,59085,1762754069,4,1,2,1,1,0,1,65535
312,True,3488047659,60367,2894520351,3,0,True,844325008,64265,2116915946,3,1,1,2,1,0,1,0
313,True,731020025,62303,4002894667,3,0,True,1223795186,64601,1879618621,1,1,2,2,1,0,0,131012
314,True,2893564398,62501,734437342,4,0,True,1538148429,60763,3458402850,3,1,2,2,1,0,1,130994
315,True,2801498997,59268,1228419661,2,0,True,1870778041,60905,23804736,2,1,2,2,1,0,1,0
316,True,831283961,64661,526452858,3,0,True,337014125,60881,1023175775,4,1,1,2,1,0,0,65535
317,True,1211026887,64240,4162880854,3,0,True,174707015,64049,1190739449,2,1,1,1,2,0,1,65194
318,True,333694928,61661,1936235862,2,0,True,2651468988,61180,2956091748,5,1,1,2,1,0,0,0
319,True,2927316242,64322,3029527695,1,0,True,546885385,62768,3954589284,1,1,2,1,1,0,1,65535
320,True,3524352947,61110,599444635,1,0,True,4037550827,64665,3058092762,2,1,2,1,1,0,0,65517
321,True,1593757514,62390,864931271,3,0,False,545086824,60212,1539976610,4,1,1,1,2,0,0,0
322,True,1226964044,61329,3859159816,1,0,True,3680292669,62314,748668403,4,1,2,1,1,0,0,65535
323,True,3714779871,60245,3217577232,5,0,True,1645240946,62191,416305034,1,1,1,2,1,0,1,0
324,True,436843812,62676,2625222640,2,0,True,3451929588,61291,688781132,5,1,1,2,1,0,0,65535
325,True,2948637790,59689,641600555,5,0,True,204662864,62746,4209320486,5,1,1,2,1,0,1,65535
326,True,3999923714,61210,1556235693,2,0,True,889725203,60925,2067286584,4,1,2,2,1,0,1,130612
327,True,2214634547,59088,2132332267,3,0,True,1974006597,64806,845683491,5,1,1,1,2,0,1,0
328,True,520946527,62136,1597071665,2,0,True,812653446,59879,209984324,3,1,2,1,1,0,0,65535
329,True,2259282829,62407,1012636221,5,0,True,2049043517,59544,1628429852,5,1,2,2,1,0,1,131024
330,True,2461016147,61519,2683174094,1,0,True,2721694330,59710,1923581392,3,1,1,1,2,0,1,65535
331,True,1045372549,64476,1915956312,4,0,True,2728399551,64902,327718471,4,1,1,2,1,0,1,65535
332,True,2811043841,59379,2441537620,5,0,True,2803789009,64068,3873353146,1,1,2,2,1,0,1,65535
333,True,280157962,59450,3186138241,2,0,True,1039443229,65275,3877188251,3,1,2,2,1,0,0,131048
334,True,1636792179,64148,3422176394,3,0,True,2904536799,63706,2859705011,2,1,2,2,1,0,0,65535
335,True,454116301,63296,2468963897,5,0,True,952976571,64464,2898622242,4,1,1,2,1,0,1,65535
336,True,2485787407,65300,1063623483,4,0,True,655184270,60284,997614674,3,1,1,2,1,0,0,65535
337,False,921392704,64590,1788756584,2,0,True,1324809752,65200,2278425187,4,1,1,2,1,0,1,0
338,True,2294829963,60748,3013620179,1,0,True,4213954204,64807,587500099,3,1,1,2,1,0,1,65535
339,True,606515427,60219,4144840733,5,0,True,2182117995,63694,1640353023,3,1,1,1,2,0,1,65535
340,True,1132903322,64221,2927102880,5,0,True,3136475350,60810,4189420155,2,1,1,2,1,0,0,0
341,True,110202412,59095,4155328475,5,0,False,3460697124,60830,3824183645,5,1,2,2,1,0,0,0
342,False,3045365877,59587,3945295651,4,0,True,2720322058,60474,447829606,2,1,2,1,1,0,1,0
343,True,2534034005,63102,1665374718,1,0,True,2732510224,64042,2962589919,3,1,2,1,1,0,0,65465
344,True,9431440,64398,2090346748,4,0,True,3024039158,61137,3627250832,1,1,2,2,1,0,0,0
345,True,742553687,61114,3223364055,1,0,True,2823606279,63675,4053382120,3,1,1,2,1,0,1,65535
346,False,3427648219,65091,2822971787,4,0,True,637730579,59289,2530348822,1,1,2,1,1,0,1,0
347,True,1104452991,61436,846624461,5,0,True,3761535578,65158,1757695213,4,1,2,2,1,0,0,131034
348,True,4088790028,62277,4105485910,2,0,True,3580831250,64562,2222626299,5,1,1,1,2,0,1,0
349,False,2815843725,59439,2526269906,2,0,True,4169719978,61102,894552749,4,1,2,1,1,0,1,0
350,True,2617137250,63017,1102386408,2,0,True,4055866864,63500,958178124,1,1,1,2,1,0,1,65535
351,True,2213685784,61848,3166037049,1,0,True,1812243829,60355,4132496048,2,1,1,2,1,0,0,65535
352,True,3928021777,64706,627520770,1,0,True,417594935,63553,2945545392,4,1,1,1,2,0,0,65535
353,True,847793299,59733,2656013874,1,0,True,2833340941,59984,4291968722,5,1,2,2,1,0,0,130550
354,True,18955567,63515,1721536907,5,0,True,1501198264,63582,509584689,4,1,2,1,1,0,0,65535
355,True,2395036703,65533,4075485335,1,0,True,3902231081,64545,3698734881,5,1,2,2,1,0,0,65535
356,False,4224237568,63421,1794332096,4,0,True,952773774,64695,474621568,5,1,2,1,1,0,1,0
357,True,1497801085,65254,1081391803,3,0,True,207520281,65183,959669009,2,1,1,1,2,0,1,64625
358,False,1800628178,62064,2767671161,3,0,True,59005076,62234,808505860,1,1,2,1,1,0,1,0
359,True,3189893517,64987,2749801613,5,0,True,2624953363,64754,635329698,3,1,1,2,1,0,0,65535
360,True,1055639613,60185,2355461650,5,0,True,2471135077,61350,3738494957,2,1,2,1,1,0,0,65479
361,True,3123440469,60536,4233588171,4,0,True,2830533143,63969,1226026439,1,1,2,2,1,0,1,0
362,True,1745221630,64427,1315266093,3,0,True,3424230608,62673,2727790725,4,1,2,2,1,0,0,0
363,True,461765225,61543,3230148064,3,0,True,1097548975,63645,2983541403,5,1,1,2,1,0,1,65535
364,True,1270140147,60440,2188089460,4,0,True,592815101,60606,2603147392,2,1,2,1,1,0,1,65535
365,True,1563715349,59890,2138059621,2,0,True,3754946476,62270,287742664,1,1,1,1,2,0,1,65535
366,True,2926960694,60974,2819381435,1,0,True,1561729253,62848,1903370370,5,1,2,1,1,0,1,0
367,True,3150994246,64134,4087681951,5,0,False,2060752567,62720,649612521,5,1,1,2,1,0,0,0
368,True,566943992,62336,3038667906,4,0,True,4103873800,63452,1812302877,2,1,2,2,1,0,0,130952
369,True,3889585962,59679,4101569940,3,0,True,2771096708,62825,3320496684,5,1,1,2,1,0,1,0
370,True,3939727035,60595,1539669430,2,0,True,1332683980,64053,44818902,4,1,2,2,1,0,1,0
371,True,3959737264,60415,1145374792,1,0,True,3703118076,59065,3924274096,5,1,2,1,1,0,1,65535
372,True,798226210,64168,2498939348,3,0,True,53406119,62216,1951761474,1,1,2,2,1,0,1,131002
373,True,1662622429,62452,927986492,5,0,True,3764013845,61293,3340960937,3,1,2,1,1,0,0,0
374,True,1428199169,62773,1838719271,3,0,True,2104954404,61683,2120929766,5,1,2,2,1,0,0,0
375,True,2402858052,61715,3772660412,5,0,True,1940948737,59977,450000208,1,1,1,1,2,0,1,65497
376,True,3549210129,61690,2841507080,2,0,True,617396261,61490,1190867806,2,1,2,2,1,0,1,130418
377,True,1121724384,61715,312656339,5,0,True,1912840105,63741,882314336,2,1,1,2,1,0,1,65535
378,False,1975639359,62284,3835154933,5,0,True,4269204589,61489,3134238933,1,1,1,2,1,0,1,0
379,True,3949183380,61813,280524894,2,0,True,4285527064,62743,51639377,1,1,2,1,1,0,0,65535
380,True,1629819760,63945,1809493434,5,0,True,313224401,60853,483682849,3,1,1,1,2,0,1,65514
381,True,404778723,64245,626892589,5,0,True,1282533836,63907,3870727325,4,1,2,1,1,0,0,0
382,True,2434947642,60018,3113955527,4,0,True,3672815067,59982,2900987776,2,1,1,1,2,0,1,65535
383,True,3530732322,61210,1924777719,5,0,False,1647280871,60456,3490372432,4,1,2,1,1,0,0,0
384,False,1184694773,59234,2164438467,2,0,False,4059202107,63605,1089461456,2,1,2,1,1,1,0,0
385,True,474268440,64045,198492217,5,0,False,275588921,60198,2403265657,4,1,2,1,1,0,0,0
386,True,449001228,65067,2443025538,3,0,True,3376761359,60999,3386155971,3,1,1,1,2,0,0,0
387,True,970647942,63186,194323644,5,0,True,2155802163,61196,548629967,3,1,1,2,1,0,0,0
388,True,686272488,64708,2554649343,2,0,False,3583065077,59297,1744284809,4,1,1,1,2,0,0,0
389,True,319719279,62052,2795489239,4,0,False,1450772362,62207,3993211755,2,1,1,1,2,0,0,0
390,True,1316298785,62997,3707506152,5,0,True,565820918,64429,2588621309,5,1,1,2,1,0,1,0
391,True,4155800652,62441,2959931603,5,0,True,1872843583,59708,1733901236,1,1,2,1,1,0,1,65511
392,True,764414676,62789,340631158,2,0,True,1254129947,60681,1840339798,1,1,1,2,1,0,0,0
393,True,2177603328,63639,2468466723,1,0,True,3856538296,61257,1686452676,2,1,1,1,2,0,1,65535
394,True,304857732,59323,2340573794,3,0,True,2277921687,65501,4182828800,5,1,2,1,1,0,0,65524
395,True,4207332871,63235,799343179,1,0,True,1957149743,62406,3470730192,4,1,1,2,1,0,0,65535
396,True,3859457022,59207,1919186235,5,0,True,2832423981,59146,2777488623,2,1,2,1,1,0,1,65535
397,False,161563565,64653,2427917059,1,0,True,1427671669,62419,4209015579,2,1,2,2,1,0,1,0
398,True,1194571896,61771,3535638791,3,0,True,3497527454,59329,2569204048,3,1,1,2,1,0,0,65535
399,True,1084935010,61402,688576777,5,0,True,965698439,61907,2455706513,4,1,1,2,1,0,1,65535
400,True,1048491194,59190,3188412739,4,0,True,2699730387,62875,861635809,4,1,1,1,2,0,1,65535
401,True,3630377208,64561,1721890925,5,0,True,2633674891,60153,626907549,3,1,1,2,1,0,0,65535
402,True,1418310549,61816,2969112981,4,0,True,4162681167,64330,3070039393,4,1,2,1,1,0,0,65509
403,True,3996138992,60589,2798035859,1,0,True,3750243514,60086,3642089337,3,1,2,1,1,0,1,65535
404,True,421876702,60208,4080386415,1,0,True,2479103568,63534,1395838756,1,1,2,2,1,0,0,131030
405,True,3963769470,61070,176434278,2,0,True,1001356686,61980,3225466190,5,1,2,2,1,0,1,65535
406,True,1346926265,59380,4249739447,4,0,True,2943215397,59163,2171576127,5,1,1,1,2,0,1,65535
407,True,2230767214,64502,3554938117,4,0,True,2864207454,62645,1129261768,4,1,1,2,1,0,0,65535
408,True,2188878567,64145,4052011018,5,0,True,4006908431,59995,772313514,1,1,1,1,2,0,1,65535
409,True,3682125337,59077,3752115140,4,0,False,1118896182,65227,3878466706,4,1,2,2,1,0,0,0
410,True,3613800885,62095,786489739,5,0,True,2855499526,59780,1733292690,2,1,1,2,1,0,0,65535
411,True,3478810642,64738,178652969,2,0,True,3205084722,64600,256176816,4,1,2,1,1,0,1,65535
412,True,164444057,63662,3728535157,5,0,True,2838047453,62912,1410163105,4,1,1,2,1,0,0,65535
413,False,1406957255,61931,2925467516,2,0,True,3703607017,60831,1976889831,2,1,2,1,1,0,1,0
414,True,1372398659,64770,536087180,5,0,True,775738642,60153,3016646666,5,1,2,1,1,0,1,65535
415,True,3852296020,61635,2580476354,2,0,False,4029609302,59668,686458785,1,1,2,1,1,0,0,0
416,True,4191698144,64433,3075942143,5,0,False,2209211082,59438,135292684,3,1,1,1,2,0,0,0
417,True,2786059076,59383,1901754914,3,0,True,3304339078,65066,1835436015,1,1,2,1,1,0,0,65535
418,True,3562871002,60697,1148914656,3,0,True,1364632395,60508,2531022425,5,1,2,2,1,0,1,130380
419,True,3434223025,61241,1211616388,5,0,True,2031854627,64057,3162285628,1,1,2,1,1,0,1,65535
420,True,3906254494,63183,3987037642,5,0,True,1530986983,64266,2179590249,1,1,1,1,2,0,1,0
421,True,470284019,64454,785319808,1,0,True,3730990452,61554,933770311,5,1,2,1,1,0,0,0
422,True,2936588981,59548,1282085791,4,0,True,1743739390,65001,3066399894,2,1,2,1,1,0,1,65535
423,True,978221361,64174,3134271477,4,0,False,3511533635,63379,2326743241,3,1,1,1,2,0,0,0
424,False,1542148918,62071,3012116255,2,0,True,3258223902,62484,4076338950,4,1,2,1,1,0,1,0
425,False,3488051009,61674,3130852690,2,0,True,193177561,62187,2212865667,3,1,1,2,1,0,1,0
426,True,185477528,61742,1077338927,4,0,True,1527625576,60963,1483811501,2,1,2,1,1,0,0,0
427,True,431867198,62683,220428414,5,0,True,2397208019,62627,571073448,1,1,2,2,1,0,0,0
428,False,270590524,63079,3931392592,1,0,True,1838278100,59966,565133748,5,1,1,2,1,0,1,0
429,True,1896816247,64136,2971802614,4,0,True,1542416223,59739,1673272521,4,1,2,1,1,0,1,65520
430,True,3595532286,61428,3998726727,3,0,False,907527186,64988,3531135223,4,1,2,2,1,0,0,0
431,True,1866307058,64985,1449127585,2,0,True,1631252010,60388,3320545858,1,1,1,2,1,0,0,65535
432,True,2487287327,63165,1110400571,5,0,True,315423557,64559,1570652876,5,1,2,1,1,0,1,65535
433,True,3189430896,65363,2938929439,4,0,True,1265067640,63092,1026289098,4,1,1,1,2,0,1,65506
434,True,3497610575,60340,2083667973,3,0,False,4083322752,60122,2078511113,3,1,1,2,1,0,0,0
435,True,3190228320,59736,3036683946,4,0,True,2796860395,60213,3336484976,5,1,2,2,1,0,1,65535
436,True,1989131516,59363,678572403,3,0,True,2120723247,61683,3534205609,2,1,2,2,1,0,0,131014
437,True,1821455326,65108,1705590664,5,0,True,3840159208,62567,364928355,4,1,2,2,1,0,0,65535
438,True,2578280689,60580,1147717661,4,0,True,2485606908,64408,542264899,1,1,2,1,1,0,1,0
439,True,3960277316,63355,1503986342,2,0,True,3077324253,63364,377718995,1,1,2,1,1,0,1,0
440,True,1847372077,63581,737407687,4,0,False,3213506022,60813,1116496618,3,1,2,2,1,0,0,0
441,True,2220722190,63974,672242369,4,0,True,3941824587,62719,3106788261,5,1,1,1,2,0,0,0
442,True,793378649,59801,1937069006,2,0,True,3572474671,63950,707215327,4,1,1,2,1,0,1,65535
443,False,489853141,61002,238331075,3,0,True,3185378285,60891,3810655639,4,1,1,2,1,0,1,0
444,True,2609324935,61064,2109971720,1,0,True,2809991361,63260,70002129,5,1,1,2,1,0,1,65535
445,True,4022466971,63271,4268271696,5,0,True,1342520785,61939,1933268685,4,1,2,2,1,0,1,130972
446,True,4147180865,60308,3395669230,2,0,True,1280821362,61182,1889448144,4,1,1,2,1,0,1,0
447,False,4151318639,59322,272796222,5,0,False,139253956,64715,2781654703,3,1,1,2,1,1,0,0
448,True,2884863517,62968,2591577333,3,0,True,2751454602,62584,1339366387,4,1,1,1,2,0,1,65365
449,False,888892572,61472,2859902942,2,0,True,4016895993,61070,3487932590,1,1,2,1,1,0,1,0
450,True,408499406,63031,2562456008,3,0,True,3915760414,60538,2886369832,3,1,2,1,1,0,0,0
451,True,1445804682,60266,4027666255,4,0,True,1257840921,64110,3345650112,2,1,2,2,1,0,1,0
452,True,2275340541,61528,3184166744,1,0,True,1354580033,63546,1484435181,1,1,2,1,1,0,1,0
453,True,44326869,59042,803141856,4,0,True,1248717379,62807,1058847366,5,1,2,1,1,0,0,65518
454,False,2209556826,60607,2707312708,3,0,True,1041212980,59534,2532685960,3,1,2,1,1,0,1,0
455,True,4234910524,61594,3609752774,2,0,True,2259033673,61706,1743886059,3,1,2,2,1,0,1,0
456,True,4228788245,65396,2765357863,1,0,True,2988400871,63174,616868514,5,1,2,1,1,0,1,65506
457,False,2619781632,61954,3438364461,1,0,True,4249593099,63732,737073048,3,1,1,2,1,0,1,0
458,True,1143024540,65524,977269149,2,0,True,614279634,59678,3852693189,3,1,1,1,2,0,0,65535
459,True,2971379043,60365,3379246251,4,0,True,563545814,60415,3913388824,1,1,1,1,2,0,0,65535
460,True,1557825815,60438,2149711226,4,0,True,1504059812,60401,4003654002,2,1,1,1,2,0,0,65535
461,True,3036273406,62564,2353406932,1,0,True,2762714745,59548,459657157,5,1,1,2,1,0,0,65535
462,True,2561801733,62247,717541200,1,0,True,3345578153,62506,428287706,1,1,2,2,1,0,0,130566
463,True,1773928178,62538,557000248,5,0,True,513186161,63467,1922350935,4,1,2,2,1,0,1,65535
464,True,1194315367,63674,654524784,2,0,True,4218034013,65392,2308768392,5,1,1,2,1,0,1,65535
465,False,3542460022,65396,3758324344,4,0,True,806960765,64151,2638235888,2,1,1,2,1,0,1,0
466,True,1144922693,65246,3808927953,1,0,False,1202737384,64885,611706432,5,1,2,1,1,0,0,0
467,True,3857125150,65003,1629840341,3,0,False,768715503,62929,1957848608,2,1,2,1,1,0,0,0
468,True,1909832204,61484,615174376,4,0,True,1294119688,59687,1931747052,5,1,2,1,1,0,1,65535
469,True,1968904213,59726,3881713991,1,0,False,2641240131,62559,354416331,1,1,2,1,1,0,0,0
470,True,2149880166,63163,2861086854,1,0,True,558385887,59165,1662722400,4,1,1,2,1,0,0,65535
471,True,3306838913,59221,1247423265,1,0,True,3540082170,62747,2088348687,3,1,2,1,1,0,0,65516
472,True,1173205978,62573,751961385,2,0,True,2109120247,64570,1624104217,2,1,1,1,2,0,0,65502
473,True,4157098240,62867,513701854,3,0,True,897698403,65120,995024799,1,1,2,1,1,0,1,65535
474,True,2584614289,61349,2561995261,3,0,False,1570161351,59950,2267748448,3,1,1,1,2,0,0,0
475,True,2884980874,64101,4012050927,5,0,True,300379044,61700,1948086241,3,1,1,2,1,0,0,65535
476,True,887773668,64794,978279941,5,0,True,3175914161,59179,2825993648,3,1,2,2,1,0,0,0
477,True,4269082808,60608,3841125145,2,0,True,1919561369,60247,667231288,1,1,2,2,1,0,1,130708
478,True,243150273,59815,3606940499,5,0,False,2142461427,65324,1137547139,3,1,1,2,1,0,0,0
479,True,3281060099,61020,1966815186,4,0,True,861605262,59685,3710462802,1,1,2,2,1,0,1,130972
480,True,2169466977,61945,1458825950,4,0,True,2966435283,62890,2593498759,3,1,1,2,1,0,1,65535
481,True,4084129925,60818,3900300821,1,0,False,3548686603,63531,802203349,2,1,2,1,1,0,0,0
482,True,3225043141,62552,3998692062,3,0,True,4263820115,64660,760901361,1,1,2,2,1,0,0,131008
483,True,502763194,61174,4260979184,2,0,True,2736010609,65203,220470478,2,1,2,2,1,0,0,131038
484,True,4248819707,61549,3157100836,4,0,False,1314924033,63778,2814260576,4,1,1,1,2,0,0,0
485,True,2350447030,61994,3518911453,2,0,True,681955394,62058,3179923153,4,1,2,2,1,0,1,0
486,True,1118353724,65153,3136977956,5,0,True,1290948956,64718,3262741429,2,1,1,2,1,0,0,0
487,False,3280860468,60909,4064201714,4,0,True,3599936728,63709,490824645,5,1,1,2,1,0,1,0
488,False,960273664,62458,610978518,3,0,True,3591773539,63863,2523232181,4,1,2,1,1,0,1,0
489,True,46732782,61368,1819320824,5,0,True,123175295,63651,2163157225,4,1,1,1,2,0,0,65506
490,True,2016457085,60557,4190113974,5,0,True,1738130133,59581,1169897238,1,1,2,1,1,0,1,65468
491,True,405471921,60343,2098361032,1,0,True,2162141370,60464,4239303559,4,1,1,2,1,0,1,65535
492,True,2416012059,60818,2885669374,4,0,True,3520258450,60065,1546486209,2,1,1,2,1,0,0,65535
493,True,2294216333,60226,3074159151,3,0,True,1798318079,65445,398683229,4,1,2,2,1,0,1,0
494,True,506451485,63520,3818121422,4,0,True,2619880775,62171,2938293216,4,1,1,1,2,0,1,65535
495,True,133062775,61274,3004043703,5,0,True,473691173,61396,2878780315,3,1,2,1,1,0,0,65535
496,True,861782128,60097,3341254715,5,0,True,116662488,62965,3494857306,2,1,1,1,2,0,0,65535
497,True,1452367638,60670,612723781,5,0,True,3913412892,60041,2983551858,3,1,2,1,1,0,0,0
498,False,4068259262,64485,795673866,4,0,True,2869571160,64315,1260522513,5,1,2,2,1,0,1,0
499,True,4023562709,60646,2587657423,5,0,True,3036152450,59333,804133603,1,1,2,2,1,0,1,130970
500,True,2540495615,63216,1818262816,1,0,True,1909257153,62210,1741050906,5,1,2,1,1,0,1,65470
501,True,4059818022,63969,1014431835,3,0,True,3870978093,61408,2381809632,3,1,2,1,1,0,1,65535
502,True,4248183974,62113,621218231,4,0,False,2086845470,59278,661692315,4,1,1,1,2,0,0,0
503,True,3466922843,59504,1998222676,3,0,True,953116740,61339,1396155416,4,1,2,1,1,0,1,0
504,True,4172627731,63041,1374995070,3,0,True,2535326771,61580,2127917118,2,1,1,1,2,0,0,65535
505,True,1805996600,65258,2313327441,4,0,True,3185073199,64098,1451667050,2,1,1,2,1,0,0,65535
506,True,3044411794,62242,3721196423,5,0,True,2025949483,64892,2601345133,2,1,2,2,1,0,1,0
507,True,700566325,61628,349553925,3,0,True,1096683713,60931,3669451300,3,1,2,1,1,0,0,0
508,True,2598496061,61683,3840201300,5,0,True,1361950052,61883,2364011937,3,1,2,2,1,0,1,0
509,True,839191492,60877,3978514211,1,0,True,4102012200,59525,2054149562,4,1,2,2,1,0,0,65535
510,False,1907576941,63114,1931862322,3,0,True,503059709,60208,3313094895,5,1,1,1,2,0,1,0
511,True,2052481884,63596,4243434434,1,0,True,3340898195,63990,3586106460,5,1,2,2,1,0,0,130738
512,True,3229997427,61707,123232321,2,0,True,896819998,61292,3788819174,3,1,1,2,1,0,0,65535
513,True,1440501965,61779,1465173564,3,0,True,1622623649,64390,4135706661,3,1,2,2,1,0,0,131020
514,True,1756140581,63074,1017908370,4,0,True,3027427640,64679,1936984532,4,1,1,1,2,0,0,65494
515,True,2086612775,61159,3040310789,5,0,True,2478425127,61262,3123072469,2,1,1,2,1,0,1,65535
516,True,1391414976,60554,2157826561,5,0,True,999937204,62820,1552048863,1,1,1,1,2,0,1,0
517,True,2843579877,63987,1001057621,2,0,True,3483013045,59241,2330749016,5,1,1,1,2,0,0,0
518,True,1713563170,59775,1710221820,2,0,True,283649014,62124,2254778207,2,1,2,2,1,0,1,65535
