case_id,category,profile_index,profile_payload_hex,key_count,fidelity_unorm16,key_rate_uq8_8,qber_unorm16,expected_weight_uq16_16_hex,expected_feasible,terms_hex
0,finite_exact,0,13329,16,65535,256,0,00021000,1,1000:18000:8000:0
1,finite_exact,0,13329,15,64225,384,328,0001F0CB,1,1111:187D5:5555:290
2,finite_exact,0,13329,14,62914,512,655,0001E766,1,1249:18FFF:4000:51E
3,finite_exact,0,13329,13,61603,640,983,0001E715,1,13B1:19883:3333:7AE
4,finite_exact,0,13329,12,60292,768,1311,0001EBA3,1,1555:1A165:2AAB:A3E
5,finite_exact,0,13329,11,58982,896,1638,0001F34E,1,1746:1AAAA:2492:CCC
6,finite_exact,0,13329,10,57671,1024,1966,0001FD53,1,199A:1B45D:2000:F5C
7,finite_exact,0,13329,9,56360,1152,2294,00020953,1,1C72:1BE83:1C72:11EC
8,finite_exact,0,13329,8,55049,1280,2621,00021739,1,2000:1C925:199A:147A
9,finite_exact,0,13329,7,53739,1408,2949,0002272C,1,2492:1D44A:1746:170A
10,finite_exact,0,13329,6,52428,1536,3277,0002399A,1,2AAB:1E000:1555:199A
11,finite_exact,0,13329,5,51117,1664,3604,00024F5C,1,3333:1EC50:13B1:1C28
12,infeasible_zero_key,0,13329,0,65535,256,0,FFFFFFFF,0,
13,infeasible_zero_fidelity,0,13329,1,0,256,0,FFFFFFFF,0,
14,infeasible_zero_rate,0,13329,1,65535,0,0,FFFFFFFF,0,
15,infeasible_zero_key_fidelity_rate,0,13329,0,0,0,65535,FFFFFFFF,0,
16,finite_saturation,0,13329,1,1,1,65535,FFFFFFFE,1,10000:17FFE8000:800000:20000
17,finite_exact,0,13329,1,2,1,65534,C0823FFE,1,10000:BFFF4000:800000:1FFFE
18,finite_exact,0,13329,1,65535,1,0,00828000,1,10000:18000:800000:0
19,finite_saturation,0,13329,65535,1,65535,65535,FFFFFFFE,1,1:17FFE8000:80:20000
20,finite_exact,0,13329,65535,65535,65535,0,00018081,1,1:18000:80:0
21,finite_exact,0,13329,2,32768,128,32768,00057FFE,1,8000:2FFFD:10000:10001
22,finite_exact,0,13329,3,58982,256,6554,0002B333,1,5555:1AAAA:8000:3334
23,finite_exact,0,13329,16,65535,65535,65535,00039080,1,1000:18000:80:20000
24,finite_exact,0,13329,4,32767,257,1,0003BF85,1,4000:30003:7F80:2
25,finite_exact,0,13329,8,65534,256,0,00022002,1,2000:18002:8000:0
26,finite_exact,0,13329,16,32768,1024,32767,00042FFC,1,1000:2FFFD:2000:FFFF
27,finite_exact,0,13329,1024,65534,128,65534,00048040,1,40:18002:10000:1FFFE
28,finite_exact,0,13329,8,32768,1,32767,00841FFC,1,2000:2FFFD:800000:FFFF
29,finite_exact,0,13329,15,2,127,1,C0005317,1,1111:BFFF4000:10204:2
30,finite_exact,0,13329,31,2,257,65534,C001C7C0,1,842:BFFF4000:7F80:1FFFE
31,finite_exact,0,13329,16,65535,1024,32768,0002B001,1,1000:18000:2000:10001
32,finite_exact,0,13329,1,65534,256,32768,00040003,1,10000:18002:8000:10001
33,finite_exact,0,13329,1,3,65535,1,80008082,1,10000:7FFF8000:80:2
34,finite_exact,0,13329,8,65535,65535,2,0001A084,1,2000:18000:80:4
35,finite_exact,0,13329,1024,65535,1024,65535,0003A040,1,40:18000:2000:20000
36,finite_saturation,0,13329,3,1,257,32768,FFFFFFFE,1,5555:17FFE8000:7F80:10001
37,finite_exact,0,13329,2,3,257,32767,80017F7F,1,8000:7FFF8000:7F80:FFFF
38,finite_exact,0,13329,255,32768,127,1,00040304,1,101:2FFFD:10204:2
39,finite_exact,0,13329,2,32768,256,65535,0005FFFD,1,8000:2FFFD:8000:20000
40,finite_saturation,0,13329,1,1,127,2,FFFFFFFE,1,10000:17FFE8000:10204:4
41,finite_saturation,0,13329,15,1,1,65535,FFFFFFFE,1,1111:17FFE8000:800000:20000
42,finite_exact,0,13329,1024,2,127,32768,C0014245,1,40:BFFF4000:10204:10001
43,finite_exact,0,13329,1,32767,127,1,00050209,1,10000:30003:10204:2
44,finite_exact,0,13329,65535,2,128,2,C0004005,1,1:BFFF4000:10000:4
45,finite_exact,0,13329,8,65534,256,32767,00032001,1,2000:18002:8000:FFFF
46,finite_exact,0,13329,1024,32768,255,2,000380C2,1,40:2FFFD:8081:4
47,finite_exact,0,13329,31,58982,127,65534,0004B4EE,1,842:1AAAA:10204:1FFFE
48,finite_exact,0,13329,16,32767,3,65535,002FBAAE,1,1000:30003:2AAAAB:20000
49,finite_exact,0,13329,31,3,257,0,800007C2,1,842:7FFF8000:7F80:0
50,finite_exact,0,13329,255,65535,127,65534,00048303,1,101:18000:10204:1FFFE
51,finite_exact,0,13329,7,65535,65535,65535,0003A512,1,2492:18000:80:20000
52,finite_exact,0,13329,15,65535,3,1,002C3BBE,1,1111:18000:2AAAAB:2
53,finite_saturation,0,13329,16,1,127,2,FFFFFFFE,1,1000:17FFE8000:10204:4
54,finite_exact,0,13329,1,65535,255,65534,0005007F,1,10000:18000:8081:1FFFE
55,finite_exact,0,13329,15,32768,65535,32767,0004118D,1,1111:2FFFD:80:FFFF
56,finite_exact,0,13329,4,3,2,32767,8040BFFF,1,4000:7FFF8000:400000:FFFF
57,finite_exact,0,13329,7,2,1024,65534,C0018490,1,2492:BFFF4000:2000:1FFFE
58,finite_exact,0,13329,1024,65534,256,65535,00040042,1,40:18002:8000:20000
59,finite_saturation,0,13329,15,1,256,65535,FFFFFFFE,1,1111:17FFE8000:8000:20000
60,finite_exact,0,13329,8,65534,1024,1,0001C004,1,2000:18002:2000:2
61,finite_saturation,0,13329,7,1,1024,65535,FFFFFFFE,1,2492:17FFE8000:2000:20000
62,finite_exact,0,13329,15,3,255,0,80001192,1,1111:7FFF8000:8081:0
63,finite_saturation,0,13329,7,1,255,1,FFFFFFFE,1,2492:17FFE8000:8081:2
64,finite_exact,0,13329,15,32768,65535,32767,0004118D,1,1111:2FFFD:80:FFFF
65,finite_exact,0,13329,2,58982,1,65535,00842AAA,1,8000:1AAAA:800000:20000
66,finite_exact,0,13329,1024,2,128,0,C0004040,1,40:BFFF4000:10000:0
67,finite_saturation,0,13329,3,1,3,32767,FFFFFFFE,1,5555:17FFE8000:2AAAAB:FFFF
68,finite_exact,0,13329,2,65534,128,1,00030004,1,8000:18002:10000:2
69,finite_exact,0,13329,65535,65535,3,32767,002D2AAB,1,1:18000:2AAAAB:FFFF
70,finite_exact,0,13329,65535,3,256,1,80000003,1,1:7FFF8000:8000:2
71,finite_exact,0,13329,31,32768,1,32767,0084083E,1,842:2FFFD:800000:FFFF
72,finite_exact,0,13329,31,2,256,0,BFFFC842,1,842:BFFF4000:8000:0
73,finite_exact,0,13329,1024,3,127,32768,80018245,1,40:7FFF8000:10204:10001
74,finite_saturation,0,13329,8,1,257,0,FFFFFFFE,1,2000:17FFE8000:7F80:0
75,finite_exact,0,13329,2,3,257,32767,80017F7F,1,8000:7FFF8000:7F80:FFFF
76,finite_exact,0,13329,7,2,3,65535,C02C0F3D,1,2492:BFFF4000:2AAAAB:20000
77,finite_exact,0,13329,2,58982,2,0,00422AAA,1,8000:1AAAA:400000:0
78,finite_exact,0,13329,1024,32768,65535,32768,000400BE,1,40:2FFFD:80:10001
79,finite_exact,0,13329,15,65535,257,0,00021091,1,1111:18000:7F80:0
80,finite_exact,0,13329,4,32768,127,1,00044203,1,4000:2FFFD:10204:2
81,finite_exact,0,13329,31,2,128,32767,C0014841,1,842:BFFF4000:10000:FFFF
82,finite_exact,0,13329,65535,2,257,65535,C001BF81,1,1:BFFF4000:7F80:20000
83,finite_exact,0,13329,15,32768,1024,65535,0005310E,1,1111:2FFFD:2000:20000
84,finite_saturation,0,13329,4,1,1,65535,FFFFFFFE,1,4000:17FFE8000:800000:20000
85,finite_exact,0,13329,8,32767,65535,32768,00042084,1,2000:30003:80:10001
86,finite_exact,0,13329,7,3,128,65534,8002A490,1,2492:7FFF8000:10000:1FFFE
87,finite_exact,0,13329,3,2,256,32768,C0011556,1,5555:BFFF4000:8000:10001
88,finite_exact,0,13329,2,65534,257,2,00027F86,1,8000:18002:7F80:4
89,finite_exact,0,13329,31,3,1024,1,7FFFA844,1,842:7FFF8000:2000:2
90,finite_exact,0,13329,2,2,128,65534,C002BFFE,1,8000:BFFF4000:10000:1FFFE
91,finite_exact,0,13329,8,65535,255,2,00022085,1,2000:18000:8081:4
92,finite_exact,0,13329,8,2,2,65535,C0416000,1,2000:BFFF4000:400000:20000
93,finite_exact,0,13329,2,65534,256,65535,00048002,1,8000:18002:8000:20000
94,finite_exact,0,13329,8,32768,127,32767,00052200,1,2000:2FFFD:10204:FFFF
95,finite_exact,0,13329,255,65534,255,2,00020188,1,101:18002:8081:4
96,finite_exact,0,13329,65535,65535,3,0,002C2AAC,1,1:18000:2AAAAB:0
97,finite_exact,0,13329,65535,32768,2,32768,0043FFFF,1,1:2FFFD:400000:10001
98,finite_exact,0,13329,1024,65534,128,65535,00048042,1,40:18002:10000:20000
99,finite_exact,0,13329,65535,32768,1,0,0082FFFE,1,1:2FFFD:800000:0
100,finite_exact,0,13329,15,65534,256,32768,00031114,1,1111:18002:8000:10001
101,finite_exact,0,13329,16,65535,1024,0,0001B000,1,1000:18000:2000:0
102,finite_exact,0,13329,31,65535,256,65535,00040842,1,842:18000:8000:20000
103,finite_exact,0,13329,1,2,257,32768,C001BF81,1,10000:BFFF4000:7F80:10001
104,finite_exact,0,13329,255,3,128,65534,800280FF,1,101:7FFF8000:10000:1FFFE
105,finite_exact,0,13329,2,32767,255,2,00040088,1,8000:30003:8081:4
106,finite_saturation,0,13329,31,1,1,1,FFFFFFFE,1,842:17FFE8000:800000:2
107,finite_exact,0,13329,7,58982,2,32767,0042CF3B,1,2492:1AAAA:400000:FFFF
108,finite_exact,0,13329,3,65534,257,32768,000354D8,1,5555:18002:7F80:10001
109,finite_exact,0,13329,65535,3,1024,65535,8001A001,1,1:7FFF8000:2000:20000
110,finite_exact,0,13329,2,3,65535,2,80000084,1,8000:7FFF8000:80:4
111,finite_saturation,0,13329,1024,1,127,2,FFFFFFFE,1,40:17FFE8000:10204:4
112,finite_exact,0,13329,4,65534,1,65535,0083C002,1,4000:18002:800000:20000
113,finite_exact,0,13329,1024,32767,1,32767,00840042,1,40:30003:800000:FFFF
114,finite_saturation,0,13329,1024,1,2,2,FFFFFFFE,1,40:17FFE8000:400000:4
115,finite_exact,0,13329,16,65534,3,0,002C3AAD,1,1000:18002:2AAAAB:0
116,finite_exact,0,13329,255,65534,257,32767,00030082,1,101:18002:7F80:FFFF
117,finite_exact,0,13329,8,32768,127,32767,00052200,1,2000:2FFFD:10204:FFFF
118,finite_exact,0,13329,31,58982,256,32767,000332EB,1,842:1AAAA:8000:FFFF
119,finite_exact,0,13329,1,3,128,65534,80037FFE,1,10000:7FFF8000:10000:1FFFE
120,finite_exact,0,13329,3,65535,3,1,002C8002,1,5555:18000:2AAAAB:2
121,finite_exact,0,13329,2,32767,1,32768,00848004,1,8000:30003:800000:10001
122,finite_exact,0,13329,16,3,255,1,80001083,1,1000:7FFF8000:8081:2
123,finite_exact,0,13329,4,2,257,1,BFFFFF82,1,4000:BFFF4000:7F80:2
124,finite_exact,0,13329,15,32768,3,65535,002FBBB9,1,1111:2FFFD:2AAAAB:20000
125,finite_exact,0,13329,15,58982,65535,0,0001BC3B,1,1111:1AAAA:80:0
126,finite_exact,0,13329,8,65535,1024,32767,0002BFFF,1,2000:18000:2000:FFFF
127,finite_exact,0,13329,1024,65535,65535,65534,000380BE,1,40:18000:80:1FFFE
128,finite_exact,0,13329,7,3,255,2,80002517,1,2492:7FFF8000:8081:4
129,finite_exact,0,13329,1,65535,255,32768,00040082,1,10000:18000:8081:10001
130,finite_exact,0,13329,1,58982,257,2,00032A2E,1,10000:1AAAA:7F80:4
131,finite_exact,0,13329,7,3,3,65535,802C4F3D,1,2492:7FFF8000:2AAAAB:20000
132,finite_exact,0,13329,3,2,65535,2,BFFF95D9,1,5555:BFFF4000:80:4
133,finite_exact,0,13329,8,32768,1024,32768,00043FFE,1,2000:2FFFD:2000:10001
134,finite_exact,0,13329,8,32767,1024,65535,00054003,1,2000:30003:2000:20000
135,finite_exact,0,13329,31,32768,257,2,000387C3,1,842:2FFFD:7F80:4
136,finite_exact,0,13329,15,65535,1,1,00819113,1,1111:18000:800000:2
137,finite_exact,0,13329,2,2,1024,32768,C000E001,1,8000:BFFF4000:2000:10001
138,finite_exact,0,13329,15,65534,3,32767,002D3BBD,1,1111:18002:2AAAAB:FFFF
139,finite_exact,0,13329,8,32767,255,2,0003A088,1,2000:30003:8081:4
140,finite_exact,0,13329,2,58982,255,65535,0004AB2B,1,8000:1AAAA:8081:20000
141,finite_exact,0,13329,2,2,255,65535,C0024081,1,8000:BFFF4000:8081:20000
142,finite_exact,0,13329,8,2,256,65535,C001E000,1,2000:BFFF4000:8000:20000
143,finite_exact,0,13329,16,32768,255,65535,0005907E,1,1000:2FFFD:8081:20000
144,finite_exact,0,13329,8,2,127,32767,C0016203,1,2000:BFFF4000:10204:FFFF
145,finite_exact,0,13329,7,32767,1024,32767,00044494,1,2492:30003:2000:FFFF
146,finite_saturation,0,13329,255,1,1,1,FFFFFFFE,1,101:17FFE8000:800000:2
147,finite_exact,0,13329,255,3,65535,65534,8001817F,1,101:7FFF8000:80:1FFFE
148,finite_exact,0,13329,7,65534,2,32767,0042A493,1,2492:18002:400000:FFFF
149,finite_exact,0,13329,31,58982,128,65534,0004B2EA,1,842:1AAAA:10000:1FFFE
150,finite_exact,0,13329,255,65535,127,65535,00048305,1,101:18000:10204:20000
151,finite_exact,0,13329,1024,58982,3,65535,002E5595,1,40:1AAAA:2AAAAB:20000
152,finite_exact,0,13329,1024,32767,256,1,00038045,1,40:30003:8000:2
153,finite_exact,0,13329,255,65535,65535,32768,00028182,1,101:18000:80:10001
154,finite_exact,0,13329,255,65534,3,1,002C2BB0,1,101:18002:2AAAAB:2
155,finite_exact,0,13329,2,32768,1024,2,0003A001,1,8000:2FFFD:2000:4
156,finite_exact,0,13329,255,65535,2,1,00418103,1,101:18000:400000:2
157,finite_exact,0,13329,8,65535,3,2,002C4AAF,1,2000:18000:2AAAAB:4
158,finite_exact,0,13329,2,32767,127,65534,00068205,1,8000:30003:10204:1FFFE
159,finite_exact,0,13329,8,3,2,32768,8040A001,1,2000:7FFF8000:400000:10001
160,finite_exact,0,13329,31,32768,257,32768,000487C0,1,842:2FFFD:7F80:10001
161,finite_exact,0,13329,1024,3,256,0,80000040,1,40:7FFF8000:8000:0
162,finite_saturation,0,13329,31,1,127,2,FFFFFFFE,1,842:17FFE8000:10204:4
163,finite_exact,0,13329,1024,65535,127,0,00028244,1,40:18000:10204:0
164,finite_exact,0,13329,1024,3,257,0,7FFFFFC0,1,40:7FFF8000:7F80:0
165,finite_exact,0,13329,15,2,3,2,C029FBC0,1,1111:BFFF4000:2AAAAB:4
166,finite_saturation,0,13329,65535,1,1,32767,FFFFFFFE,1,1:17FFE8000:800000:FFFF
167,finite_exact,0,13329,16,32767,128,2,00041007,1,1000:30003:10000:4
168,finite_exact,0,13329,4,32768,128,32767,00053FFC,1,4000:2FFFD:10000:FFFF
169,finite_exact,0,13329,3,3,255,32767,800155D5,1,5555:7FFF8000:8081:FFFF
170,finite_exact,0,13329,15,32767,256,1,00039116,1,1111:30003:8000:2
171,finite_exact,0,13329,15,2,2,32768,C0405112,1,1111:BFFF4000:400000:10001
172,finite_exact,0,13329,7,2,1,32767,C0806491,1,2492:BFFF4000:800000:FFFF
173,finite_saturation,0,13329,8,1,65535,65535,FFFFFFFE,1,2000:17FFE8000:80:20000
174,finite_exact,0,13329,31,3,257,65534,800207C0,1,842:7FFF8000:7F80:1FFFE
175,finite_saturation,0,13329,2,1,256,65534,FFFFFFFE,1,8000:17FFE8000:8000:1FFFE
176,finite_exact,0,13329,15,65534,3,2,002C3BC2,1,1111:18002:2AAAAB:4
177,finite_exact,0,13329,1024,65534,65535,2,000180C6,1,40:18002:80:4
178,finite_exact,0,13329,4,65534,255,1,00024085,1,4000:18002:8081:2
179,finite_exact,0,13329,255,65534,127,32768,00038308,1,101:18002:10204:10001
180,finite_exact,0,13329,4,32768,128,1,00043FFF,1,4000:2FFFD:10000:2
181,finite_exact,0,13329,65535,32768,256,32768,00047FFF,1,1:2FFFD:8000:10001
182,finite_exact,0,13329,16,65534,1024,1,0001B004,1,1000:18002:2000:2
183,finite_exact,0,13329,255,58982,255,1,00022C2E,1,101:1AAAA:8081:2
184,finite_exact,0,13329,1,65534,2,0,00428002,1,10000:18002:400000:0
185,finite_exact,0,13329,15,3,257,2,80001095,1,1111:7FFF8000:7F80:4
186,finite_exact,0,13329,3,2,128,32767,C0019554,1,5555:BFFF4000:10000:FFFF
187,finite_exact,0,13329,31,65535,1024,32767,0002A841,1,842:18000:2000:FFFF
188,finite_exact,0,13329,2,65535,256,65535,00048000,1,8000:18000:8000:20000
189,finite_saturation,0,13329,15,1,65535,32768,FFFFFFFE,1,1111:17FFE8000:80:10001
190,finite_exact,0,13329,1,32768,2,65535,0045FFFD,1,10000:2FFFD:400000:20000
191,finite_exact,0,13329,1024,3,257,1,7FFFFFC2,1,40:7FFF8000:7F80:2
192,finite_exact,0,13329,2,32768,127,32768,00058202,1,8000:2FFFD:10204:10001
193,finite_exact,0,13329,16,2,1,65534,C0814FFE,1,1000:BFFF4000:800000:1FFFE
194,finite_exact,0,13329,16,58982,256,65534,00043AA8,1,1000:1AAAA:8000:1FFFE
195,finite_exact,0,13329,1024,58982,65535,65534,0003AB68,1,40:1AAAA:80:1FFFE
196,finite_saturation,0,13329,65535,1,255,65534,FFFFFFFE,1,1:17FFE8000:8081:1FFFE
197,finite_exact,0,13329,31,32767,127,32768,00050A4A,1,842:30003:10204:10001
198,finite_exact,0,13329,4,2,128,1,C0008002,1,4000:BFFF4000:10000:2
199,finite_exact,0,13329,1,32768,257,32768,00057F7E,1,10000:2FFFD:7F80:10001
200,finite_saturation,0,13329,3,1,128,65535,FFFFFFFE,1,5555:17FFE8000:10000:20000
201,finite_exact,0,13329,31,3,255,65535,800208C3,1,842:7FFF8000:8081:20000
202,finite_exact,0,13329,7,2,255,2,BFFFE517,1,2492:BFFF4000:8081:4
203,finite_exact,0,13329,16,3,257,65534,80020F7E,1,1000:7FFF8000:7F80:1FFFE
204,finite_saturation,0,13329,3,1,65535,2,FFFFFFFE,1,5555:17FFE8000:80:4
205,finite_exact,0,13329,31,3,3,2,802A32F1,1,842:7FFF8000:2AAAAB:4
206,finite_saturation,0,13329,7,1,128,0,FFFFFFFE,1,2492:17FFE8000:10000:0
207,finite_exact,0,13329,1,2,1,32768,C0814001,1,10000:BFFF4000:800000:10001
208,finite_exact,0,13329,15,2,255,65534,C001D190,1,1111:BFFF4000:8081:1FFFE
209,finite_saturation,0,13329,1024,1,128,0,FFFFFFFE,1,40:17FFE8000:10000:0
210,finite_exact,0,13329,255,65534,257,1,00020085,1,101:18002:7F80:2
211,finite_saturation,0,13329,31,1,256,2,FFFFFFFE,1,842:17FFE8000:8000:4
212,finite_exact,0,13329,255,2,1,65534,C08140FF,1,101:BFFF4000:800000:1FFFE
213,finite_exact,0,13329,16,2,255,65534,C001D07F,1,1000:BFFF4000:8081:1FFFE
214,finite_exact,0,13329,1024,58982,1024,1,0001CAEC,1,40:1AAAA:2000:2
215,finite_exact,0,13329,1,2,256,2,C000C004,1,10000:BFFF4000:8000:4
216,finite_exact,0,13329,15,2,1,65534,C081510F,1,1111:BFFF4000:800000:1FFFE
217,finite_exact,0,13329,255,32767,255,65534,00058183,1,101:30003:8081:1FFFE
218,finite_exact,0,13329,7,2,256,32767,C000E491,1,2492:BFFF4000:8000:FFFF
219,finite_exact,0,13329,15,32767,256,32768,00049115,1,1111:30003:8000:10001
220,finite_exact,0,13329,31,58982,255,32768,0003336E,1,842:1AAAA:8081:10001
221,finite_exact,0,13329,1,65534,2,32767,00438001,1,10000:18002:400000:FFFF
222,finite_exact,0,13329,3,32768,2,32767,00445551,1,5555:2FFFD:400000:FFFF
223,finite_exact,0,13329,16,3,2,2,803F9004,1,1000:7FFF8000:400000:4
224,finite_exact,0,13329,8,32767,1,32767,00842002,1,2000:30003:800000:FFFF
225,finite_exact,0,13329,65535,58982,127,65535,0004ACAF,1,1:1AAAA:10204:20000
226,finite_exact,0,13329,255,3,127,32768,80018306,1,101:7FFF8000:10204:10001
227,finite_exact,0,13329,3,65534,3,65534,002E8000,1,5555:18002:2AAAAB:1FFFE
228,finite_exact,0,13329,16,65534,257,1,00020F84,1,1000:18002:7F80:2
229,finite_saturation,0,13329,15,1,257,32768,FFFFFFFE,1,1111:17FFE8000:7F80:10001
230,finite_exact,0,13329,1,65535,65535,65534,0004807E,1,10000:18000:80:1FFFE
231,finite_exact,0,13329,8,32767,256,32767,0004A002,1,2000:30003:8000:FFFF
232,finite_exact,0,13329,3,58982,257,32767,00037F7E,1,5555:1AAAA:7F80:FFFF
233,finite_exact,0,13329,16,58982,2,32767,0042BAA9,1,1000:1AAAA:400000:FFFF
234,finite_exact,0,13329,15,32768,127,0,00041312,1,1111:2FFFD:10204:0
235,finite_exact,0,13329,8,32767,255,2,0003A088,1,2000:30003:8081:4
236,finite_exact,0,13329,8,2,255,1,BFFFE083,1,2000:BFFF4000:8081:2
237,finite_exact,0,13329,8,58982,1024,32768,0002EAAB,1,2000:1AAAA:2000:10001
238,finite_saturation,0,13329,255,1,2,0,FFFFFFFE,1,101:17FFE8000:400000:0
239,finite_exact,0,13329,31,3,65535,2,7FFF88C6,1,842:7FFF8000:80:4
240,finite_exact,0,13329,3,58982,255,65535,00048080,1,5555:1AAAA:8081:20000
241,finite_exact,0,13329,15,32767,255,32767,00049194,1,1111:30003:8081:FFFF
242,finite_exact,0,13329,15,65535,128,1,00029113,1,1111:18000:10000:2
243,finite_exact,0,13329,7,32767,255,32767,0004A515,1,2492:30003:8081:FFFF
244,finite_exact,0,13329,31,32767,65535,1,000308C7,1,842:30003:80:2
245,finite_exact,0,13329,15,65535,257,2,00021095,1,1111:18000:7F80:4
246,finite_exact,0,13329,15,32768,257,2,00039092,1,1111:2FFFD:7F80:4
247,finite_exact,0,13329,31,2,257,32768,C000C7C3,1,842:BFFF4000:7F80:10001
248,finite_exact,0,13329,15,65534,1,65535,00839113,1,1111:18002:800000:20000
249,finite_exact,0,13329,31,32768,255,2,000388C4,1,842:2FFFD:8081:4
250,finite_exact,0,13329,8,65535,1,2,0081A004,1,2000:18000:800000:4
251,finite_exact,0,13329,3,65535,3,65535,002E8000,1,5555:18000:2AAAAB:20000
252,finite_exact,0,13329,3,58982,1024,65535,00041FFF,1,5555:1AAAA:2000:20000
253,finite_exact,0,13329,255,2,3,0,C029EBAC,1,101:BFFF4000:2AAAAB:0
254,finite_exact,0,13329,255,32767,1024,65534,00052102,1,101:30003:2000:1FFFE
255,finite_exact,0,13329,15,32767,257,65535,00059094,1,1111:30003:7F80:20000
256,finite_exact,0,13329,255,32767,255,65535,00058185,1,101:30003:8081:20000
257,finite_exact,0,13329,15,3,1,32768,80809112,1,1111:7FFF8000:800000:10001
258,finite_exact,0,13329,8,2,1024,0,BFFF8000,1,2000:BFFF4000:2000:0
259,finite_exact,0,13329,16,3,1024,0,7FFFB000,1,1000:7FFF8000:2000:0
260,finite_exact,0,13329,31,2,2,2,C03F4846,1,842:BFFF4000:400000:4
261,finite_exact,0,13329,255,65535,3,1,002C2BAE,1,101:18000:2AAAAB:2
262,finite_exact,0,13329,1,32768,256,1,00047FFF,1,10000:2FFFD:8000:2
263,finite_exact,0,13329,3,3,1024,65535,8001F555,1,5555:7FFF8000:2000:20000
264,finite_exact,1,1B516,16,65535,256,0,00029800,1,1800:18000:10000:0
265,finite_exact,1,1B516,15,64225,384,328,00024EAA,1,199A:187D5:AAAB:290
266,finite_exact,1,1B516,14,62914,512,655,0002308B,1,1B6E:18FFF:8000:51E
267,finite_exact,1,1B516,13,61603,640,983,00022421,1,1D8A:19883:6666:7AE
268,finite_exact,1,1B516,12,60292,768,1311,000220F8,1,2000:1A165:5555:A3E
269,finite_exact,1,1B516,11,58982,896,1638,00022384,1,22E9:1AAAA:4925:CCC
270,finite_exact,1,1B516,10,57671,1024,1966,00022A1F,1,2666:1B45D:4000:F5C
271,finite_exact,1,1B516,9,56360,1152,2294,000233FE,1,2AAB:1BE83:38E4:11EC
272,finite_exact,1,1B516,8,55049,1280,2621,000240D2,1,3000:1C925:3333:147A
273,finite_exact,1,1B516,7,53739,1408,2949,000250BB,1,36DB:1D44A:2E8C:170A
274,finite_exact,1,1B516,6,52428,1536,3277,00026445,1,4000:1E000:2AAB:199A
275,finite_exact,1,1B516,5,51117,1664,3604,00027CA7,1,4CCD:1EC50:2762:1C28
276,infeasible_zero_key,1,1B516,0,65535,256,0,FFFFFFFF,0,
277,infeasible_zero_fidelity,1,1B516,1,0,256,0,FFFFFFFF,0,
278,infeasible_zero_rate,1,1B516,1,65535,0,0,FFFFFFFF,0,
279,infeasible_zero_key_fidelity_rate,1,1B516,0,0,0,65535,FFFFFFFF,0,
280,finite_saturation,1,1B516,1,1,1,65535,FFFFFFFE,1,18000:17FFE8000:1000000:20000
281,finite_exact,1,1B516,1,2,1,65534,C102BFFE,1,18000:BFFF4000:1000000:1FFFE
282,finite_exact,1,1B516,1,65535,1,0,01030000,1,18000:18000:1000000:0
283,finite_saturation,1,1B516,65535,1,65535,65535,FFFFFFFE,1,2:17FFE8000:100:20000
284,finite_exact,1,1B516,65535,65535,65535,0,00018102,1,2:18000:100:0
285,finite_exact,1,1B516,2,32768,128,32768,0006BFFE,1,C000:2FFFD:20000:10001
286,finite_exact,1,1B516,3,58982,256,6554,00035DDE,1,8000:1AAAA:10000:3334
287,finite_exact,1,1B516,16,65535,65535,65535,00039900,1,1800:18000:100:20000
288,finite_exact,1,1B516,4,32767,257,1,00045F06,1,6000:30003:FF01:2
289,finite_exact,1,1B516,8,65534,256,0,0002B002,1,3000:18002:10000:0
290,finite_exact,1,1B516,16,32768,1024,32767,000457FC,1,1800:2FFFD:4000:FFFF
291,finite_exact,1,1B516,1024,65534,128,65534,00058060,1,60:18002:20000:1FFFE
292,finite_exact,1,1B516,8,32768,1,32767,01042FFC,1,3000:2FFFD:1000000:FFFF
293,finite_exact,1,1B516,15,2,127,1,C0015DA4,1,199A:BFFF4000:20408:2
294,finite_exact,1,1B516,31,2,257,65534,C0024B62,1,C63:BFFF4000:FF01:1FFFE
295,finite_exact,1,1B516,16,65535,1024,32768,0002D801,1,1800:18000:4000:10001
296,finite_exact,1,1B516,1,65534,256,32768,00050003,1,18000:18002:10000:10001
297,finite_exact,1,1B516,1,3,65535,1,80010102,1,18000:7FFF8000:100:2
298,finite_exact,1,1B516,8,65535,65535,2,0001B104,1,3000:18000:100:4
299,finite_exact,1,1B516,1024,65535,1024,65535,0003C060,1,60:18000:4000:20000
300,finite_saturation,1,1B516,3,1,257,32768,FFFFFFFE,1,8000:17FFE8000:FF01:10001
301,finite_exact,1,1B516,2,3,257,32767,80023F00,1,C000:7FFF8000:FF01:FFFF
302,finite_exact,1,1B516,255,32768,127,1,00050589,1,182:2FFFD:20408:2
303,finite_exact,1,1B516,2,32768,256,65535,0006BFFD,1,C000:2FFFD:10000:20000
304,finite_saturation,1,1B516,1,1,127,2,FFFFFFFE,1,18000:17FFE8000:20408:4
305,finite_saturation,1,1B516,15,1,1,65535,FFFFFFFE,1,199A:17FFE8000:1000000:20000
306,finite_exact,1,1B516,1024,2,127,32768,C0024469,1,60:BFFF4000:20408:10001
307,finite_exact,1,1B516,1,32767,127,1,0006840D,1,18000:30003:20408:2
308,finite_exact,1,1B516,65535,2,128,2,C0014006,1,2:BFFF4000:20000:4
309,finite_exact,1,1B516,8,65534,256,32767,0003B001,1,3000:18002:10000:FFFF
310,finite_exact,1,1B516,1024,32768,255,2,00040162,1,60:2FFFD:10101:4
311,finite_exact,1,1B516,31,58982,127,65534,0005BB13,1,C63:1AAAA:20408:1FFFE
312,finite_exact,1,1B516,16,32767,3,65535,005A6D58,1,1800:30003:555555:20000
313,finite_exact,1,1B516,31,3,257,0,80008B64,1,C63:7FFF8000:FF01:0
314,finite_exact,1,1B516,255,65535,127,65534,00058588,1,182:18000:20408:1FFFE
315,finite_exact,1,1B516,7,65535,65535,65535,0003B7DB,1,36DB:18000:100:20000
316,finite_exact,1,1B516,15,65535,3,1,0056EEF1,1,199A:18000:555555:2
317,finite_saturation,1,1B516,16,1,127,2,FFFFFFFE,1,1800:17FFE8000:20408:4
318,finite_exact,1,1B516,1,65535,255,65534,000600FF,1,18000:18000:10101:1FFFE
319,finite_exact,1,1B516,15,32768,65535,32767,00041A96,1,199A:2FFFD:100:FFFF
320,finite_exact,1,1B516,4,3,2,32767,8080DFFF,1,6000:7FFF8000:800000:FFFF
321,finite_exact,1,1B516,7,2,1024,65534,C001B6D9,1,36DB:BFFF4000:4000:1FFFE
322,finite_exact,1,1B516,1024,65534,256,65535,00048062,1,60:18002:10000:20000
323,finite_saturation,1,1B516,15,1,256,65535,FFFFFFFE,1,199A:17FFE8000:10000:20000
324,finite_exact,1,1B516,8,65534,1024,1,0001F004,1,3000:18002:4000:2
325,finite_saturation,1,1B516,7,1,1024,65535,FFFFFFFE,1,36DB:17FFE8000:4000:20000
326,finite_exact,1,1B516,15,3,255,0,80009A9B,1,199A:7FFF8000:10101:0
327,finite_saturation,1,1B516,7,1,255,1,FFFFFFFE,1,36DB:17FFE8000:10101:2
328,finite_exact,1,1B516,15,32768,65535,32767,00041A96,1,199A:2FFFD:100:FFFF
329,finite_exact,1,1B516,2,58982,1,65535,01046AAA,1,C000:1AAAA:1000000:20000
330,finite_exact,1,1B516,1024,2,128,0,C0014060,1,60:BFFF4000:20000:0
331,finite_saturation,1,1B516,3,1,3,32767,FFFFFFFE,1,8000:17FFE8000:555555:FFFF
332,finite_exact,1,1B516,2,65534,128,1,00044004,1,C000:18002:20000:2
333,finite_exact,1,1B516,65535,65535,3,32767,0057D556,1,2:18000:555555:FFFF
334,finite_exact,1,1B516,65535,3,256,1,80008004,1,2:7FFF8000:10000:2
335,finite_exact,1,1B516,31,32768,1,32767,01040C5F,1,C63:2FFFD:1000000:FFFF
336,finite_exact,1,1B516,31,2,256,0,C0004C63,1,C63:BFFF4000:10000:0
337,finite_exact,1,1B516,1024,3,127,32768,80028469,1,60:7FFF8000:20408:10001
338,finite_saturation,1,1B516,8,1,257,0,FFFFFFFE,1,3000:17FFE8000:FF01:0
339,finite_exact,1,1B516,2,3,257,32767,80023F00,1,C000:7FFF8000:FF01:FFFF
340,finite_exact,1,1B516,7,2,3,65535,C056CC30,1,36DB:BFFF4000:555555:20000
341,finite_exact,1,1B516,2,58982,2,0,00826AAA,1,C000:1AAAA:800000:0
342,finite_exact,1,1B516,1024,32768,65535,32768,0004015E,1,60:2FFFD:100:10001
343,finite_exact,1,1B516,15,65535,257,0,0002989B,1,199A:18000:FF01:0
344,finite_exact,1,1B516,4,32768,127,1,00056407,1,6000:2FFFD:20408:2
345,finite_exact,1,1B516,31,2,128,32767,C0024C62,1,C63:BFFF4000:20000:FFFF
346,finite_exact,1,1B516,65535,2,257,65535,C0023F03,1,2:BFFF4000:FF01:20000
347,finite_exact,1,1B516,15,32768,1024,65535,00055997,1,199A:2FFFD:4000:20000
348,finite_saturation,1,1B516,4,1,1,65535,FFFFFFFE,1,6000:17FFE8000:1000000:20000
349,finite_exact,1,1B516,8,32767,65535,32768,00043104,1,3000:30003:100:10001
350,finite_exact,1,1B516,7,3,128,65534,8003B6D9,1,36DB:7FFF8000:20000:1FFFE
351,finite_exact,1,1B516,3,2,256,32768,C001C001,1,8000:BFFF4000:10000:10001
352,finite_exact,1,1B516,2,65534,257,2,00033F07,1,C000:18002:FF01:4
353,finite_exact,1,1B516,31,3,1024,1,7FFFCC65,1,C63:7FFF8000:4000:2
354,finite_exact,1,1B516,2,2,128,65534,C003FFFE,1,C000:BFFF4000:20000:1FFFE
355,finite_exact,1,1B516,8,65535,255,2,0002B105,1,3000:18000:10101:4
356,finite_exact,1,1B516,8,2,2,65535,C0817000,1,3000:BFFF4000:800000:20000
357,finite_exact,1,1B516,2,65534,256,65535,00054002,1,C000:18002:10000:20000
358,finite_exact,1,1B516,8,32768,127,32767,00063404,1,3000:2FFFD:20408:FFFF
359,finite_exact,1,1B516,255,65534,255,2,00028289,1,182:18002:10101:4
360,finite_exact,1,1B516,65535,65535,3,0,0056D557,1,2:18000:555555:0
361,finite_exact,1,1B516,65535,32768,2,32768,00840000,1,2:2FFFD:800000:10001
362,finite_exact,1,1B516,1024,65534,128,65535,00058062,1,60:18002:20000:20000
363,finite_exact,1,1B516,65535,32768,1,0,0102FFFF,1,2:2FFFD:1000000:0
364,finite_exact,1,1B516,15,65534,256,32768,0003999D,1,199A:18002:10000:10001
365,finite_exact,1,1B516,16,65535,1024,0,0001D800,1,1800:18000:4000:0
366,finite_exact,1,1B516,31,65535,256,65535,00048C63,1,C63:18000:10000:20000
367,finite_exact,1,1B516,1,2,257,32768,C002BF02,1,18000:BFFF4000:FF01:10001
368,finite_exact,1,1B516,255,3,128,65534,80038180,1,182:7FFF8000:20000:1FFFE
369,finite_exact,1,1B516,2,32767,255,2,0004C108,1,C000:30003:10101:4
370,finite_saturation,1,1B516,31,1,1,1,FFFFFFFE,1,C63:17FFE8000:1000000:2
371,finite_exact,1,1B516,7,58982,2,32767,0082E184,1,36DB:1AAAA:800000:FFFF
372,finite_exact,1,1B516,3,65534,257,32768,0003FF04,1,8000:18002:FF01:10001
373,finite_exact,1,1B516,65535,3,1024,65535,8001C002,1,2:7FFF8000:4000:20000
374,finite_exact,1,1B516,2,3,65535,2,80004104,1,C000:7FFF8000:100:4
375,finite_saturation,1,1B516,1024,1,127,2,FFFFFFFE,1,60:17FFE8000:20408:4
376,finite_exact,1,1B516,4,65534,1,65535,0103E002,1,6000:18002:1000000:20000
377,finite_exact,1,1B516,1024,32767,1,32767,01040062,1,60:30003:1000000:FFFF
378,finite_saturation,1,1B516,1024,1,2,2,FFFFFFFE,1,60:17FFE8000:800000:4
379,finite_exact,1,1B516,16,65534,3,0,0056ED57,1,1800:18002:555555:0
380,finite_exact,1,1B516,255,65534,257,32767,00038084,1,182:18002:FF01:FFFF
381,finite_exact,1,1B516,8,32768,127,32767,00063404,1,3000:2FFFD:20408:FFFF
382,finite_exact,1,1B516,31,58982,256,32767,0003B70C,1,C63:1AAAA:10000:FFFF
383,finite_exact,1,1B516,1,3,128,65534,8004FFFE,1,18000:7FFF8000:20000:1FFFE
384,finite_exact,1,1B516,3,65535,3,1,00575557,1,8000:18000:555555:2
385,finite_exact,1,1B516,2,32767,1,32768,0104C004,1,C000:30003:1000000:10001
386,finite_exact,1,1B516,16,3,255,1,80009903,1,1800:7FFF8000:10101:2
387,finite_exact,1,1B516,4,2,257,1,C0009F03,1,6000:BFFF4000:FF01:2
388,finite_exact,1,1B516,15,32768,3,65535,005A6EEC,1,199A:2FFFD:555555:20000
389,finite_exact,1,1B516,15,58982,65535,0,0001C544,1,199A:1AAAA:100:0
390,finite_exact,1,1B516,8,65535,1024,32767,0002EFFF,1,3000:18000:4000:FFFF
391,finite_exact,1,1B516,1024,65535,65535,65534,0003815E,1,60:18000:100:1FFFE
392,finite_exact,1,1B516,7,3,255,2,8000B7E0,1,36DB:7FFF8000:10101:4
393,finite_exact,1,1B516,1,65535,255,32768,00050102,1,18000:18000:10101:10001
394,finite_exact,1,1B516,1,58982,257,2,000429AF,1,18000:1AAAA:FF01:4
395,finite_exact,1,1B516,7,3,3,65535,80570C30,1,36DB:7FFF8000:555555:20000
396,finite_exact,1,1B516,3,2,65535,2,BFFFC104,1,8000:BFFF4000:100:4
397,finite_exact,1,1B516,8,32768,1024,32768,00046FFE,1,3000:2FFFD:4000:10001
398,finite_exact,1,1B516,8,32767,1024,65535,00057003,1,3000:30003:4000:20000
399,finite_exact,1,1B516,31,32768,257,2,00040B65,1,C63:2FFFD:FF01:4
400,finite_exact,1,1B516,15,65535,1,1,0101999C,1,199A:18000:1000000:2
401,finite_exact,1,1B516,2,2,1024,32768,C0014001,1,C000:BFFF4000:4000:10001
402,finite_exact,1,1B516,15,65534,3,32767,0057EEF0,1,199A:18002:555555:FFFF
403,finite_exact,1,1B516,8,32767,255,2,00043108,1,3000:30003:10101:4
404,finite_exact,1,1B516,2,58982,255,65535,00056BAB,1,C000:1AAAA:10101:20000
405,finite_exact,1,1B516,2,2,255,65535,C0030101,1,C000:BFFF4000:10101:20000
406,finite_exact,1,1B516,8,2,256,65535,C0027000,1,3000:BFFF4000:10000:20000
407,finite_exact,1,1B516,16,32768,255,65535,000618FE,1,1800:2FFFD:10101:20000
408,finite_exact,1,1B516,8,2,127,32767,C0027407,1,3000:BFFF4000:20408:FFFF
409,finite_exact,1,1B516,7,32767,1024,32767,000476DD,1,36DB:30003:4000:FFFF
410,finite_saturation,1,1B516,255,1,1,1,FFFFFFFE,1,182:17FFE8000:1000000:2
411,finite_exact,1,1B516,255,3,65535,65534,80018280,1,182:7FFF8000:100:1FFFE
412,finite_exact,1,1B516,7,65534,2,32767,0082B6DC,1,36DB:18002:800000:FFFF
413,finite_exact,1,1B516,31,58982,128,65534,0005B70B,1,C63:1AAAA:20000:1FFFE
414,finite_exact,1,1B516,255,65535,127,65535,0005858A,1,182:18000:20408:20000
415,finite_exact,1,1B516,1024,58982,3,65535,0059005F,1,60:1AAAA:555555:20000
416,finite_exact,1,1B516,1024,32767,256,1,00040065,1,60:30003:10000:2
417,finite_exact,1,1B516,255,65535,65535,32768,00028283,1,182:18000:100:10001
418,finite_exact,1,1B516,255,65534,3,1,0056D6DB,1,182:18002:555555:2
419,finite_exact,1,1B516,2,32768,1024,2,00040001,1,C000:2FFFD:4000:4
420,finite_exact,1,1B516,255,65535,2,1,00818184,1,182:18000:800000:2
421,finite_exact,1,1B516,8,65535,3,2,00570559,1,3000:18000:555555:4
422,finite_exact,1,1B516,2,32767,127,65534,0007C409,1,C000:30003:20408:1FFFE
423,finite_exact,1,1B516,8,3,2,32768,8080B001,1,3000:7FFF8000:800000:10001
424,finite_exact,1,1B516,31,32768,257,32768,00050B62,1,C63:2FFFD:FF01:10001
425,finite_exact,1,1B516,1024,3,256,0,80008060,1,60:7FFF8000:10000:0
426,finite_saturation,1,1B516,31,1,127,2,FFFFFFFE,1,C63:17FFE8000:20408:4
427,finite_exact,1,1B516,1024,65535,127,0,00038468,1,60:18000:20408:0
428,finite_exact,1,1B516,1024,3,257,0,80007F61,1,60:7FFF8000:FF01:0
429,finite_exact,1,1B516,15,2,3,2,C054AEF3,1,199A:BFFF4000:555555:4
430,finite_saturation,1,1B516,65535,1,1,32767,FFFFFFFE,1,2:17FFE8000:1000000:FFFF
431,finite_exact,1,1B516,16,32767,128,2,00051807,1,1800:30003:20000:4
432,finite_exact,1,1B516,4,32768,128,32767,00065FFC,1,6000:2FFFD:20000:FFFF
433,finite_exact,1,1B516,3,3,255,32767,80020100,1,8000:7FFF8000:10101:FFFF
434,finite_exact,1,1B516,15,32767,256,1,0004199F,1,199A:30003:10000:2
435,finite_exact,1,1B516,15,2,2,32768,C080599B,1,199A:BFFF4000:800000:10001
436,finite_exact,1,1B516,7,2,1,32767,C10076DA,1,36DB:BFFF4000:1000000:FFFF
437,finite_saturation,1,1B516,8,1,65535,65535,FFFFFFFE,1,3000:17FFE8000:100:20000
438,finite_exact,1,1B516,31,3,257,65534,80028B62,1,C63:7FFF8000:FF01:1FFFE
439,finite_saturation,1,1B516,2,1,256,65534,FFFFFFFE,1,C000:17FFE8000:10000:1FFFE
440,finite_exact,1,1B516,15,65534,3,2,0056EEF5,1,199A:18002:555555:4
441,finite_exact,1,1B516,1024,65534,65535,2,00018166,1,60:18002:100:4
442,finite_exact,1,1B516,4,65534,255,1,0002E105,1,6000:18002:10101:2
443,finite_exact,1,1B516,255,65534,127,32768,0004858D,1,182:18002:20408:10001
444,finite_exact,1,1B516,4,32768,128,1,00055FFF,1,6000:2FFFD:20000:2
445,finite_exact,1,1B516,65535,32768,256,32768,00050000,1,2:2FFFD:10000:10001
446,finite_exact,1,1B516,16,65534,1024,1,0001D804,1,1800:18002:4000:2
447,finite_exact,1,1B516,255,58982,255,1,0002AD2F,1,182:1AAAA:10101:2
448,finite_exact,1,1B516,1,65534,2,0,00830002,1,18000:18002:800000:0
449,finite_exact,1,1B516,15,3,257,2,8000989F,1,199A:7FFF8000:FF01:4
450,finite_exact,1,1B516,3,2,128,32767,C002BFFF,1,8000:BFFF4000:20000:FFFF
451,finite_exact,1,1B516,31,65535,1024,32767,0002CC62,1,C63:18000:4000:FFFF
452,finite_exact,1,1B516,2,65535,256,65535,00054000,1,C000:18000:10000:20000
453,finite_saturation,1,1B516,15,1,65535,32768,FFFFFFFE,1,199A:17FFE8000:100:10001
454,finite_exact,1,1B516,1,32768,2,65535,00867FFD,1,18000:2FFFD:800000:20000
455,finite_exact,1,1B516,1024,3,257,1,80007F63,1,60:7FFF8000:FF01:2
456,finite_exact,1,1B516,2,32768,127,32768,0006C406,1,C000:2FFFD:20408:10001
457,finite_exact,1,1B516,16,2,1,65534,C10157FE,1,1800:BFFF4000:1000000:1FFFE
458,finite_exact,1,1B516,16,58982,256,65534,0004C2A8,1,1800:1AAAA:10000:1FFFE
459,finite_exact,1,1B516,1024,58982,65535,65534,0003AC08,1,60:1AAAA:100:1FFFE
460,finite_saturation,1,1B516,65535,1,255,65534,FFFFFFFE,1,2:17FFE8000:10101:1FFFE
461,finite_exact,1,1B516,31,32767,127,32768,0006106F,1,C63:30003:20408:10001
462,finite_exact,1,1B516,4,2,128,1,C001A002,1,6000:BFFF4000:20000:2
463,finite_exact,1,1B516,1,32768,257,32768,00067EFF,1,18000:2FFFD:FF01:10001
464,finite_saturation,1,1B516,3,1,128,65535,FFFFFFFE,1,8000:17FFE8000:20000:20000
465,finite_exact,1,1B516,31,3,255,65535,80028D64,1,C63:7FFF8000:10101:20000
466,finite_exact,1,1B516,7,2,255,2,C00077E0,1,36DB:BFFF4000:10101:4
467,finite_exact,1,1B516,16,3,257,65534,800296FF,1,1800:7FFF8000:FF01:1FFFE
468,finite_saturation,1,1B516,3,1,65535,2,FFFFFFFE,1,8000:17FFE8000:100:4
469,finite_exact,1,1B516,31,3,3,2,8054E1BC,1,C63:7FFF8000:555555:4
470,finite_saturation,1,1B516,7,1,128,0,FFFFFFFE,1,36DB:17FFE8000:20000:0
471,finite_exact,1,1B516,1,2,1,32768,C101C001,1,18000:BFFF4000:1000000:10001
472,finite_exact,1,1B516,15,2,255,65534,C0025A99,1,199A:BFFF4000:10101:1FFFE
473,finite_saturation,1,1B516,1024,1,128,0,FFFFFFFE,1,60:17FFE8000:20000:0
474,finite_exact,1,1B516,255,65534,257,1,00028087,1,182:18002:FF01:2
475,finite_saturation,1,1B516,31,1,256,2,FFFFFFFE,1,C63:17FFE8000:10000:4
476,finite_exact,1,1B516,255,2,1,65534,C1014180,1,182:BFFF4000:1000000:1FFFE
477,finite_exact,1,1B516,16,2,255,65534,C00258FF,1,1800:BFFF4000:10101:1FFFE
478,finite_exact,1,1B516,1024,58982,1024,1,0001EB0C,1,60:1AAAA:4000:2
479,finite_exact,1,1B516,1,2,256,2,C001C004,1,18000:BFFF4000:10000:4
480,finite_exact,1,1B516,15,2,1,65534,C1015998,1,199A:BFFF4000:1000000:1FFFE
481,finite_exact,1,1B516,255,32767,255,65534,00060284,1,182:30003:10101:1FFFE
482,finite_exact,1,1B516,7,2,256,32767,C00176DA,1,36DB:BFFF4000:10000:FFFF
483,finite_exact,1,1B516,15,32767,256,32768,0005199E,1,199A:30003:10000:10001
484,finite_exact,1,1B516,31,58982,255,32768,0003B80F,1,C63:1AAAA:10101:10001
485,finite_exact,1,1B516,1,65534,2,32767,00840001,1,18000:18002:800000:FFFF
486,finite_exact,1,1B516,3,32768,2,32767,00847FFC,1,8000:2FFFD:800000:FFFF
487,finite_exact,1,1B516,16,3,2,2,807F9804,1,1800:7FFF8000:800000:4
488,finite_exact,1,1B516,8,32767,1,32767,01043002,1,3000:30003:1000000:FFFF
489,finite_exact,1,1B516,65535,58982,127,65535,0005AEB4,1,2:1AAAA:20408:20000
490,finite_exact,1,1B516,255,3,127,32768,8002858B,1,182:7FFF8000:20408:10001
491,finite_exact,1,1B516,3,65534,3,65534,00595555,1,8000:18002:555555:1FFFE
492,finite_exact,1,1B516,16,65534,257,1,00029705,1,1800:18002:FF01:2
493,finite_saturation,1,1B516,15,1,257,32768,FFFFFFFE,1,199A:17FFE8000:FF01:10001
494,finite_exact,1,1B516,1,65535,65535,65534,000500FE,1,18000:18000:100:1FFFE
495,finite_exact,1,1B516,8,32767,256,32767,00053002,1,3000:30003:10000:FFFF
496,finite_exact,1,1B516,3,58982,257,32767,000429AA,1,8000:1AAAA:FF01:FFFF
497,finite_exact,1,1B516,16,58982,2,32767,0082C2A9,1,1800:1AAAA:800000:FFFF
498,finite_exact,1,1B516,15,32768,127,0,00051D9F,1,199A:2FFFD:20408:0
499,finite_exact,1,1B516,8,32767,255,2,00043108,1,3000:30003:10101:4
500,finite_exact,1,1B516,8,2,255,1,C0007103,1,3000:BFFF4000:10101:2
501,finite_exact,1,1B516,8,58982,1024,32768,00031AAB,1,3000:1AAAA:4000:10001
502,finite_saturation,1,1B516,255,1,2,0,FFFFFFFE,1,182:17FFE8000:800000:0
503,finite_exact,1,1B516,31,3,65535,2,7FFF8D67,1,C63:7FFF8000:100:4
504,finite_exact,1,1B516,3,58982,255,65535,00052BAB,1,8000:1AAAA:10101:20000
505,finite_exact,1,1B516,15,32767,255,32767,00051A9D,1,199A:30003:10101:FFFF
506,finite_exact,1,1B516,15,65535,128,1,0003999C,1,199A:18000:20000:2
507,finite_exact,1,1B516,7,32767,255,32767,000537DE,1,36DB:30003:10101:FFFF
508,finite_exact,1,1B516,31,32767,65535,1,00030D68,1,C63:30003:100:2
509,finite_exact,1,1B516,15,65535,257,2,0002989F,1,199A:18000:FF01:4
510,finite_exact,1,1B516,15,32768,257,2,0004189C,1,199A:2FFFD:FF01:4
511,finite_exact,1,1B516,31,2,257,32768,C0014B65,1,C63:BFFF4000:FF01:10001
512,finite_exact,1,1B516,15,65534,1,65535,0103999C,1,199A:18002:1000000:20000
513,finite_exact,1,1B516,31,32768,255,2,00040D65,1,C63:2FFFD:10101:4
514,finite_exact,1,1B516,8,65535,1,2,0101B004,1,3000:18000:1000000:4
515,finite_exact,1,1B516,3,65535,3,65535,00595555,1,8000:18000:555555:20000
516,finite_exact,1,1B516,3,58982,1024,65535,00046AAA,1,8000:1AAAA:4000:20000
517,finite_exact,1,1B516,255,2,3,0,C05496D7,1,182:BFFF4000:555555:0
518,finite_exact,1,1B516,255,32767,1024,65534,00054183,1,182:30003:4000:1FFFE
519,finite_exact,1,1B516,15,32767,257,65535,0006189E,1,199A:30003:FF01:20000
520,finite_exact,1,1B516,255,32767,255,65535,00060286,1,182:30003:10101:20000
521,finite_exact,1,1B516,15,3,1,32768,8100999B,1,199A:7FFF8000:1000000:10001
522,finite_exact,1,1B516,8,2,1024,0,BFFFB000,1,3000:BFFF4000:4000:0
523,finite_exact,1,1B516,16,3,1024,0,7FFFD800,1,1800:7FFF8000:4000:0
524,finite_exact,1,1B516,31,2,2,2,C07F4C67,1,C63:BFFF4000:800000:4
525,finite_exact,1,1B516,255,65535,3,1,0056D6D9,1,182:18000:555555:2
526,finite_exact,1,1B516,1,32768,256,1,00057FFF,1,18000:2FFFD:10000:2
527,finite_exact,1,1B516,3,3,1024,65535,80024000,1,8000:7FFF8000:4000:20000
528,finite_exact,2,14399,16,65535,256,0,00029000,1,1000:20000:8000:0
529,finite_exact,2,14399,15,64225,384,328,000274AF,1,1111:20A71:5555:3D8
530,finite_exact,2,14399,14,62914,512,655,00026F4A,1,1249:21554:4000:7AD
531,finite_exact,2,14399,13,61603,640,983,00027317,1,13B1:220AE:3333:B85
532,finite_exact,2,14399,12,60292,768,1311,00027BE3,1,1555:22C86:2AAB:F5D
533,finite_exact,2,14399,11,58982,896,1638,000287EC,1,1746:238E2:2492:1332
534,finite_exact,2,14399,10,57671,1024,1966,00029675,1,199A:245D1:2000:170A
535,finite_exact,2,14399,9,56360,1152,2294,0002A720,1,1C72:2535A:1C72:1AE2
536,finite_exact,2,14399,8,55049,1280,2621,0002B9D8,1,2000:26187:199A:1EB7
537,finite_exact,2,14399,7,53739,1408,2949,0002CECA,1,2492:27063:1746:228F
538,finite_exact,2,14399,6,52428,1536,3277,0002E667,1,2AAB:28000:1555:2667
539,finite_exact,2,14399,5,51117,1664,3604,0003018A,1,3333:2906A:13B1:2A3C
540,infeasible_zero_key,2,14399,0,65535,256,0,FFFFFFFF,0,
541,infeasible_zero_fidelity,2,14399,1,0,256,0,FFFFFFFF,0,
542,infeasible_zero_rate,2,14399,1,65535,0,0,FFFFFFFF,0,
543,infeasible_zero_key_fidelity_rate,2,14399,0,0,0,65535,FFFFFFFF,0,
544,finite_saturation,2,14399,1,1,1,65535,FFFFFFFE,1,10000:1FFFE0000:800000:30000
545,finite_saturation,2,14399,1,2,1,65534,FFFFFFFE,1,10000:FFFF0000:800000:2FFFD
546,finite_exact,2,14399,1,65535,1,0,00830000,1,10000:20000:800000:0
547,finite_saturation,2,14399,65535,1,65535,65535,FFFFFFFE,1,1:1FFFE0000:80:30000
548,finite_exact,2,14399,65535,65535,65535,0,00020081,1,1:20000:80:0
549,finite_exact,2,14399,2,32768,128,32768,0006FFFE,1,8000:3FFFC:10000:18002
550,finite_exact,2,14399,3,58982,256,6554,00035B05,1,5555:238E2:8000:4CCE
551,finite_exact,2,14399,16,65535,65535,65535,00051080,1,1000:20000:80:30000
552,finite_exact,2,14399,4,32767,257,1,0004BF87,1,4000:40004:7F80:3
553,finite_exact,2,14399,8,65534,256,0,0002A002,1,2000:20002:8000:0
554,finite_exact,2,14399,16,32768,1024,32767,0005AFFA,1,1000:3FFFC:2000:17FFE
555,finite_exact,2,14399,1024,65534,128,65534,0006003F,1,40:20002:10000:2FFFD
556,finite_exact,2,14399,8,32768,1,32767,00859FFA,1,2000:3FFFC:800000:17FFE
557,finite_saturation,2,14399,15,2,127,1,FFFFFFFE,1,1111:FFFF0000:10204:3
558,finite_saturation,2,14399,31,2,257,65534,FFFFFFFE,1,842:FFFF0000:7F80:2FFFD
559,finite_exact,2,14399,16,65535,1024,32768,0003B002,1,1000:20000:2000:18002
560,finite_exact,2,14399,1,65534,256,32768,00050004,1,10000:20002:8000:18002
561,finite_exact,2,14399,1,3,65535,1,AAAB0083,1,10000:AAAA0000:80:3
562,finite_exact,2,14399,8,65535,65535,2,00022086,1,2000:20000:80:6
563,finite_exact,2,14399,1024,65535,1024,65535,00052040,1,40:20000:2000:30000
564,finite_saturation,2,14399,3,1,257,32768,FFFFFFFE,1,5555:1FFFE0000:7F80:18002
565,finite_exact,2,14399,2,3,257,32767,AAAC7F7E,1,8000:AAAA0000:7F80:17FFE
566,finite_exact,2,14399,255,32768,127,1,00050304,1,101:3FFFC:10204:3
567,finite_exact,2,14399,2,32768,256,65535,0007FFFC,1,8000:3FFFC:8000:30000
568,finite_saturation,2,14399,1,1,127,2,FFFFFFFE,1,10000:1FFFE0000:10204:6
569,finite_saturation,2,14399,15,1,1,65535,FFFFFFFE,1,1111:1FFFE0000:800000:30000
570,finite_saturation,2,14399,1024,2,127,32768,FFFFFFFE,1,40:FFFF0000:10204:18002
571,finite_exact,2,14399,1,32767,127,1,0006020B,1,10000:40004:10204:3
572,finite_saturation,2,14399,65535,2,128,2,FFFFFFFE,1,1:FFFF0000:10000:6
573,finite_exact,2,14399,8,65534,256,32767,00042000,1,2000:20002:8000:17FFE
574,finite_exact,2,14399,1024,32768,255,2,000480C3,1,40:3FFFC:8081:6
575,finite_exact,2,14399,31,58982,127,65534,00064325,1,842:238E2:10204:2FFFD
576,finite_exact,2,14399,16,32767,3,65535,0031BAAF,1,1000:40004:2AAAAB:30000
577,finite_exact,2,14399,31,3,257,0,AAAA87C2,1,842:AAAA0000:7F80:0
578,finite_exact,2,14399,255,65535,127,65534,00060302,1,101:20000:10204:2FFFD
579,finite_exact,2,14399,7,65535,65535,65535,00052512,1,2492:20000:80:30000
580,finite_exact,2,14399,15,65535,3,1,002CBBBF,1,1111:20000:2AAAAB:3
581,finite_saturation,2,14399,16,1,127,2,FFFFFFFE,1,1000:1FFFE0000:10204:6
582,finite_exact,2,14399,1,65535,255,65534,0006807E,1,10000:20000:8081:2FFFD
583,finite_exact,2,14399,15,32768,65535,32767,0005918B,1,1111:3FFFC:80:17FFE
584,finite_exact,2,14399,4,3,2,32767,AAEBBFFE,1,4000:AAAA0000:400000:17FFE
585,finite_saturation,2,14399,7,2,1024,65534,FFFFFFFE,1,2492:FFFF0000:2000:2FFFD
586,finite_exact,2,14399,1024,65534,256,65535,00058042,1,40:20002:8000:30000
587,finite_saturation,2,14399,15,1,256,65535,FFFFFFFE,1,1111:1FFFE0000:8000:30000
588,finite_exact,2,14399,8,65534,1024,1,00024005,1,2000:20002:2000:3
589,finite_saturation,2,14399,7,1,1024,65535,FFFFFFFE,1,2492:1FFFE0000:2000:30000
590,finite_exact,2,14399,15,3,255,0,AAAA9192,1,1111:AAAA0000:8081:0
591,finite_saturation,2,14399,7,1,255,1,FFFFFFFE,1,2492:1FFFE0000:8081:3
592,finite_exact,2,14399,15,32768,65535,32767,0005918B,1,1111:3FFFC:80:17FFE
593,finite_exact,2,14399,2,58982,1,65535,0085B8E2,1,8000:238E2:800000:30000
594,finite_saturation,2,14399,1024,2,128,0,FFFFFFFE,1,40:FFFF0000:10000:0
595,finite_saturation,2,14399,3,1,3,32767,FFFFFFFE,1,5555:1FFFE0000:2AAAAB:17FFE
596,finite_exact,2,14399,2,65534,128,1,00038005,1,8000:20002:10000:3
597,finite_exact,2,14399,65535,65535,3,32767,002E2AAA,1,1:20000:2AAAAB:17FFE
598,finite_exact,2,14399,65535,3,256,1,AAAA8004,1,1:AAAA0000:8000:3
599,finite_exact,2,14399,31,32768,1,32767,0085883C,1,842:3FFFC:800000:17FFE
600,finite_exact,2,14399,31,2,256,0,FFFF8842,1,842:FFFF0000:8000:0
601,finite_exact,2,14399,1024,3,127,32768,AAAC8246,1,40:AAAA0000:10204:18002
602,finite_saturation,2,14399,8,1,257,0,FFFFFFFE,1,2000:1FFFE0000:7F80:0
603,finite_exact,2,14399,2,3,257,32767,AAAC7F7E,1,8000:AAAA0000:7F80:17FFE
604,finite_saturation,2,14399,7,2,3,65535,FFFFFFFE,1,2492:FFFF0000:2AAAAB:30000
605,finite_exact,2,14399,2,58982,2,0,0042B8E2,1,8000:238E2:400000:0
606,finite_exact,2,14399,1024,32768,65535,32768,000580BE,1,40:3FFFC:80:18002
607,finite_exact,2,14399,15,65535,257,0,00029091,1,1111:20000:7F80:0
608,finite_exact,2,14399,4,32768,127,1,00054203,1,4000:3FFFC:10204:3
609,finite_saturation,2,14399,31,2,128,32767,FFFFFFFE,1,842:FFFF0000:10000:17FFE
610,finite_saturation,2,14399,65535,2,257,65535,FFFFFFFE,1,1:FFFF0000:7F80:30000
611,finite_exact,2,14399,15,32768,1024,65535,0007310D,1,1111:3FFFC:2000:30000
612,finite_saturation,2,14399,4,1,1,65535,FFFFFFFE,1,4000:1FFFE0000:800000:30000
613,finite_exact,2,14399,8,32767,65535,32768,0005A086,1,2000:40004:80:18002
614,finite_exact,2,14399,7,3,128,65534,AAAE248F,1,2492:AAAA0000:10000:2FFFD
615,finite_saturation,2,14399,3,2,256,32768,FFFFFFFE,1,5555:FFFF0000:8000:18002
616,finite_exact,2,14399,2,65534,257,2,0002FF88,1,8000:20002:7F80:6
617,finite_exact,2,14399,31,3,1024,1,AAAA2845,1,842:AAAA0000:2000:3
618,finite_saturation,2,14399,2,2,128,65534,FFFFFFFE,1,8000:FFFF0000:10000:2FFFD
619,finite_exact,2,14399,8,65535,255,2,0002A087,1,2000:20000:8081:6
620,finite_saturation,2,14399,8,2,2,65535,FFFFFFFE,1,2000:FFFF0000:400000:30000
621,finite_exact,2,14399,2,65534,256,65535,00060002,1,8000:20002:8000:30000
622,finite_exact,2,14399,8,32768,127,32767,0006A1FE,1,2000:3FFFC:10204:17FFE
623,finite_exact,2,14399,255,65534,255,2,0002818A,1,101:20002:8081:6
624,finite_exact,2,14399,65535,65535,3,0,002CAAAC,1,1:20000:2AAAAB:0
625,finite_exact,2,14399,65535,32768,2,32768,00457FFF,1,1:3FFFC:400000:18002
626,finite_exact,2,14399,1024,65534,128,65535,00060042,1,40:20002:10000:30000
627,finite_exact,2,14399,65535,32768,1,0,0083FFFD,1,1:3FFFC:800000:0
628,finite_exact,2,14399,15,65534,256,32768,00041115,1,1111:20002:8000:18002
629,finite_exact,2,14399,16,65535,1024,0,00023000,1,1000:20000:2000:0
630,finite_exact,2,14399,31,65535,256,65535,00058842,1,842:20000:8000:30000
631,finite_saturation,2,14399,1,2,257,32768,FFFFFFFE,1,10000:FFFF0000:7F80:18002
632,finite_exact,2,14399,255,3,128,65534,AAAE00FE,1,101:AAAA0000:10000:2FFFD
633,finite_exact,2,14399,2,32767,255,2,0005008B,1,8000:40004:8081:6
634,finite_saturation,2,14399,31,1,1,1,FFFFFFFE,1,842:1FFFE0000:800000:3
635,finite_exact,2,14399,7,58982,2,32767,0043DD72,1,2492:238E2:400000:17FFE
636,finite_exact,2,14399,3,65534,257,32768,000454D9,1,5555:20002:7F80:18002
637,finite_exact,2,14399,65535,3,1024,65535,AAAD2001,1,1:AAAA0000:2000:30000
638,finite_exact,2,14399,2,3,65535,2,AAAA8086,1,8000:AAAA0000:80:6
639,finite_saturation,2,14399,1024,1,127,2,FFFFFFFE,1,40:1FFFE0000:10204:6
640,finite_exact,2,14399,4,65534,1,65535,00854002,1,4000:20002:800000:30000
641,finite_exact,2,14399,1024,32767,1,32767,00858042,1,40:40004:800000:17FFE
642,finite_saturation,2,14399,1024,1,2,2,FFFFFFFE,1,40:1FFFE0000:400000:6
643,finite_exact,2,14399,16,65534,3,0,002CBAAD,1,1000:20002:2AAAAB:0
644,finite_exact,2,14399,255,65534,257,32767,00040081,1,101:20002:7F80:17FFE
645,finite_exact,2,14399,8,32768,127,32767,0006A1FE,1,2000:3FFFC:10204:17FFE
646,finite_exact,2,14399,31,58982,256,32767,00044122,1,842:238E2:8000:17FFE
647,finite_exact,2,14399,1,3,128,65534,AAAEFFFD,1,10000:AAAA0000:10000:2FFFD
648,finite_exact,2,14399,3,65535,3,1,002D0003,1,5555:20000:2AAAAB:3
649,finite_exact,2,14399,2,32767,1,32768,00860006,1,8000:40004:800000:18002
650,finite_exact,2,14399,16,3,255,1,AAAA9084,1,1000:AAAA0000:8081:3
651,finite_exact,2,14399,4,2,257,1,FFFFBF83,1,4000:FFFF0000:7F80:3
652,finite_exact,2,14399,15,32768,3,65535,0031BBB8,1,1111:3FFFC:2AAAAB:30000
653,finite_exact,2,14399,15,58982,65535,0,00024A73,1,1111:238E2:80:0
654,finite_exact,2,14399,8,65535,1024,32767,0003BFFE,1,2000:20000:2000:17FFE
655,finite_exact,2,14399,1024,65535,65535,65534,000500BD,1,40:20000:80:2FFFD
656,finite_exact,2,14399,7,3,255,2,AAAAA519,1,2492:AAAA0000:8081:6
657,finite_exact,2,14399,1,65535,255,32768,00050083,1,10000:20000:8081:18002
658,finite_exact,2,14399,1,58982,257,2,0003B868,1,10000:238E2:7F80:6
659,finite_exact,2,14399,7,3,3,65535,AAD7CF3D,1,2492:AAAA0000:2AAAAB:30000
660,finite_exact,2,14399,3,2,65535,2,FFFF55DB,1,5555:FFFF0000:80:6
661,finite_exact,2,14399,8,32768,1024,32768,0005BFFE,1,2000:3FFFC:2000:18002
662,finite_exact,2,14399,8,32767,1024,65535,00074004,1,2000:40004:2000:30000
663,finite_exact,2,14399,31,32768,257,2,000487C4,1,842:3FFFC:7F80:6
664,finite_exact,2,14399,15,65535,1,1,00821114,1,1111:20000:800000:3
665,finite_saturation,2,14399,2,2,1024,32768,FFFFFFFE,1,8000:FFFF0000:2000:18002
666,finite_exact,2,14399,15,65534,3,32767,002E3BBC,1,1111:20002:2AAAAB:17FFE
667,finite_exact,2,14399,8,32767,255,2,0004A08B,1,2000:40004:8081:6
668,finite_exact,2,14399,2,58982,255,65535,00063963,1,8000:238E2:8081:30000
669,finite_saturation,2,14399,2,2,255,65535,FFFFFFFE,1,8000:FFFF0000:8081:30000
670,finite_saturation,2,14399,8,2,256,65535,FFFFFFFE,1,2000:FFFF0000:8000:30000
671,finite_exact,2,14399,16,32768,255,65535,0007907D,1,1000:3FFFC:8081:30000
672,finite_saturation,2,14399,8,2,127,32767,FFFFFFFE,1,2000:FFFF0000:10204:17FFE
673,finite_exact,2,14399,7,32767,1024,32767,0005C494,1,2492:40004:2000:17FFE
674,finite_saturation,2,14399,255,1,1,1,FFFFFFFE,1,101:1FFFE0000:800000:3
675,finite_exact,2,14399,255,3,65535,65534,AAAD017E,1,101:AAAA0000:80:2FFFD
676,finite_exact,2,14399,7,65534,2,32767,0043A492,1,2492:20002:400000:17FFE
677,finite_exact,2,14399,31,58982,128,65534,00064121,1,842:238E2:10000:2FFFD
678,finite_exact,2,14399,255,65535,127,65535,00060305,1,101:20000:10204:30000
679,finite_exact,2,14399,1024,58982,3,65535,002FE3CD,1,40:238E2:2AAAAB:30000
680,finite_exact,2,14399,1024,32767,256,1,00048047,1,40:40004:8000:3
681,finite_exact,2,14399,255,65535,65535,32768,00038183,1,101:20000:80:18002
682,finite_exact,2,14399,255,65534,3,1,002CABB1,1,101:20002:2AAAAB:3
683,finite_exact,2,14399,2,32768,1024,2,0004A002,1,8000:3FFFC:2000:6
684,finite_exact,2,14399,255,65535,2,1,00420104,1,101:20000:400000:3
685,finite_exact,2,14399,8,65535,3,2,002CCAB1,1,2000:20000:2AAAAB:6
686,finite_exact,2,14399,2,32767,127,65534,00088205,1,8000:40004:10204:2FFFD
687,finite_exact,2,14399,8,3,2,32768,AAEBA002,1,2000:AAAA0000:400000:18002
688,finite_exact,2,14399,31,32768,257,32768,000607C0,1,842:3FFFC:7F80:18002
689,finite_exact,2,14399,1024,3,256,0,AAAA8040,1,40:AAAA0000:8000:0
690,finite_saturation,2,14399,31,1,127,2,FFFFFFFE,1,842:1FFFE0000:10204:6
691,finite_exact,2,14399,1024,65535,127,0,00030244,1,40:20000:10204:0
692,finite_exact,2,14399,1024,3,257,0,AAAA7FC0,1,40:AAAA0000:7F80:0
693,finite_saturation,2,14399,15,2,3,2,FFFFFFFE,1,1111:FFFF0000:2AAAAB:6
694,finite_saturation,2,14399,65535,1,1,32767,FFFFFFFE,1,1:1FFFE0000:800000:17FFE
695,finite_exact,2,14399,16,32767,128,2,0005100A,1,1000:40004:10000:6
696,finite_exact,2,14399,4,32768,128,32767,0006BFFA,1,4000:3FFFC:10000:17FFE
697,finite_exact,2,14399,3,3,255,32767,AAAC55D4,1,5555:AAAA0000:8081:17FFE
698,finite_exact,2,14399,15,32767,256,1,00049118,1,1111:40004:8000:3
699,finite_saturation,2,14399,15,2,2,32768,FFFFFFFE,1,1111:FFFF0000:400000:18002
700,finite_saturation,2,14399,7,2,1,32767,FFFFFFFE,1,2492:FFFF0000:800000:17FFE
701,finite_saturation,2,14399,8,1,65535,65535,FFFFFFFE,1,2000:1FFFE0000:80:30000
702,finite_exact,2,14399,31,3,257,65534,AAAD87BF,1,842:AAAA0000:7F80:2FFFD
703,finite_saturation,2,14399,2,1,256,65534,FFFFFFFE,1,8000:1FFFE0000:8000:2FFFD
704,finite_exact,2,14399,15,65534,3,2,002CBBC4,1,1111:20002:2AAAAB:6
705,finite_exact,2,14399,1024,65534,65535,2,000200C8,1,40:20002:80:6
706,finite_exact,2,14399,4,65534,255,1,0002C086,1,4000:20002:8081:3
707,finite_exact,2,14399,255,65534,127,32768,00048309,1,101:20002:10204:18002
708,finite_exact,2,14399,4,32768,128,1,00053FFF,1,4000:3FFFC:10000:3
709,finite_exact,2,14399,65535,32768,256,32768,0005FFFF,1,1:3FFFC:8000:18002
710,finite_exact,2,14399,16,65534,1024,1,00023005,1,1000:20002:2000:3
711,finite_exact,2,14399,255,58982,255,1,0002BA67,1,101:238E2:8081:3
712,finite_exact,2,14399,1,65534,2,0,00430002,1,10000:20002:400000:0
713,finite_exact,2,14399,15,3,257,2,AAAA9097,1,1111:AAAA0000:7F80:6
714,finite_saturation,2,14399,3,2,128,32767,FFFFFFFE,1,5555:FFFF0000:10000:17FFE
715,finite_exact,2,14399,31,65535,1024,32767,0003A840,1,842:20000:2000:17FFE
716,finite_exact,2,14399,2,65535,256,65535,00060000,1,8000:20000:8000:30000
717,finite_saturation,2,14399,15,1,65535,32768,FFFFFFFE,1,1111:1FFFE0000:80:18002
718,finite_exact,2,14399,1,32768,2,65535,0047FFFC,1,10000:3FFFC:400000:30000
719,finite_exact,2,14399,1024,3,257,1,AAAA7FC3,1,40:AAAA0000:7F80:3
720,finite_exact,2,14399,2,32768,127,32768,00070202,1,8000:3FFFC:10204:18002
721,finite_saturation,2,14399,16,2,1,65534,FFFFFFFE,1,1000:FFFF0000:800000:2FFFD
722,finite_exact,2,14399,16,58982,256,65534,0005C8DF,1,1000:238E2:8000:2FFFD
723,finite_exact,2,14399,1024,58982,65535,65534,0005399F,1,40:238E2:80:2FFFD
724,finite_saturation,2,14399,65535,1,255,65534,FFFFFFFE,1,1:1FFFE0000:8081:2FFFD
725,finite_exact,2,14399,31,32767,127,32768,00068A4C,1,842:40004:10204:18002
726,finite_saturation,2,14399,4,2,128,1,FFFFFFFE,1,4000:FFFF0000:10000:3
727,finite_exact,2,14399,1,32768,257,32768,0006FF7E,1,10000:3FFFC:7F80:18002
728,finite_saturation,2,14399,3,1,128,65535,FFFFFFFE,1,5555:1FFFE0000:10000:30000
729,finite_exact,2,14399,31,3,255,65535,AAAD88C3,1,842:AAAA0000:8081:30000
730,finite_exact,2,14399,7,2,255,2,FFFFA519,1,2492:FFFF0000:8081:6
731,finite_exact,2,14399,16,3,257,65534,AAAD8F7D,1,1000:AAAA0000:7F80:2FFFD
732,finite_saturation,2,14399,3,1,65535,2,FFFFFFFE,1,5555:1FFFE0000:80:6
733,finite_exact,2,14399,31,3,3,2,AAD4B2F3,1,842:AAAA0000:2AAAAB:6
734,finite_saturation,2,14399,7,1,128,0,FFFFFFFE,1,2492:1FFFE0000:10000:0
735,finite_saturation,2,14399,1,2,1,32768,FFFFFFFE,1,10000:FFFF0000:800000:18002
736,finite_saturation,2,14399,15,2,255,65534,FFFFFFFE,1,1111:FFFF0000:8081:2FFFD
737,finite_saturation,2,14399,1024,1,128,0,FFFFFFFE,1,40:1FFFE0000:10000:0
738,finite_exact,2,14399,255,65534,257,1,00028086,1,101:20002:7F80:3
739,finite_saturation,2,14399,31,1,256,2,FFFFFFFE,1,842:1FFFE0000:8000:6
740,finite_saturation,2,14399,255,2,1,65534,FFFFFFFE,1,101:FFFF0000:800000:2FFFD
741,finite_saturation,2,14399,16,2,255,65534,FFFFFFFE,1,1000:FFFF0000:8081:2FFFD
742,finite_exact,2,14399,1024,58982,1024,1,00025925,1,40:238E2:2000:3
743,finite_saturation,2,14399,1,2,256,2,FFFFFFFE,1,10000:FFFF0000:8000:6
744,finite_saturation,2,14399,15,2,1,65534,FFFFFFFE,1,1111:FFFF0000:800000:2FFFD
745,finite_exact,2,14399,255,32767,255,65534,00078183,1,101:40004:8081:2FFFD
746,finite_saturation,2,14399,7,2,256,32767,FFFFFFFE,1,2492:FFFF0000:8000:17FFE
747,finite_exact,2,14399,15,32767,256,32768,00061117,1,1111:40004:8000:18002
748,finite_exact,2,14399,31,58982,255,32768,000441A7,1,842:238E2:8081:18002
749,finite_exact,2,14399,1,65534,2,32767,00448000,1,10000:20002:400000:17FFE
750,finite_exact,2,14399,3,32768,2,32767,0045D54F,1,5555:3FFFC:400000:17FFE
751,finite_exact,2,14399,16,3,2,2,AAEA1006,1,1000:AAAA0000:400000:6
752,finite_exact,2,14399,8,32767,1,32767,0085A002,1,2000:40004:800000:17FFE
753,finite_exact,2,14399,65535,58982,127,65535,00063AE7,1,1:238E2:10204:30000
754,finite_exact,2,14399,255,3,127,32768,AAAC8307,1,101:AAAA0000:10204:18002
755,finite_exact,2,14399,3,65534,3,65534,002FFFFF,1,5555:20002:2AAAAB:2FFFD
756,finite_exact,2,14399,16,65534,257,1,00028F85,1,1000:20002:7F80:3
757,finite_saturation,2,14399,15,1,257,32768,FFFFFFFE,1,1111:1FFFE0000:7F80:18002
758,finite_exact,2,14399,1,65535,65535,65534,0006007D,1,10000:20000:80:2FFFD
759,finite_exact,2,14399,8,32767,256,32767,00062002,1,2000:40004:8000:17FFE
760,finite_exact,2,14399,3,58982,257,32767,00048DB5,1,5555:238E2:7F80:17FFE
761,finite_exact,2,14399,16,58982,2,32767,0043C8E0,1,1000:238E2:400000:17FFE
762,finite_exact,2,14399,15,32768,127,0,00051311,1,1111:3FFFC:10204:0
763,finite_exact,2,14399,8,32767,255,2,0004A08B,1,2000:40004:8081:6
764,finite_exact,2,14399,8,2,255,1,FFFFA084,1,2000:FFFF0000:8081:3
765,finite_exact,2,14399,8,58982,1024,32768,0003F8E4,1,2000:238E2:2000:18002
766,finite_saturation,2,14399,255,1,2,0,FFFFFFFE,1,101:1FFFE0000:400000:0
767,finite_exact,2,14399,31,3,65535,2,AAAA08C8,1,842:AAAA0000:80:6
768,finite_exact,2,14399,3,58982,255,65535,00060EB8,1,5555:238E2:8081:30000
769,finite_exact,2,14399,15,32767,255,32767,00061194,1,1111:40004:8081:17FFE
770,finite_exact,2,14399,15,65535,128,1,00031114,1,1111:20000:10000:3
771,finite_exact,2,14399,7,32767,255,32767,00062515,1,2492:40004:8081:17FFE
772,finite_exact,2,14399,31,32767,65535,1,000408C9,1,842:40004:80:3
773,finite_exact,2,14399,15,65535,257,2,00029097,1,1111:20000:7F80:6
774,finite_exact,2,14399,15,32768,257,2,00049093,1,1111:3FFFC:7F80:6
775,finite_saturation,2,14399,31,2,257,32768,FFFFFFFE,1,842:FFFF0000:7F80:18002
776,finite_exact,2,14399,15,65534,1,65535,00851113,1,1111:20002:800000:30000
777,finite_exact,2,14399,31,32768,255,2,000488C5,1,842:3FFFC:8081:6
778,finite_exact,2,14399,8,65535,1,2,00822006,1,2000:20000:800000:6
779,finite_exact,2,14399,3,65535,3,65535,00300000,1,5555:20000:2AAAAB:30000
780,finite_exact,2,14399,3,58982,1024,65535,0005AE37,1,5555:238E2:2000:30000
781,finite_saturation,2,14399,255,2,3,0,FFFFFFFE,1,101:FFFF0000:2AAAAB:0
782,finite_exact,2,14399,255,32767,1024,65534,00072102,1,101:40004:2000:2FFFD
783,finite_exact,2,14399,15,32767,257,65535,00079095,1,1111:40004:7F80:30000
784,finite_exact,2,14399,255,32767,255,65535,00078186,1,101:40004:8081:30000
785,finite_exact,2,14399,15,3,1,32768,AB2B9113,1,1111:AAAA0000:800000:18002
786,finite_exact,2,14399,8,2,1024,0,FFFF4000,1,2000:FFFF0000:2000:0
787,finite_exact,2,14399,16,3,1024,0,AAAA3000,1,1000:AAAA0000:2000:0
788,finite_saturation,2,14399,31,2,2,2,FFFFFFFE,1,842:FFFF0000:400000:6
789,finite_exact,2,14399,255,65535,3,1,002CABAF,1,101:20000:2AAAAB:3
790,finite_exact,2,14399,1,32768,256,1,00057FFF,1,10000:3FFFC:8000:3
791,finite_exact,2,14399,3,3,1024,65535,AAAD7555,1,5555:AAAA0000:2000:30000
792,finite_exact,3,0A2A5,16,65535,256,0,00018800,1,800:10000:8000:0
793,finite_exact,3,0A2A5,15,64225,384,328,0001645F,1,889:10539:5555:148
794,finite_exact,3,0A2A5,14,62914,512,655,0001565E,1,925:10AAA:4000:28F
795,finite_exact,3,0A2A5,13,61603,640,983,0001513A,1,9D9:11057:3333:3D7
796,finite_exact,3,0A2A5,12,60292,768,1311,000150B8,1,AAB:11643:2AAB:51F
797,finite_exact,3,0A2A5,11,58982,896,1638,0001530C,1,BA3:11C71:2492:666
798,finite_exact,3,0A2A5,10,57671,1024,1966,00015763,1,CCD:122E8:2000:7AE
799,finite_exact,3,0A2A5,9,56360,1152,2294,00015D4E,1,E39:129AD:1C72:8F6
800,finite_exact,3,0A2A5,8,55049,1280,2621,0001649B,1,1000:130C4:199A:A3D
801,finite_exact,3,0A2A5,7,53739,1408,2949,00016D46,1,1249:13832:1746:B85
802,finite_exact,3,0A2A5,6,52428,1536,3277,00017777,1,1555:14000:1555:CCD
803,finite_exact,3,0A2A5,5,51117,1664,3604,00018394,1,199A:14835:13B1:E14
804,infeasible_zero_key,3,0A2A5,0,65535,256,0,FFFFFFFF,0,
805,infeasible_zero_fidelity,3,0A2A5,1,0,256,0,FFFFFFFF,0,
806,infeasible_zero_rate,3,0A2A5,1,65535,0,0,FFFFFFFF,0,
807,infeasible_zero_key_fidelity_rate,3,0A2A5,0,0,0,65535,FFFFFFFF,0,
808,finite_saturation,3,0A2A5,1,1,1,65535,FFFFFFFE,1,8000:FFFF0000:800000:10000
809,finite_exact,3,0A2A5,1,2,1,65534,8080FFFF,1,8000:7FFF8000:800000:FFFF
810,finite_exact,3,0A2A5,1,65535,1,0,00818000,1,8000:10000:800000:0
811,finite_saturation,3,0A2A5,65535,1,65535,65535,FFFFFFFE,1,1:FFFF0000:80:10000
812,finite_exact,3,0A2A5,65535,65535,65535,0,00010081,1,1:10000:80:0
813,finite_exact,3,0A2A5,2,32768,128,32768,0003BFFF,1,4000:1FFFE:10000:8001
814,finite_exact,3,0A2A5,3,58982,256,6554,0001E0B6,1,2AAB:11C71:8000:199A
815,finite_exact,3,0A2A5,16,65535,65535,65535,00020880,1,800:10000:80:10000
816,finite_exact,3,0A2A5,4,32767,257,1,00029F83,1,2000:20002:7F80:1
817,finite_exact,3,0A2A5,8,65534,256,0,00019001,1,1000:10001:8000:0
818,finite_exact,3,0A2A5,16,32768,1024,32767,0002A7FD,1,800:1FFFE:2000:7FFF
819,finite_exact,3,0A2A5,1024,65534,128,65534,00030020,1,20:10001:10000:FFFF
820,finite_exact,3,0A2A5,8,32768,1,32767,00828FFD,1,1000:1FFFE:800000:7FFF
821,finite_exact,3,0A2A5,15,2,127,1,80008A8E,1,889:7FFF8000:10204:1
822,finite_exact,3,0A2A5,31,2,257,65534,800103A0,1,421:7FFF8000:7F80:FFFF
823,finite_exact,3,0A2A5,16,65535,1024,32768,0001A801,1,800:10000:2000:8001
824,finite_exact,3,0A2A5,1,65534,256,32768,00028002,1,8000:10001:8000:8001
825,finite_exact,3,0A2A5,1,3,65535,1,55558081,1,8000:55550000:80:1
826,finite_exact,3,0A2A5,8,65535,65535,2,00011082,1,1000:10000:80:2
827,finite_exact,3,0A2A5,1024,65535,1024,65535,00022020,1,20:10000:2000:10000
828,finite_saturation,3,0A2A5,3,1,257,32768,FFFFFFFE,1,2AAB:FFFF0000:7F80:8001
829,finite_exact,3,0A2A5,2,3,257,32767,55563F7F,1,4000:55550000:7F80:7FFF
830,finite_exact,3,0A2A5,255,32768,127,1,00030284,1,81:1FFFE:10204:1
831,finite_exact,3,0A2A5,2,32768,256,65535,0003BFFE,1,4000:1FFFE:8000:10000
832,finite_saturation,3,0A2A5,1,1,127,2,FFFFFFFE,1,8000:FFFF0000:10204:2
833,finite_saturation,3,0A2A5,15,1,1,65535,FFFFFFFE,1,889:FFFF0000:800000:10000
834,finite_exact,3,0A2A5,1024,2,127,32768,80010225,1,20:7FFF8000:10204:8001
835,finite_exact,3,0A2A5,1,32767,127,1,00038207,1,8000:20002:10204:1
836,finite_exact,3,0A2A5,65535,2,128,2,80008003,1,1:7FFF8000:10000:2
837,finite_exact,3,0A2A5,8,65534,256,32767,00021000,1,1000:10001:8000:7FFF
838,finite_exact,3,0A2A5,1024,32768,255,2,000280A1,1,20:1FFFE:8081:2
839,finite_exact,3,0A2A5,31,58982,127,65534,00032295,1,421:11C71:10204:FFFF
840,finite_exact,3,0A2A5,16,32767,3,65535,002DB2AD,1,800:20002:2AAAAB:10000
841,finite_exact,3,0A2A5,31,3,257,0,555583A1,1,421:55550000:7F80:0
842,finite_exact,3,0A2A5,255,65535,127,65534,00030284,1,81:10000:10204:FFFF
843,finite_exact,3,0A2A5,7,65535,65535,65535,000212C9,1,1249:10000:80:10000
844,finite_exact,3,0A2A5,15,65535,3,1,002BB335,1,889:10000:2AAAAB:1
845,finite_saturation,3,0A2A5,16,1,127,2,FFFFFFFE,1,800:FFFF0000:10204:2
846,finite_exact,3,0A2A5,1,65535,255,65534,00030080,1,8000:10000:8081:FFFF
847,finite_exact,3,0A2A5,15,32768,65535,32767,00028906,1,889:1FFFE:80:7FFF
848,finite_exact,3,0A2A5,4,3,2,32767,55959FFF,1,2000:55550000:400000:7FFF
849,finite_exact,3,0A2A5,7,2,1024,65534,8000B248,1,1249:7FFF8000:2000:FFFF
850,finite_exact,3,0A2A5,1024,65534,256,65535,00028021,1,20:10001:8000:10000
851,finite_saturation,3,0A2A5,15,1,256,65535,FFFFFFFE,1,889:FFFF0000:8000:10000
852,finite_exact,3,0A2A5,8,65534,1024,1,00013002,1,1000:10001:2000:1
853,finite_saturation,3,0A2A5,7,1,1024,65535,FFFFFFFE,1,1249:FFFF0000:2000:10000
854,finite_exact,3,0A2A5,15,3,255,0,5555890A,1,889:55550000:8081:0
855,finite_exact,3,0A2A5,7,1,255,1,FFFF92CB,1,1249:FFFF0000:8081:1
856,finite_exact,3,0A2A5,15,32768,65535,32767,00028906,1,889:1FFFE:80:7FFF
857,finite_exact,3,0A2A5,2,58982,1,65535,00825C71,1,4000:11C71:800000:10000
858,finite_exact,3,0A2A5,1024,2,128,0,80008020,1,20:7FFF8000:10000:0
859,finite_saturation,3,0A2A5,3,1,3,32767,FFFFFFFE,1,2AAB:FFFF0000:2AAAAB:7FFF
860,finite_exact,3,0A2A5,2,65534,128,1,00024002,1,4000:10001:10000:1
861,finite_exact,3,0A2A5,65535,65535,3,32767,002C2AAB,1,1:10000:2AAAAB:7FFF
862,finite_exact,3,0A2A5,65535,3,256,1,55558002,1,1:55550000:8000:1
863,finite_exact,3,0A2A5,31,32768,1,32767,0082841E,1,421:1FFFE:800000:7FFF
864,finite_exact,3,0A2A5,31,2,256,0,80000421,1,421:7FFF8000:8000:0
865,finite_exact,3,0A2A5,1024,3,127,32768,55568225,1,20:55550000:10204:8001
866,finite_exact,3,0A2A5,8,1,257,0,FFFF8F80,1,1000:FFFF0000:7F80:0
867,finite_exact,3,0A2A5,2,3,257,32767,55563F7F,1,4000:55550000:7F80:7FFF
868,finite_exact,3,0A2A5,7,2,3,65535,802B3CF4,1,1249:7FFF8000:2AAAAB:10000
869,finite_exact,3,0A2A5,2,58982,2,0,00415C71,1,4000:11C71:400000:0
870,finite_exact,3,0A2A5,1024,32768,65535,32768,0002809F,1,20:1FFFE:80:8001
871,finite_exact,3,0A2A5,15,65535,257,0,00018809,1,889:10000:7F80:0
872,finite_exact,3,0A2A5,4,32768,127,1,00032203,1,2000:1FFFE:10204:1
873,finite_exact,3,0A2A5,31,2,128,32767,80010420,1,421:7FFF8000:10000:7FFF
874,finite_exact,3,0A2A5,65535,2,257,65535,8000FF81,1,1:7FFF8000:7F80:10000
875,finite_exact,3,0A2A5,15,32768,1024,65535,00032887,1,889:1FFFE:2000:10000
876,finite_saturation,3,0A2A5,4,1,1,65535,FFFFFFFE,1,2000:FFFF0000:800000:10000
877,finite_exact,3,0A2A5,8,32767,65535,32768,00029083,1,1000:20002:80:8001
878,finite_exact,3,0A2A5,7,3,128,65534,55571248,1,1249:55550000:10000:FFFF
879,finite_exact,3,0A2A5,3,2,256,32768,8000AAAC,1,2AAB:7FFF8000:8000:8001
880,finite_exact,3,0A2A5,2,65534,257,2,0001BF83,1,4000:10001:7F80:2
881,finite_exact,3,0A2A5,31,3,1024,1,55552422,1,421:55550000:2000:1
882,finite_exact,3,0A2A5,2,2,128,65534,8001BFFF,1,4000:7FFF8000:10000:FFFF
883,finite_exact,3,0A2A5,8,65535,255,2,00019083,1,1000:10000:8081:2
884,finite_exact,3,0A2A5,8,2,2,65535,80409000,1,1000:7FFF8000:400000:10000
885,finite_exact,3,0A2A5,2,65534,256,65535,0002C001,1,4000:10001:8000:10000
886,finite_exact,3,0A2A5,8,32768,127,32767,00039201,1,1000:1FFFE:10204:7FFF
887,finite_exact,3,0A2A5,255,65534,255,2,00018105,1,81:10001:8081:2
888,finite_exact,3,0A2A5,65535,65535,3,0,002BAAAC,1,1:10000:2AAAAB:0
889,finite_exact,3,0A2A5,65535,32768,2,32768,00428000,1,1:1FFFE:400000:8001
890,finite_exact,3,0A2A5,1024,65534,128,65535,00030021,1,20:10001:10000:10000
891,finite_exact,3,0A2A5,65535,32768,1,0,0081FFFF,1,1:1FFFE:800000:0
892,finite_exact,3,0A2A5,15,65534,256,32768,0002088B,1,889:10001:8000:8001
893,finite_exact,3,0A2A5,16,65535,1024,0,00012800,1,800:10000:2000:0
894,finite_exact,3,0A2A5,31,65535,256,65535,00028421,1,421:10000:8000:10000
895,finite_exact,3,0A2A5,1,2,257,32768,8000FF81,1,8000:7FFF8000:7F80:8001
896,finite_exact,3,0A2A5,255,3,128,65534,55570080,1,81:55550000:10000:FFFF
897,finite_exact,3,0A2A5,2,32767,255,2,0002C085,1,4000:20002:8081:2
898,finite_saturation,3,0A2A5,31,1,1,1,FFFFFFFE,1,421:FFFF0000:800000:1
899,finite_exact,3,0A2A5,7,58982,2,32767,0041AEB9,1,1249:11C71:400000:7FFF
900,finite_exact,3,0A2A5,3,65534,257,32768,00022A2D,1,2AAB:10001:7F80:8001
901,finite_exact,3,0A2A5,65535,3,1024,65535,55562001,1,1:55550000:2000:10000
902,finite_exact,3,0A2A5,2,3,65535,2,55554082,1,4000:55550000:80:2
903,finite_saturation,3,0A2A5,1024,1,127,2,FFFFFFFE,1,20:FFFF0000:10204:2
904,finite_exact,3,0A2A5,4,65534,1,65535,00822001,1,2000:10001:800000:10000
905,finite_exact,3,0A2A5,1024,32767,1,32767,00828021,1,20:20002:800000:7FFF
906,finite_saturation,3,0A2A5,1024,1,2,2,FFFFFFFE,1,20:FFFF0000:400000:2
907,finite_exact,3,0A2A5,16,65534,3,0,002BB2AC,1,800:10001:2AAAAB:0
908,finite_exact,3,0A2A5,255,65534,257,32767,00020001,1,81:10001:7F80:7FFF
909,finite_exact,3,0A2A5,8,32768,127,32767,00039201,1,1000:1FFFE:10204:7FFF
910,finite_exact,3,0A2A5,31,58982,256,32767,00022091,1,421:11C71:8000:7FFF
911,finite_exact,3,0A2A5,1,3,128,65534,55577FFF,1,8000:55550000:10000:FFFF
912,finite_exact,3,0A2A5,3,65535,3,1,002BD557,1,2AAB:10000:2AAAAB:1
913,finite_exact,3,0A2A5,2,32767,1,32768,0082C003,1,4000:20002:800000:8001
914,finite_exact,3,0A2A5,16,3,255,1,55558882,1,800:55550000:8081:1
915,finite_exact,3,0A2A5,4,2,257,1,80001F81,1,2000:7FFF8000:7F80:1
916,finite_exact,3,0A2A5,15,32768,3,65535,002DB332,1,889:1FFFE:2AAAAB:10000
917,finite_exact,3,0A2A5,15,58982,65535,0,0001257A,1,889:11C71:80:0
918,finite_exact,3,0A2A5,8,65535,1024,32767,0001AFFF,1,1000:10000:2000:7FFF
919,finite_exact,3,0A2A5,1024,65535,65535,65534,0002009F,1,20:10000:80:FFFF
920,finite_exact,3,0A2A5,7,3,255,2,555592CC,1,1249:55550000:8081:2
921,finite_exact,3,0A2A5,1,65535,255,32768,00028082,1,8000:10000:8081:8001
922,finite_exact,3,0A2A5,1,58982,257,2,00021BF3,1,8000:11C71:7F80:2
923,finite_exact,3,0A2A5,7,3,3,65535,5580BCF4,1,1249:55550000:2AAAAB:10000
924,finite_exact,3,0A2A5,3,2,65535,2,7FFFAB2D,1,2AAB:7FFF8000:80:2
925,finite_exact,3,0A2A5,8,32768,1024,32768,0002AFFF,1,1000:1FFFE:2000:8001
926,finite_exact,3,0A2A5,8,32767,1024,65535,00033002,1,1000:20002:2000:10000
927,finite_exact,3,0A2A5,31,32768,257,2,000283A1,1,421:1FFFE:7F80:2
928,finite_exact,3,0A2A5,15,65535,1,1,0081088A,1,889:10000:800000:1
929,finite_exact,3,0A2A5,2,2,1024,32768,80006001,1,4000:7FFF8000:2000:8001
930,finite_exact,3,0A2A5,15,65534,3,32767,002C3334,1,889:10001:2AAAAB:7FFF
931,finite_exact,3,0A2A5,8,32767,255,2,00029085,1,1000:20002:8081:2
932,finite_exact,3,0A2A5,2,58982,255,65535,0002DCF2,1,4000:11C71:8081:10000
933,finite_exact,3,0A2A5,2,2,255,65535,80014081,1,4000:7FFF8000:8081:10000
934,finite_exact,3,0A2A5,8,2,256,65535,80011000,1,1000:7FFF8000:8000:10000
935,finite_exact,3,0A2A5,16,32768,255,65535,0003887F,1,800:1FFFE:8081:10000
936,finite_exact,3,0A2A5,8,2,127,32767,80011203,1,1000:7FFF8000:10204:7FFF
937,finite_exact,3,0A2A5,7,32767,1024,32767,0002B24A,1,1249:20002:2000:7FFF
938,finite_saturation,3,0A2A5,255,1,1,1,FFFFFFFE,1,81:FFFF0000:800000:1
939,finite_exact,3,0A2A5,255,3,65535,65534,55560100,1,81:55550000:80:FFFF
940,finite_exact,3,0A2A5,7,65534,2,32767,00419249,1,1249:10001:400000:7FFF
941,finite_exact,3,0A2A5,31,58982,128,65534,00032091,1,421:11C71:10000:FFFF
942,finite_exact,3,0A2A5,255,65535,127,65535,00030285,1,81:10000:10204:10000
943,finite_exact,3,0A2A5,1024,58982,3,65535,002CC73C,1,20:11C71:2AAAAB:10000
944,finite_exact,3,0A2A5,1024,32767,256,1,00028023,1,20:20002:8000:1
945,finite_exact,3,0A2A5,255,65535,65535,32768,00018102,1,81:10000:80:8001
946,finite_exact,3,0A2A5,255,65534,3,1,002BAB2E,1,81:10001:2AAAAB:1
947,finite_exact,3,0A2A5,2,32768,1024,2,00026000,1,4000:1FFFE:2000:2
948,finite_exact,3,0A2A5,255,65535,2,1,00410082,1,81:10000:400000:1
949,finite_exact,3,0A2A5,8,65535,3,2,002BBAAD,1,1000:10000:2AAAAB:2
950,finite_exact,3,0A2A5,2,32767,127,65534,00044205,1,4000:20002:10204:FFFF
951,finite_exact,3,0A2A5,8,3,2,32768,55959001,1,1000:55550000:400000:8001
952,finite_exact,3,0A2A5,31,32768,257,32768,000303A0,1,421:1FFFE:7F80:8001
953,finite_exact,3,0A2A5,1024,3,256,0,55558020,1,20:55550000:8000:0
954,finite_saturation,3,0A2A5,31,1,127,2,FFFFFFFE,1,421:FFFF0000:10204:2
955,finite_exact,3,0A2A5,1024,65535,127,0,00020224,1,20:10000:10204:0
956,finite_exact,3,0A2A5,1024,3,257,0,55557FA0,1,20:55550000:7F80:0
957,finite_exact,3,0A2A5,15,2,3,2,802A3336,1,889:7FFF8000:2AAAAB:2
958,finite_saturation,3,0A2A5,65535,1,1,32767,FFFFFFFE,1,1:FFFF0000:800000:7FFF
959,finite_exact,3,0A2A5,16,32767,128,2,00030804,1,800:20002:10000:2
960,finite_exact,3,0A2A5,4,32768,128,32767,00039FFD,1,2000:1FFFE:10000:7FFF
961,finite_exact,3,0A2A5,3,3,255,32767,55562B2B,1,2AAB:55550000:8081:7FFF
962,finite_exact,3,0A2A5,15,32767,256,1,0002888C,1,889:20002:8000:1
963,finite_exact,3,0A2A5,15,2,2,32768,8040088A,1,889:7FFF8000:400000:8001
964,finite_exact,3,0A2A5,7,2,1,32767,80801248,1,1249:7FFF8000:800000:7FFF
965,finite_saturation,3,0A2A5,8,1,65535,65535,FFFFFFFE,1,1000:FFFF0000:80:10000
966,finite_exact,3,0A2A5,31,3,257,65534,555683A0,1,421:55550000:7F80:FFFF
967,finite_saturation,3,0A2A5,2,1,256,65534,FFFFFFFE,1,4000:FFFF0000:8000:FFFF
968,finite_exact,3,0A2A5,15,65534,3,2,002BB337,1,889:10001:2AAAAB:2
969,finite_exact,3,0A2A5,1024,65534,65535,2,000100A3,1,20:10001:80:2
970,finite_exact,3,0A2A5,4,65534,255,1,0001A083,1,2000:10001:8081:1
971,finite_exact,3,0A2A5,255,65534,127,32768,00028287,1,81:10001:10204:8001
972,finite_exact,3,0A2A5,4,32768,128,1,00031FFF,1,2000:1FFFE:10000:1
973,finite_exact,3,0A2A5,65535,32768,256,32768,00030000,1,1:1FFFE:8000:8001
974,finite_exact,3,0A2A5,16,65534,1024,1,00012802,1,800:10001:2000:1
975,finite_exact,3,0A2A5,255,58982,255,1,00019D74,1,81:11C71:8081:1
976,finite_exact,3,0A2A5,1,65534,2,0,00418001,1,8000:10001:400000:0
977,finite_exact,3,0A2A5,15,3,257,2,5555880B,1,889:55550000:7F80:2
978,finite_exact,3,0A2A5,3,2,128,32767,80012AAA,1,2AAB:7FFF8000:10000:7FFF
979,finite_exact,3,0A2A5,31,65535,1024,32767,0001A420,1,421:10000:2000:7FFF
980,finite_exact,3,0A2A5,2,65535,256,65535,0002C000,1,4000:10000:8000:10000
981,finite_exact,3,0A2A5,15,1,65535,32768,FFFF890A,1,889:FFFF0000:80:8001
982,finite_exact,3,0A2A5,1,32768,2,65535,00437FFE,1,8000:1FFFE:400000:10000
983,finite_exact,3,0A2A5,1024,3,257,1,55557FA1,1,20:55550000:7F80:1
984,finite_exact,3,0A2A5,2,32768,127,32768,0003C203,1,4000:1FFFE:10204:8001
985,finite_exact,3,0A2A5,16,2,1,65534,808087FF,1,800:7FFF8000:800000:FFFF
986,finite_exact,3,0A2A5,16,58982,256,65534,0002A470,1,800:11C71:8000:FFFF
987,finite_exact,3,0A2A5,1024,58982,65535,65534,00021D10,1,20:11C71:80:FFFF
988,finite_saturation,3,0A2A5,65535,1,255,65534,FFFFFFFE,1,1:FFFF0000:8081:FFFF
989,finite_exact,3,0A2A5,31,32767,127,32768,00038628,1,421:20002:10204:8001
990,finite_exact,3,0A2A5,4,2,128,1,8000A001,1,2000:7FFF8000:10000:1
991,finite_exact,3,0A2A5,1,32768,257,32768,00037F7F,1,8000:1FFFE:7F80:8001
992,finite_saturation,3,0A2A5,3,1,128,65535,FFFFFFFE,1,2AAB:FFFF0000:10000:10000
993,finite_exact,3,0A2A5,31,3,255,65535,555684A2,1,421:55550000:8081:10000
994,finite_exact,3,0A2A5,7,2,255,2,800012CC,1,1249:7FFF8000:8081:2
995,finite_exact,3,0A2A5,16,3,257,65534,5556877F,1,800:55550000:7F80:FFFF
996,finite_exact,3,0A2A5,3,1,65535,2,FFFF2B2D,1,2AAB:FFFF0000:80:2
997,finite_exact,3,0A2A5,31,3,3,2,557FAECE,1,421:55550000:2AAAAB:2
998,finite_saturation,3,0A2A5,7,1,128,0,FFFFFFFE,1,1249:FFFF0000:10000:0
999,finite_exact,3,0A2A5,1,2,1,32768,80808001,1,8000:7FFF8000:800000:8001
1000,finite_exact,3,0A2A5,15,2,255,65534,80010909,1,889:7FFF8000:8081:FFFF
1001,finite_saturation,3,0A2A5,1024,1,128,0,FFFFFFFE,1,20:FFFF0000:10000:0
1002,finite_exact,3,0A2A5,255,65534,257,1,00018003,1,81:10001:7F80:1
1003,finite_exact,3,0A2A5,31,1,256,2,FFFF8423,1,421:FFFF0000:8000:2
1004,finite_exact,3,0A2A5,255,2,1,65534,80808080,1,81:7FFF8000:800000:FFFF
1005,finite_exact,3,0A2A5,16,2,255,65534,80010880,1,800:7FFF8000:8081:FFFF
1006,finite_exact,3,0A2A5,1024,58982,1024,1,00013C92,1,20:11C71:2000:1
1007,finite_exact,3,0A2A5,1,2,256,2,80008002,1,8000:7FFF8000:8000:2
1008,finite_exact,3,0A2A5,15,2,1,65534,80808888,1,889:7FFF8000:800000:FFFF
1009,finite_exact,3,0A2A5,255,32767,255,65534,00038103,1,81:20002:8081:FFFF
1010,finite_exact,3,0A2A5,7,2,256,32767,80009248,1,1249:7FFF8000:8000:7FFF
1011,finite_exact,3,0A2A5,15,32767,256,32768,0003088C,1,889:20002:8000:8001
1012,finite_exact,3,0A2A5,31,58982,255,32768,00022114,1,421:11C71:8081:8001
1013,finite_exact,3,0A2A5,1,65534,2,32767,00420000,1,8000:10001:400000:7FFF
1014,finite_exact,3,0A2A5,3,32768,2,32767,0042AAA8,1,2AAB:1FFFE:400000:7FFF
1015,finite_exact,3,0A2A5,16,3,2,2,55950802,1,800:55550000:400000:2
1016,finite_exact,3,0A2A5,8,32767,1,32767,00829001,1,1000:20002:800000:7FFF
1017,finite_exact,3,0A2A5,65535,58982,127,65535,00031E76,1,1:11C71:10204:10000
1018,finite_exact,3,0A2A5,255,3,127,32768,55568286,1,81:55550000:10204:8001
1019,finite_exact,3,0A2A5,3,65534,3,65534,002CD556,1,2AAB:10001:2AAAAB:FFFF
1020,finite_exact,3,0A2A5,16,65534,257,1,00018782,1,800:10001:7F80:1
1021,finite_saturation,3,0A2A5,15,1,257,32768,FFFFFFFE,1,889:FFFF0000:7F80:8001
1022,finite_exact,3,0A2A5,1,65535,65535,65534,0002807F,1,8000:10000:80:FFFF
1023,finite_exact,3,0A2A5,8,32767,256,32767,00031001,1,1000:20002:8000:7FFF
1024,finite_exact,3,0A2A5,3,58982,257,32767,0002469B,1,2AAB:11C71:7F80:7FFF
1025,finite_exact,3,0A2A5,16,58982,2,32767,0041A470,1,800:11C71:400000:7FFF
1026,finite_exact,3,0A2A5,15,32768,127,0,00030A8B,1,889:1FFFE:10204:0
1027,finite_exact,3,0A2A5,8,32767,255,2,00029085,1,1000:20002:8081:2
1028,finite_exact,3,0A2A5,8,2,255,1,80001082,1,1000:7FFF8000:8081:1
1029,finite_exact,3,0A2A5,8,58982,1024,32768,0001CC72,1,1000:11C71:2000:8001
1030,finite_saturation,3,0A2A5,255,1,2,0,FFFFFFFE,1,81:FFFF0000:400000:0
1031,finite_exact,3,0A2A5,31,3,65535,2,555504A3,1,421:55550000:80:2
1032,finite_exact,3,0A2A5,3,58982,255,65535,0002C79D,1,2AAB:11C71:8081:10000
1033,finite_exact,3,0A2A5,15,32767,255,32767,0003090B,1,889:20002:8081:7FFF
1034,finite_exact,3,0A2A5,15,65535,128,1,0002088A,1,889:10000:10000:1
1035,finite_exact,3,0A2A5,7,32767,255,32767,000312CB,1,1249:20002:8081:7FFF
1036,finite_exact,3,0A2A5,31,32767,65535,1,000204A4,1,421:20002:80:1
1037,finite_exact,3,0A2A5,15,65535,257,2,0001880B,1,889:10000:7F80:2
1038,finite_exact,3,0A2A5,15,32768,257,2,00028809,1,889:1FFFE:7F80:2
1039,finite_exact,3,0A2A5,31,2,257,32768,800083A2,1,421:7FFF8000:7F80:8001
1040,finite_exact,3,0A2A5,15,65534,1,65535,0082088A,1,889:10001:800000:10000
1041,finite_exact,3,0A2A5,31,32768,255,2,000284A2,1,421:1FFFE:8081:2
1042,finite_exact,3,0A2A5,8,65535,1,2,00811002,1,1000:10000:800000:2
1043,finite_exact,3,0A2A5,3,65535,3,65535,002CD556,1,2AAB:10000:2AAAAB:10000
1044,finite_exact,3,0A2A5,3,58982,1024,65535,0002671C,1,2AAB:11C71:2000:10000
1045,finite_exact,3,0A2A5,255,2,3,0,802A2B2C,1,81:7FFF8000:2AAAAB:0
1046,finite_exact,3,0A2A5,255,32767,1024,65534,00032082,1,81:20002:2000:FFFF
1047,finite_exact,3,0A2A5,15,32767,257,65535,0003880B,1,889:20002:7F80:10000
1048,finite_exact,3,0A2A5,255,32767,255,65535,00038104,1,81:20002:8081:10000
1049,finite_exact,3,0A2A5,15,3,1,32768,55D5888A,1,889:55550000:800000:8001
1050,finite_exact,3,0A2A5,8,2,1024,0,7FFFB000,1,1000:7FFF8000:2000:0
1051,finite_exact,3,0A2A5,16,3,1024,0,55552800,1,800:55550000:2000:0
1052,finite_exact,3,0A2A5,31,2,2,2,803F8423,1,421:7FFF8000:400000:2
1053,finite_exact,3,0A2A5,255,65535,3,1,002BAB2D,1,81:10000:2AAAAB:1
1054,finite_exact,3,0A2A5,1,32768,256,1,0002FFFF,1,8000:1FFFE:8000:1
1055,finite_exact,3,0A2A5,3,3,1024,65535,55564AAB,1,2AAB:55550000:2000:10000
