trace_id,partition,seed,trace_sha256,trace_index,state_id,proposed_action,selected_action,profile_payload_hex,dwell_count_sat,switched,success,no_path,selected_path,reward_total,next_state_id,done
manual_ring6_v0,manual,,c5fca408fd5311b3ad17c4fac913ace26a322164f2606c218fb4e44d3c7592de,0,180,1,1,1B516,1,0,1,0,0-1-2-3,5.507142857143,93,0
manual_ring6_v0,manual,,c5fca408fd5311b3ad17c4fac913ace26a322164f2606c218fb4e44d3c7592de,1,93,2,1,1B516,2,0,1,0,0-5-4-3,4.507142857143,88,0
manual_ring6_v0,manual,,c5fca408fd5311b3ad17c4fac913ace26a322164f2606c218fb4e44d3c7592de,2,88,2,1,1B516,3,0,1,0,0-5-4-3,4.450000000000,156,0
manual_ring6_v0,manual,,c5fca408fd5311b3ad17c4fac913ace26a322164f2606c218fb4e44d3c7592de,3,156,2,2,14399,1,1,1,0,0-1-2-3,5.514285714286,158,0
manual_ring6_v0,manual,,c5fca408fd5311b3ad17c4fac913ace26a322164f2606c218fb4e44d3c7592de,4,158,1,2,14399,2,0,1,0,0-1-2,5.871428571429,170,0
manual_ring6_v0,manual,,c5fca408fd5311b3ad17c4fac913ace26a322164f2606c218fb4e44d3c7592de,5,170,0,2,14399,3,0,1,0,0-1-2,4.728571428571,174,0
manual_ring6_v0,manual,,c5fca408fd5311b3ad17c4fac913ace26a322164f2606c218fb4e44d3c7592de,6,174,0,0,13329,1,1,1,0,0-5-4-3,5.200000000000,166,0
manual_ring6_v0,manual,,c5fca408fd5311b3ad17c4fac913ace26a322164f2606c218fb4e44d3c7592de,7,166,3,0,13329,2,0,1,0,0-5-4-3,4.950000000000,,1
ring6_seed2003_len512,test,2003,52e590b70cf4dad07f2ecfd2fd74a1cf67e9d514c085b3c440492b2523dfe655,0,172,1,1,1B516,1,0,1,0,0-1-2-3,5.475000000000,188,0
ring6_seed2003_len512,test,2003,52e590b70cf4dad07f2ecfd2fd74a1cf67e9d514c085b3c440492b2523dfe655,1,188,3,1,1B516,2,0,1,0,0-5-4-3,5.325000000000,188,0
ring6_seed2003_len512,test,2003,52e590b70cf4dad07f2ecfd2fd74a1cf67e9d514c085b3c440492b2523dfe655,2,188,3,1,1B516,3,0,1,0,0-1-2-3,5.350000000000,244,0
ring6_seed2003_len512,test,2003,52e590b70cf4dad07f2ecfd2fd74a1cf67e9d514c085b3c440492b2523dfe655,3,244,0,0,13329,1,1,1,0,0-1-2-3,5.027272727273,241,0
ring6_seed2003_len512,test,2003,52e590b70cf4dad07f2ecfd2fd74a1cf67e9d514c085b3c440492b2523dfe655,4,241,1,0,13329,2,0,1,0,0-5-4-3,5.200000000000,252,0
ring6_seed2003_len512,test,2003,52e590b70cf4dad07f2ecfd2fd74a1cf67e9d514c085b3c440492b2523dfe655,5,252,0,0,13329,3,0,1,0,0-5-4-3,5.219230769231,248,0
ring6_seed2003_len512,test,2003,52e590b70cf4dad07f2ecfd2fd74a1cf67e9d514c085b3c440492b2523dfe655,6,248,0,0,13329,3,0,1,0,0-1-2-3,5.164285714286,252,0
ring6_seed2003_len512,test,2003,52e590b70cf4dad07f2ecfd2fd74a1cf67e9d514c085b3c440492b2523dfe655,7,252,0,0,13329,3,0,1,0,0-5-4-3,5.183333333333,252,0
ring6_seed2003_len512,test,2003,52e590b70cf4dad07f2ecfd2fd74a1cf67e9d514c085b3c440492b2523dfe655,8,252,0,0,13329,3,0,1,0,0-5-4-3,5.316666666667,248,0
ring6_seed2003_len512,test,2003,52e590b70cf4dad07f2ecfd2fd74a1cf67e9d514c085b3c440492b2523dfe655,9,248,0,0,13329,3,0,1,0,0-5-4-3,5.250000000000,253,0
ring6_seed2003_len512,test,2003,52e590b70cf4dad07f2ecfd2fd74a1cf67e9d514c085b3c440492b2523dfe655,10,253,3,3,0A2A5,1,1,1,0,0-5-4-3,4.733333333333,253,0
ring6_seed2003_len512,test,2003,52e590b70cf4dad07f2ecfd2fd74a1cf67e9d514c085b3c440492b2523dfe655,11,253,3,3,0A2A5,2,0,1,0,0-1-2-3,5.012500000000,253,0
ring6_seed2003_len512,test,2003,52e590b70cf4dad07f2ecfd2fd74a1cf67e9d514c085b3c440492b2523dfe655,12,253,3,3,0A2A5,3,0,1,0,0-1-2-3,5.012500000000,252,0
ring6_seed2003_len512,test,2003,52e590b70cf4dad07f2ecfd2fd74a1cf67e9d514c085b3c440492b2523dfe655,13,252,0,0,13329,1,1,1,0,0-5-4-3,4.766666666667,249,0
ring6_seed2003_len512,test,2003,52e590b70cf4dad07f2ecfd2fd74a1cf67e9d514c085b3c440492b2523dfe655,14,249,2,0,13329,2,0,1,0,0-5-4-3,5.050000000000,249,0
ring6_seed2003_len512,test,2003,52e590b70cf4dad07f2ecfd2fd74a1cf67e9d514c085b3c440492b2523dfe655,15,249,2,0,13329,3,0,1,0,0-5-4-3,4.883333333333,246,0
ring6_seed2003_len512,test,2003,52e590b70cf4dad07f2ecfd2fd74a1cf67e9d514c085b3c440492b2523dfe655,16,246,2,2,14399,1,1,1,0,0-1-2-3,4.675000000000,254,0
ring6_seed2003_len512,test,2003,52e590b70cf4dad07f2ecfd2fd74a1cf67e9d514c085b3c440492b2523dfe655,17,254,1,2,14399,2,0,1,0,0-1-2-3,5.087500000000,253,0
ring6_seed2003_len512,test,2003,52e590b70cf4dad07f2ecfd2fd74a1cf67e9d514c085b3c440492b2523dfe655,18,253,3,2,14399,3,0,1,0,0-5-4-3,4.983333333333,254,0
ring6_seed2003_len512,test,2003,52e590b70cf4dad07f2ecfd2fd74a1cf67e9d514c085b3c440492b2523dfe655,19,254,1,1,1B516,1,1,1,0,0-1-2-3,4.575000000000,254,0
ring6_seed2003_len512,test,2003,52e590b70cf4dad07f2ecfd2fd74a1cf67e9d514c085b3c440492b2523dfe655,20,254,1,1,1B516,2,0,1,0,0-1-2-3,4.887500000000,253,0
ring6_seed2003_len512,test,2003,52e590b70cf4dad07f2ecfd2fd74a1cf67e9d514c085b3c440492b2523dfe655,21,253,3,1,1B516,3,0,1,0,0-1-2-3,4.916666666667,252,0
ring6_seed2003_len512,test,2003,52e590b70cf4dad07f2ecfd2fd74a1cf67e9d514c085b3c440492b2523dfe655,22,252,0,0,13329,1,1,1,0,0-5-4-3,4.700000000000,249,0
ring6_seed2003_len512,test,2003,52e590b70cf4dad07f2ecfd2fd74a1cf67e9d514c085b3c440492b2523dfe655,23,249,2,0,13329,2,0,1,0,0-1-2-3,5.016666666667,252,0
ring6_seed2003_len512,test,2003,52e590b70cf4dad07f2ecfd2fd74a1cf67e9d514c085b3c440492b2523dfe655,24,252,0,0,13329,3,0,1,0,0-5-4-3,4.916666666667,252,0
ring6_seed2003_len512,test,2003,52e590b70cf4dad07f2ecfd2fd74a1cf67e9d514c085b3c440492b2523dfe655,25,252,0,0,13329,3,0,1,0,0-1-2-3,5.050000000000,245,0
ring6_seed2003_len512,test,2003,52e590b70cf4dad07f2ecfd2fd74a1cf67e9d514c085b3c440492b2523dfe655,26,245,1,1,1B516,1,1,1,0,0-5-4-3,4.637500000000,241,0
ring6_seed2003_len512,test,2003,52e590b70cf4dad07f2ecfd2fd74a1cf67e9d514c085b3c440492b2523dfe655,27,241,1,1,1B516,2,0,1,0,0-5-4-3,5.116666666667,240,0
ring6_seed2003_len512,test,2003,52e590b70cf4dad07f2ecfd2fd74a1cf67e9d514c085b3c440492b2523dfe655,28,240,3,1,1B516,3,0,1,0,0-5-4-3,4.850000000000,253,0
ring6_seed2003_len512,test,2003,52e590b70cf4dad07f2ecfd2fd74a1cf67e9d514c085b3c440492b2523dfe655,29,253,3,3,0A2A5,1,1,1,0,0-1-2-3,4.666666666667,252,0
ring6_seed2003_len512,test,2003,52e590b70cf4dad07f2ecfd2fd74a1cf67e9d514c085b3c440492b2523dfe655,30,252,0,3,0A2A5,2,0,1,0,0-5-4-3,4.916666666667,252,0
ring6_seed2003_len512,test,2003,52e590b70cf4dad07f2ecfd2fd74a1cf67e9d514c085b3c440492b2523dfe655,31,252,0,3,0A2A5,3,0,1,0,0-5-4-3,4.916666666667,244,0
ring6_seed2003_len512,test,2003,52e590b70cf4dad07f2ecfd2fd74a1cf67e9d514c085b3c440492b2523dfe655,32,244,0,0,13329,1,1,1,0,0-1-2-3,4.666666666667,212,0
ring6_seed2003_len512,test,2003,52e590b70cf4dad07f2ecfd2fd74a1cf67e9d514c085b3c440492b2523dfe655,33,212,1,0,13329,2,0,1,0,0-1-2-3,5.478571428571,208,0
ring6_seed2003_len512,test,2003,52e590b70cf4dad07f2ecfd2fd74a1cf67e9d514c085b3c440492b2523dfe655,34,208,1,0,13329,3,0,1,0,0-1-2-3,5.357692307692,210,0
ring6_seed2003_len512,test,2003,52e590b70cf4dad07f2ecfd2fd74a1cf67e9d514c085b3c440492b2523dfe655,35,210,1,1,1B516,1,1,1,0,0-5-4-3,3.784615384615,220,0
ring6_seed2003_len512,test,2003,52e590b70cf4dad07f2ecfd2fd74a1cf67e9d514c085b3c440492b2523dfe655,36,220,1,1,1B516,2,0,1,0,0-5-4-3,4.050000000000,208,0
ring6_seed2003_len512,test,2003,52e590b70cf4dad07f2ecfd2fd74a1cf67e9d514c085b3c440492b2523dfe655,37,208,1,1,1B516,3,0,1,0,0-1-2-3,5.466666666667,216,0
ring6_seed2003_len512,test,2003,52e590b70cf4dad07f2ecfd2fd74a1cf67e9d514c085b3c440492b2523dfe655,38,216,1,1,1B516,3,0,1,0,0-5-4-3,4.050000000000,220,0
ring6_seed2003_len512,test,2003,52e590b70cf4dad07f2ecfd2fd74a1cf67e9d514c085b3c440492b2523dfe655,39,220,1,1,1B516,3,0,1,0,0-5-4-3,3.983333333333,221,0
ring6_seed2003_len512,test,2003,52e590b70cf4dad07f2ecfd2fd74a1cf67e9d514c085b3c440492b2523dfe655,40,221,3,3,0A2A5,1,1,1,0,0-5-4-3,3.733333333333,221,0
ring6_seed2003_len512,test,2003,52e590b70cf4dad07f2ecfd2fd74a1cf67e9d514c085b3c440492b2523dfe655,41,221,3,3,0A2A5,2,0,1,0,0-5-4-3,3.916666666667,210,0
ring6_seed2003_len512,test,2003,52e590b70cf4dad07f2ecfd2fd74a1cf67e9d514c085b3c440492b2523dfe655,42,210,1,3,0A2A5,3,0,1,0,0-5-4-3,3.916666666667,210,0
ring6_seed2003_len512,test,2003,52e590b70cf4dad07f2ecfd2fd74a1cf67e9d514c085b3c440492b2523dfe655,43,210,1,1,1B516,1,1,1,0,0-1-2-3,5.175000000000,156,0
ring6_seed2003_len512,test,2003,52e590b70cf4dad07f2ecfd2fd74a1cf67e9d514c085b3c440492b2523dfe655,44,156,2,1,1B516,2,0,1,0,0-1-2-3,5.350000000000,149,0
ring6_seed2003_len512,test,2003,52e590b70cf4dad07f2ecfd2fd74a1cf67e9d514c085b3c440492b2523dfe655,45,149,1,1,1B516,3,0,1,0,0-5-4-3,3.983333333333,156,0
ring6_seed2003_len512,test,2003,52e590b70cf4dad07f2ecfd2fd74a1cf67e9d514c085b3c440492b2523dfe655,46,156,2,2,14399,1,1,1,0,0-1-2-3,5.022222222222,153,0
ring6_seed2003_len512,test,2003,52e590b70cf4dad07f2ecfd2fd74a1cf67e9d514c085b3c440492b2523dfe655,47,153,1,2,14399,2,0,1,0,0-1-2-3,5.050000000000,159,0
ring6_seed2003_len512,test,2003,52e590b70cf4dad07f2ecfd2fd74a1cf67e9d514c085b3c440492b2523dfe655,48,159,2,2,14399,3,0,1,0,0-1-2-3,5.050000000000,95,0
ring6_seed2003_len512,test,2003,52e590b70cf4dad07f2ecfd2fd74a1cf67e9d514c085b3c440492b2523dfe655,49,95,0,0,13329,1,1,1,0,0-5-4-3,3.400000000000,94,0
ring6_seed2003_len512,test,2003,52e590b70cf4dad07f2ecfd2fd74a1cf67e9d514c085b3c440492b2523dfe655,50,94,2,0,13329,2,0,1,0,0-5-4-3,3.792857142857,81,0
ring6_seed2003_len512,test,2003,52e590b70cf4dad07f2ecfd2fd74a1cf67e9d514c085b3c440492b2523dfe655,51,81,2,0,13329,3,0,1,0,0-5-4-3,3.792857142857,89,0
ring6_seed2003_len512,test,2003,52e590b70cf4dad07f2ecfd2fd74a1cf67e9d514c085b3c440492b2523dfe655,52,89,2,2,14399,1,1,1,0,0-1-2-3,4.800000000000,83,0
ring6_seed2003_len512,test,2003,52e590b70cf4dad07f2ecfd2fd74a1cf67e9d514c085b3c440492b2523dfe655,53,83,2,2,14399,2,0,1,0,0-1-2-3,5.050000000000,95,0
ring6_seed2003_len512,test,2003,52e590b70cf4dad07f2ecfd2fd74a1cf67e9d514c085b3c440492b2523dfe655,54,95,0,2,14399,3,0,1,0,0-1-2-3,5.050000000000,83,0
ring6_seed2003_len512,test,2003,52e590b70cf4dad07f2ecfd2fd74a1cf67e9d514c085b3c440492b2523dfe655,55,83,2,2,14399,3,0,1,0,0-1-2-3,5.050000000000,19,0
ring6_seed2003_len512,test,2003,52e590b70cf4dad07f2ecfd2fd74a1cf67e9d514c085b3c440492b2523dfe655,56,19,2,2,14399,3,0,1,0,0-1-2-3,5.050000000000,27,0
ring6_seed2003_len512,test,2003,52e590b70cf4dad07f2ecfd2fd74a1cf67e9d514c085b3c440492b2523dfe655,57,27,2,2,14399,3,0,1,0,0-1-2-3,5.050000000000,23,0
ring6_seed2003_len512,test,2003,52e590b70cf4dad07f2ecfd2fd74a1cf67e9d514c085b3c440492b2523dfe655,58,23,2,2,14399,3,0,1,0,0-1-2-3,5.050000000000,23,0
ring6_seed2003_len512,test,2003,52e590b70cf4dad07f2ecfd2fd74a1cf67e9d514c085b3c440492b2523dfe655,59,23,2,2,14399,3,0,1,0,0-5-4-3,3.650000000000,31,0
ring6_seed2003_len512,test,2003,52e590b70cf4dad07f2ecfd2fd74a1cf67e9d514c085b3c440492b2523dfe655,60,31,2,2,14399,3,0,1,0,0-5-4-3,3.650000000000,31,0
ring6_seed2003_len512,test,2003,52e590b70cf4dad07f2ecfd2fd74a1cf67e9d514c085b3c440492b2523dfe655,61,31,2,2,14399,3,0,1,0,0-5-4-3,3.650000000000,27,0
ring6_seed2003_len512,test,2003,52e590b70cf4dad07f2ecfd2fd74a1cf67e9d514c085b3c440492b2523dfe655,62,27,2,2,14399,3,0,1,0,0-5-4-3,3.650000000000,31,0
ring6_seed2003_len512,test,2003,52e590b70cf4dad07f2ecfd2fd74a1cf67e9d514c085b3c440492b2523dfe655,63,31,2,2,14399,3,0,1,0,0-5-4-3,3.650000000000,31,0
ring6_seed2003_len512,test,2003,52e590b70cf4dad07f2ecfd2fd74a1cf67e9d514c085b3c440492b2523dfe655,64,31,2,2,14399,3,0,1,0,0-5-4-3,3.650000000000,27,0
ring6_seed2003_len512,test,2003,52e590b70cf4dad07f2ecfd2fd74a1cf67e9d514c085b3c440492b2523dfe655,65,27,2,2,14399,3,0,1,0,0-1-2-3,5.050000000000,23,0
ring6_seed2003_len512,test,2003,52e590b70cf4dad07f2ecfd2fd74a1cf67e9d514c085b3c440492b2523dfe655,66,23,2,2,14399,3,0,1,0,0-1-2-3,5.050000000000,27,0
ring6_seed2003_len512,test,2003,52e590b70cf4dad07f2ecfd2fd74a1cf67e9d514c085b3c440492b2523dfe655,67,27,2,2,14399,3,0,1,0,0-1-2-3,5.050000000000,31,0
ring6_seed2003_len512,test,2003,52e590b70cf4dad07f2ecfd2fd74a1cf67e9d514c085b3c440492b2523dfe655,68,31,2,2,14399,3,0,1,0,0-1-2-3,5.050000000000,23,0
ring6_seed2003_len512,test,2003,52e590b70cf4dad07f2ecfd2fd74a1cf67e9d514c085b3c440492b2523dfe655,69,23,2,2,14399,3,0,1,0,0-1-2-3,5.050000000000,31,0
ring6_seed2003_len512,test,2003,52e590b70cf4dad07f2ecfd2fd74a1cf67e9d514c085b3c440492b2523dfe655,70,31,2,2,14399,3,0,1,0,0-1-2-3,5.050000000000,31,0
ring6_seed2003_len512,test,2003,52e590b70cf4dad07f2ecfd2fd74a1cf67e9d514c085b3c440492b2523dfe655,71,31,2,2,14399,3,0,1,0,0-1-2-3,5.050000000000,23,0
ring6_seed2003_len512,test,2003,52e590b70cf4dad07f2ecfd2fd74a1cf67e9d514c085b3c440492b2523dfe655,72,23,2,2,14399,3,0,1,0,0-1-2-3,5.050000000000,31,0
ring6_seed2003_len512,test,2003,52e590b70cf4dad07f2ecfd2fd74a1cf67e9d514c085b3c440492b2523dfe655,73,31,2,2,14399,3,0,1,0,0-1-2-3,5.050000000000,31,0
ring6_seed2003_len512,test,2003,52e590b70cf4dad07f2ecfd2fd74a1cf67e9d514c085b3c440492b2523dfe655,74,31,2,2,14399,3,0,1,0,0-1-2-3,5.050000000000,31,0
ring6_seed2003_len512,test,2003,52e590b70cf4dad07f2ecfd2fd74a1cf67e9d514c085b3c440492b2523dfe655,75,31,2,2,14399,3,0,1,0,0-1-2-3,5.050000000000,27,0
ring6_seed2003_len512,test,2003,52e590b70cf4dad07f2ecfd2fd74a1cf67e9d514c085b3c440492b2523dfe655,76,27,2,2,14399,3,0,1,0,0-1-2-3,5.050000000000,27,0
ring6_seed2003_len512,test,2003,52e590b70cf4dad07f2ecfd2fd74a1cf67e9d514c085b3c440492b2523dfe655,77,27,2,2,14399,3,0,1,0,0-1-2-3,5.050000000000,31,0
ring6_seed2003_len512,test,2003,52e590b70cf4dad07f2ecfd2fd74a1cf67e9d514c085b3c440492b2523dfe655,78,31,2,2,14399,3,0,1,0,0-1-2-3,5.050000000000,23,0
ring6_seed2003_len512,test,2003,52e590b70cf4dad07f2ecfd2fd74a1cf67e9d514c085b3c440492b2523dfe655,79,23,2,2,14399,3,0,1,0,0-1-2-3,5.050000000000,23,0
ring6_seed2003_len512,test,2003,52e590b70cf4dad07f2ecfd2fd74a1cf67e9d514c085b3c440492b2523dfe655,80,23,2,2,14399,3,0,1,0,0-1-2-3,5.050000000000,31,0
ring6_seed2003_len512,test,2003,52e590b70cf4dad07f2ecfd2fd74a1cf67e9d514c085b3c440492b2523dfe655,81,31,2,2,14399,3,0,1,0,0-1-2-3,5.050000000000,19,0
ring6_seed2003_len512,test,2003,52e590b70cf4dad07f2ecfd2fd74a1cf67e9d514c085b3c440492b2523dfe655,82,19,2,2,14399,3,0,1,0,0-1-2-3,5.050000000000,19,0
ring6_seed2003_len512,test,2003,52e590b70cf4dad07f2ecfd2fd74a1cf67e9d514c085b3c440492b2523dfe655,83,19,2,2,14399,3,0,1,0,0-1-2-3,5.050000000000,23,0
ring6_seed2003_len512,test,2003,52e590b70cf4dad07f2ecfd2fd74a1cf67e9d514c085b3c440492b2523dfe655,84,23,2,2,14399,3,0,1,0,0-1-2-3,5.050000000000,23,0
ring6_seed2003_len512,test,2003,52e590b70cf4dad07f2ecfd2fd74a1cf67e9d514c085b3c440492b2523dfe655,85,23,2,2,14399,3,0,1,0,0-1-2-3,5.050000000000,27,0
ring6_seed2003_len512,test,2003,52e590b70cf4dad07f2ecfd2fd74a1cf67e9d514c085b3c440492b2523dfe655,86,27,2,2,14399,3,0,1,0,0-1-2-3,5.050000000000,27,0
ring6_seed2003_len512,test,2003,52e590b70cf4dad07f2ecfd2fd74a1cf67e9d514c085b3c440492b2523dfe655,87,27,2,2,14399,3,0,1,0,0-1-2-3,5.050000000000,19,0
ring6_seed2003_len512,test,2003,52e590b70cf4dad07f2ecfd2fd74a1cf67e9d514c085b3c440492b2523dfe655,88,19,2,2,14399,3,0,1,0,0-1-2-3,5.050000000000,31,0
ring6_seed2003_len512,test,2003,52e590b70cf4dad07f2ecfd2fd74a1cf67e9d514c085b3c440492b2523dfe655,89,31,2,2,14399,3,0,1,0,0-1-2-3,5.050000000000,31,0
ring6_seed2003_len512,test,2003,52e590b70cf4dad07f2ecfd2fd74a1cf67e9d514c085b3c440492b2523dfe655,90,31,2,2,14399,3,0,1,0,0-1-2-3,5.050000000000,27,0
ring6_seed2003_len512,test,2003,52e590b70cf4dad07f2ecfd2fd74a1cf67e9d514c085b3c440492b2523dfe655,91,27,2,2,14399,3,0,1,0,0-1-2-3,5.050000000000,31,0
ring6_seed2003_len512,test,2003,52e590b70cf4dad07f2ecfd2fd74a1cf67e9d514c085b3c440492b2523dfe655,92,31,2,2,14399,3,0,1,0,0-1-2-3,5.050000000000,19,0
ring6_seed2003_len512,test,2003,52e590b70cf4dad07f2ecfd2fd74a1cf67e9d514c085b3c440492b2523dfe655,93,19,2,2,14399,3,0,1,0,0-1-2-3,5.050000000000,23,0
ring6_seed2003_len512,test,2003,52e590b70cf4dad07f2ecfd2fd74a1cf67e9d514c085b3c440492b2523dfe655,94,23,2,2,14399,3,0,1,0,0-1-2-3,5.050000000000,23,0
ring6_seed2003_len512,test,2003,52e590b70cf4dad07f2ecfd2fd74a1cf67e9d514c085b3c440492b2523dfe655,95,23,2,2,14399,3,0,1,0,0-1-2-3,5.050000000000,31,0
ring6_seed2003_len512,test,2003,52e590b70cf4dad07f2ecfd2fd74a1cf67e9d514c085b3c440492b2523dfe655,96,31,2,2,14399,3,0,1,0,0-1-2-3,5.050000000000,63,0
ring6_seed2003_len512,test,2003,52e590b70cf4dad07f2ecfd2fd74a1cf67e9d514c085b3c440492b2523dfe655,97,63,1,1,1B516,1,1,1,0,0-5-4-3,4.300000000000,63,0
ring6_seed2003_len512,test,2003,52e590b70cf4dad07f2ecfd2fd74a1cf67e9d514c085b3c440492b2523dfe655,98,63,1,1,1B516,2,0,1,0,0-5-4-3,4.450000000000,127,0
ring6_seed2003_len512,test,2003,52e590b70cf4dad07f2ecfd2fd74a1cf67e9d514c085b3c440492b2523dfe655,99,127,3,1,1B516,3,0,1,0,0-5-4-3,4.650000000000,127,0
ring6_seed2003_len512,test,2003,52e590b70cf4dad07f2ecfd2fd74a1cf67e9d514c085b3c440492b2523dfe655,100,127,3,3,0A2A5,1,1,1,0,0-5-4-3,4.200000000000,127,0
ring6_seed2003_len512,test,2003,52e590b70cf4dad07f2ecfd2fd74a1cf67e9d514c085b3c440492b2523dfe655,101,127,3,3,0A2A5,2,0,1,0,0-5-4-3,4.450000000000,191,0
ring6_seed2003_len512,test,2003,52e590b70cf4dad07f2ecfd2fd74a1cf67e9d514c085b3c440492b2523dfe655,102,191,2,3,0A2A5,3,0,1,0,0-1-2-3,4.450000000000,191,0
ring6_seed2003_len512,test,2003,52e590b70cf4dad07f2ecfd2fd74a1cf67e9d514c085b3c440492b2523dfe655,103,191,2,2,14399,1,1,1,0,0-1-2-3,4.300000000000,191,0
ring6_seed2003_len512,test,2003,52e590b70cf4dad07f2ecfd2fd74a1cf67e9d514c085b3c440492b2523dfe655,104,191,2,2,14399,2,0,1,0,0-5-4-3,4.450000000000,191,0
ring6_seed2003_len512,test,2003,52e590b70cf4dad07f2ecfd2fd74a1cf67e9d514c085b3c440492b2523dfe655,105,191,2,2,14399,3,0,1,0,0-1-2-3,4.550000000000,191,0
ring6_seed2003_len512,test,2003,52e590b70cf4dad07f2ecfd2fd74a1cf67e9d514c085b3c440492b2523dfe655,106,191,2,2,14399,3,0,1,0,0-5-4-3,4.931818181818,254,0
ring6_seed2003_len512,test,2003,52e590b70cf4dad07f2ecfd2fd74a1cf67e9d514c085b3c440492b2523dfe655,107,254,1,1,1B516,1,1,1,0,0-5-4-3,4.533333333333,252,0
ring6_seed2003_len512,test,2003,52e590b70cf4dad07f2ecfd2fd74a1cf67e9d514c085b3c440492b2523dfe655,108,252,0,1,1B516,2,0,1,0,0-5-4-3,4.950000000000,253,0
ring6_seed2003_len512,test,2003,52e590b70cf4dad07f2ecfd2fd74a1cf67e9d514c085b3c440492b2523dfe655,109,253,3,1,1B516,3,0,1,0,0-1-2-3,4.887500000000,253,0
ring6_seed2003_len512,test,2003,52e590b70cf4dad07f2ecfd2fd74a1cf67e9d514c085b3c440492b2523dfe655,110,253,3,3,0A2A5,1,1,1,0,0-5-4-3,4.533333333333,254,0
ring6_seed2003_len512,test,2003,52e590b70cf4dad07f2ecfd2fd74a1cf67e9d514c085b3c440492b2523dfe655,111,254,1,3,0A2A5,2,0,1,0,0-1-2-3,4.825000000000,254,0
ring6_seed2003_len512,test,2003,52e590b70cf4dad07f2ecfd2fd74a1cf67e9d514c085b3c440492b2523dfe655,112,254,1,3,0A2A5,3,0,1,0,0-1-2-3,4.825000000000,254,0
ring6_seed2003_len512,test,2003,52e590b70cf4dad07f2ecfd2fd74a1cf67e9d514c085b3c440492b2523dfe655,113,254,1,1,1B516,1,1,1,0,0-1-2-3,4.637500000000,253,0
ring6_seed2003_len512,test,2003,52e590b70cf4dad07f2ecfd2fd74a1cf67e9d514c085b3c440492b2523dfe655,114,253,3,1,1B516,2,0,1,0,0-1-2-3,4.916666666667,252,0
ring6_seed2003_len512,test,2003,52e590b70cf4dad07f2ecfd2fd74a1cf67e9d514c085b3c440492b2523dfe655,115,252,0,1,1B516,3,0,1,0,0-1-2-3,4.850000000000,253,0
ring6_seed2003_len512,test,2003,52e590b70cf4dad07f2ecfd2fd74a1cf67e9d514c085b3c440492b2523dfe655,116,253,3,3,0A2A5,1,1,1,0,0-5-4-3,4.637500000000,253,0
ring6_seed2003_len512,test,2003,52e590b70cf4dad07f2ecfd2fd74a1cf67e9d514c085b3c440492b2523dfe655,117,253,3,3,0A2A5,2,0,1,0,0-1-2-3,4.883333333333,254,0
ring6_seed2003_len512,test,2003,52e590b70cf4dad07f2ecfd2fd74a1cf67e9d514c085b3c440492b2523dfe655,118,254,1,3,0A2A5,3,0,1,0,0-1-2-3,4.883333333333,254,0
ring6_seed2003_len512,test,2003,52e590b70cf4dad07f2ecfd2fd74a1cf67e9d514c085b3c440492b2523dfe655,119,254,1,1,1B516,1,1,1,0,0-5-4-3,4.837500000000,253,0
ring6_seed2003_len512,test,2003,52e590b70cf4dad07f2ecfd2fd74a1cf67e9d514c085b3c440492b2523dfe655,120,253,3,1,1B516,2,0,1,0,0-5-4-3,4.887500000000,253,0
ring6_seed2003_len512,test,2003,52e590b70cf4dad07f2ecfd2fd74a1cf67e9d514c085b3c440492b2523dfe655,121,253,3,1,1B516,3,0,1,0,0-5-4-3,4.916666666667,252,0
ring6_seed2003_len512,test,2003,52e590b70cf4dad07f2ecfd2fd74a1cf67e9d514c085b3c440492b2523dfe655,122,252,0,0,13329,1,1,1,0,0-1-2-3,4.600000000000,253,0
ring6_seed2003_len512,test,2003,52e590b70cf4dad07f2ecfd2fd74a1cf67e9d514c085b3c440492b2523dfe655,123,253,3,0,13329,2,0,1,0,0-5-4-3,4.987500000000,253,0
ring6_seed2003_len512,test,2003,52e590b70cf4dad07f2ecfd2fd74a1cf67e9d514c085b3c440492b2523dfe655,124,253,3,0,13329,3,0,1,0,0-1-2-3,4.783333333333,254,0
ring6_seed2003_len512,test,2003,52e590b70cf4dad07f2ecfd2fd74a1cf67e9d514c085b3c440492b2523dfe655,125,254,1,1,1B516,1,1,1,0,0-5-4-3,4.737500000000,253,0
ring6_seed2003_len512,test,2003,52e590b70cf4dad07f2ecfd2fd74a1cf67e9d514c085b3c440492b2523dfe655,126,253,3,1,1B516,2,0,1,0,0-5-4-3,4.887500000000,253,0
ring6_seed2003_len512,test,2003,52e590b70cf4dad07f2ecfd2fd74a1cf67e9d514c085b3c440492b2523dfe655,127,253,3,1,1B516,3,0,1,0,0-5-4-3,4.916666666667,243,0
ring6_seed2003_len512,test,2003,52e590b70cf4dad07f2ecfd2fd74a1cf67e9d514c085b3c440492b2523dfe655,128,243,1,1,1B516,3,0,1,0,0-1-2,5.366666666667,239,0
ring6_seed2003_len512,test,2003,52e590b70cf4dad07f2ecfd2fd74a1cf67e9d514c085b3c440492b2523dfe655,129,239,1,1,1B516,3,0,1,0,0-1-2,4.766666666667,235,0
ring6_seed2003_len512,test,2003,52e590b70cf4dad07f2ecfd2fd74a1cf67e9d514c085b3c440492b2523dfe655,130,235,3,3,0A2A5,1,1,1,0,0-1-2,4.516666666667,239,0
ring6_seed2003_len512,test,2003,52e590b70cf4dad07f2ecfd2fd74a1cf67e9d514c085b3c440492b2523dfe655,131,239,1,3,0A2A5,2,0,1,0,0-1-2,4.766666666667,231,0
ring6_seed2003_len512,test,2003,52e590b70cf4dad07f2ecfd2fd74a1cf67e9d514c085b3c440492b2523dfe655,132,231,1,3,0A2A5,3,0,1,0,0-1-2,4.700000000000,235,0
ring6_seed2003_len512,test,2003,52e590b70cf4dad07f2ecfd2fd74a1cf67e9d514c085b3c440492b2523dfe655,133,235,3,3,0A2A5,3,0,1,0,0-1-2,4.700000000000,227,0
ring6_seed2003_len512,test,2003,52e590b70cf4dad07f2ecfd2fd74a1cf67e9d514c085b3c440492b2523dfe655,134,227,1,1,1B516,1,1,1,0,0-5-4-3-2,4.016666666667,226,0
ring6_seed2003_len512,test,2003,52e590b70cf4dad07f2ecfd2fd74a1cf67e9d514c085b3c440492b2523dfe655,135,226,3,1,1B516,2,0,1,0,0-1-2,4.700000000000,235,0
ring6_seed2003_len512,test,2003,52e590b70cf4dad07f2ecfd2fd74a1cf67e9d514c085b3c440492b2523dfe655,136,235,3,1,1B516,3,0,1,0,0-5-4-3-2,4.237500000000,238,0
ring6_seed2003_len512,test,2003,52e590b70cf4dad07f2ecfd2fd74a1cf67e9d514c085b3c440492b2523dfe655,137,238,1,1,1B516,3,0,1,0,0-5-4-3-2,4.237500000000,238,0
ring6_seed2003_len512,test,2003,52e590b70cf4dad07f2ecfd2fd74a1cf67e9d514c085b3c440492b2523dfe655,138,238,1,1,1B516,3,0,1,0,0-5-4-3-2,4.266666666667,238,0
ring6_seed2003_len512,test,2003,52e590b70cf4dad07f2ecfd2fd74a1cf67e9d514c085b3c440492b2523dfe655,139,238,1,1,1B516,3,0,1,0,0-1-2,4.700000000000,234,0
ring6_seed2003_len512,test,2003,52e590b70cf4dad07f2ecfd2fd74a1cf67e9d514c085b3c440492b2523dfe655,140,234,2,2,14399,1,1,1,0,0-1-2,4.450000000000,238,0
ring6_seed2003_len512,test,2003,52e590b70cf4dad07f2ecfd2fd74a1cf67e9d514c085b3c440492b2523dfe655,141,238,1,2,14399,2,0,1,0,0-1-2,4.633333333333,226,0
ring6_seed2003_len512,test,2003,52e590b70cf4dad07f2ecfd2fd74a1cf67e9d514c085b3c440492b2523dfe655,142,226,3,2,14399,3,0,1,0,0-1-2,4.566666666667,238,0
ring6_seed2003_len512,test,2003,52e590b70cf4dad07f2ecfd2fd74a1cf67e9d514c085b3c440492b2523dfe655,143,238,1,1,1B516,1,1,1,0,0-5-4-3-2,3.862500000000,226,0
ring6_seed2003_len512,test,2003,52e590b70cf4dad07f2ecfd2fd74a1cf67e9d514c085b3c440492b2523dfe655,144,226,3,1,1B516,2,0,1,0,0-5-4-3-2,4.175000000000,238,0
ring6_seed2003_len512,test,2003,52e590b70cf4dad07f2ecfd2fd74a1cf67e9d514c085b3c440492b2523dfe655,145,238,1,1,1B516,3,0,1,0,0-5-4-3-2,4.237500000000,225,0
ring6_seed2003_len512,test,2003,52e590b70cf4dad07f2ecfd2fd74a1cf67e9d514c085b3c440492b2523dfe655,146,225,3,3,0A2A5,1,1,1,0,0-1-2,4.450000000000,233,0
ring6_seed2003_len512,test,2003,52e590b70cf4dad07f2ecfd2fd74a1cf67e9d514c085b3c440492b2523dfe655,147,233,0,3,0A2A5,2,0,1,0,0-1-2,4.700000000000,237,0
ring6_seed2003_len512,test,2003,52e590b70cf4dad07f2ecfd2fd74a1cf67e9d514c085b3c440492b2523dfe655,148,237,0,3,0A2A5,3,0,1,0,0-1-2,4.700000000000,233,0
ring6_seed2003_len512,test,2003,52e590b70cf4dad07f2ecfd2fd74a1cf67e9d514c085b3c440492b2523dfe655,149,233,0,0,13329,1,1,1,0,0-1-2,4.450000000000,237,0
ring6_seed2003_len512,test,2003,52e590b70cf4dad07f2ecfd2fd74a1cf67e9d514c085b3c440492b2523dfe655,150,237,0,0,13329,2,0,1,0,0-1-2,4.633333333333,238,0
ring6_seed2003_len512,test,2003,52e590b70cf4dad07f2ecfd2fd74a1cf67e9d514c085b3c440492b2523dfe655,151,238,1,0,13329,3,0,1,0,0-1-2,4.633333333333,234,0
ring6_seed2003_len512,test,2003,52e590b70cf4dad07f2ecfd2fd74a1cf67e9d514c085b3c440492b2523dfe655,152,234,2,2,14399,1,1,1,0,0-1-2,4.316666666667,230,0
ring6_seed2003_len512,test,2003,52e590b70cf4dad07f2ecfd2fd74a1cf67e9d514c085b3c440492b2523dfe655,153,230,2,2,14399,2,0,1,0,0-1-2,4.500000000000,239,0
ring6_seed2003_len512,test,2003,52e590b70cf4dad07f2ecfd2fd74a1cf67e9d514c085b3c440492b2523dfe655,154,239,1,2,14399,3,0,1,0,0-1-2,4.433333333333,239,0
ring6_seed2003_len512,test,2003,52e590b70cf4dad07f2ecfd2fd74a1cf67e9d514c085b3c440492b2523dfe655,155,239,1,1,1B516,1,1,1,0,0-5-4-3-2,3.800000000000,227,0
ring6_seed2003_len512,test,2003,52e590b70cf4dad07f2ecfd2fd74a1cf67e9d514c085b3c440492b2523dfe655,156,227,1,1,1B516,2,0,1,0,0-5-4-3-2,4.112500000000,238,0
ring6_seed2003_len512,test,2003,52e590b70cf4dad07f2ecfd2fd74a1cf67e9d514c085b3c440492b2523dfe655,157,238,1,1,1B516,3,0,1,0,0-5-4-3-2,4.175000000000,238,0
ring6_seed2003_len512,test,2003,52e590b70cf4dad07f2ecfd2fd74a1cf67e9d514c085b3c440492b2523dfe655,158,238,1,1,1B516,3,0,1,0,0-5-4-3-2,4.237500000000,225,0
ring6_seed2003_len512,test,2003,52e590b70cf4dad07f2ecfd2fd74a1cf67e9d514c085b3c440492b2523dfe655,159,225,3,3,0A2A5,1,1,1,0,0-1-2,4.383333333333,227,0
ring6_seed2003_len512,test,2003,52e590b70cf4dad07f2ecfd2fd74a1cf67e9d514c085b3c440492b2523dfe655,160,227,1,3,0A2A5,2,0,1,0,0-5-4-3,5.325000000000,239,0
ring6_seed2003_len512,test,2003,52e590b70cf4dad07f2ecfd2fd74a1cf67e9d514c085b3c440492b2523dfe655,161,239,1,3,0A2A5,3,0,1,0,0-5-4-3,4.425000000000,227,0
ring6_seed2003_len512,test,2003,52e590b70cf4dad07f2ecfd2fd74a1cf67e9d514c085b3c440492b2523dfe655,162,227,1,1,1B516,1,1,1,0,0-5-4-3,4.237500000000,239,0
ring6_seed2003_len512,test,2003,52e590b70cf4dad07f2ecfd2fd74a1cf67e9d514c085b3c440492b2523dfe655,163,239,1,1,1B516,2,0,1,0,0-5-4-3,4.516666666667,231,0
ring6_seed2003_len512,test,2003,52e590b70cf4dad07f2ecfd2fd74a1cf67e9d514c085b3c440492b2523dfe655,164,231,1,1,1B516,3,0,1,0,0-5-4-3,4.650000000000,239,0
ring6_seed2003_len512,test,2003,52e590b70cf4dad07f2ecfd2fd74a1cf67e9d514c085b3c440492b2523dfe655,165,239,1,1,1B516,3,0,1,0,0-1-2-3,4.287500000000,234,0
ring6_seed2003_len512,test,2003,52e590b70cf4dad07f2ecfd2fd74a1cf67e9d514c085b3c440492b2523dfe655,166,234,2,2,14399,1,1,1,0,0-5-4-3,4.333333333333,239,0
ring6_seed2003_len512,test,2003,52e590b70cf4dad07f2ecfd2fd74a1cf67e9d514c085b3c440492b2523dfe655,167,239,1,2,14399,2,0,1,0,0-5-4-3,4.716666666667,227,0
ring6_seed2003_len512,test,2003,52e590b70cf4dad07f2ecfd2fd74a1cf67e9d514c085b3c440492b2523dfe655,168,227,1,2,14399,3,0,1,0,0-5-4-3,4.650000000000,227,0
ring6_seed2003_len512,test,2003,52e590b70cf4dad07f2ecfd2fd74a1cf67e9d514c085b3c440492b2523dfe655,169,227,1,1,1B516,1,1,1,0,0-1-2-3,3.850000000000,235,0
ring6_seed2003_len512,test,2003,52e590b70cf4dad07f2ecfd2fd74a1cf67e9d514c085b3c440492b2523dfe655,170,235,3,1,1B516,2,0,1,0,0-1-2-3,4.300000000000,231,0
ring6_seed2003_len512,test,2003,52e590b70cf4dad07f2ecfd2fd74a1cf67e9d514c085b3c440492b2523dfe655,171,231,1,1,1B516,3,0,1,0,0-1-2-3,4.162500000000,238,0
ring6_seed2003_len512,test,2003,52e590b70cf4dad07f2ecfd2fd74a1cf67e9d514c085b3c440492b2523dfe655,172,238,1,1,1B516,3,0,1,0,0-1-2-3,4.225000000000,234,0
ring6_seed2003_len512,test,2003,52e590b70cf4dad07f2ecfd2fd74a1cf67e9d514c085b3c440492b2523dfe655,173,234,2,2,14399,1,1,1,0,0-5-4-3,4.333333333333,234,0
ring6_seed2003_len512,test,2003,52e590b70cf4dad07f2ecfd2fd74a1cf67e9d514c085b3c440492b2523dfe655,174,234,2,2,14399,2,0,1,0,0-5-4-3,4.383333333333,238,0
ring6_seed2003_len512,test,2003,52e590b70cf4dad07f2ecfd2fd74a1cf67e9d514c085b3c440492b2523dfe655,175,238,1,2,14399,3,0,1,0,0-5-4-3,4.516666666667,238,0
ring6_seed2003_len512,test,2003,52e590b70cf4dad07f2ecfd2fd74a1cf67e9d514c085b3c440492b2523dfe655,176,238,1,1,1B516,1,1,1,0,0-1-2-3,3.975000000000,238,0
ring6_seed2003_len512,test,2003,52e590b70cf4dad07f2ecfd2fd74a1cf67e9d514c085b3c440492b2523dfe655,177,238,1,1,1B516,2,0,1,0,0-1-2-3,4.466666666667,237,0
ring6_seed2003_len512,test,2003,52e590b70cf4dad07f2ecfd2fd74a1cf67e9d514c085b3c440492b2523dfe655,178,237,0,1,1B516,3,0,1,0,0-5-4-3,4.650000000000,225,0
ring6_seed2003_len512,test,2003,52e590b70cf4dad07f2ecfd2fd74a1cf67e9d514c085b3c440492b2523dfe655,179,225,3,3,0A2A5,1,1,1,0,0-5-4-3,4.200000000000,237,0
ring6_seed2003_len512,test,2003,52e590b70cf4dad07f2ecfd2fd74a1cf67e9d514c085b3c440492b2523dfe655,180,237,0,3,0A2A5,2,0,1,0,0-5-4-3,4.850000000000,225,0
ring6_seed2003_len512,test,2003,52e590b70cf4dad07f2ecfd2fd74a1cf67e9d514c085b3c440492b2523dfe655,181,225,3,3,0A2A5,3,0,1,0,0-5-4-3,4.383333333333,238,0
ring6_seed2003_len512,test,2003,52e590b70cf4dad07f2ecfd2fd74a1cf67e9d514c085b3c440492b2523dfe655,182,238,1,1,1B516,1,1,1,0,0-1-2-3,4.437500000000,237,0
ring6_seed2003_len512,test,2003,52e590b70cf4dad07f2ecfd2fd74a1cf67e9d514c085b3c440492b2523dfe655,183,237,0,1,1B516,2,0,1,0,0-1-2-3,4.234615384615,224,0
ring6_seed2003_len512,test,2003,52e590b70cf4dad07f2ecfd2fd74a1cf67e9d514c085b3c440492b2523dfe655,184,224,3,1,1B516,3,0,1,0,0-5-4-3,4.834615384615,236,0
ring6_seed2003_len512,test,2003,52e590b70cf4dad07f2ecfd2fd74a1cf67e9d514c085b3c440492b2523dfe655,185,236,1,1,1B516,3,0,1,0,0-5-4-3,4.650000000000,233,0
ring6_seed2003_len512,test,2003,52e590b70cf4dad07f2ecfd2fd74a1cf67e9d514c085b3c440492b2523dfe655,186,233,0,0,13329,1,1,1,0,0-5-4-3,4.133333333333,234,0
ring6_seed2003_len512,test,2003,52e590b70cf4dad07f2ecfd2fd74a1cf67e9d514c085b3c440492b2523dfe655,187,234,2,0,13329,2,0,1,0,0-5-4-3,4.316666666667,226,0
ring6_seed2003_len512,test,2003,52e590b70cf4dad07f2ecfd2fd74a1cf67e9d514c085b3c440492b2523dfe655,188,226,3,0,13329,3,0,1,0,0-5-4-3,4.650000000000,239,0
ring6_seed2003_len512,test,2003,52e590b70cf4dad07f2ecfd2fd74a1cf67e9d514c085b3c440492b2523dfe655,189,239,1,1,1B516,1,1,1,0,0-1-2-3,3.912500000000,226,0
ring6_seed2003_len512,test,2003,52e590b70cf4dad07f2ecfd2fd74a1cf67e9d514c085b3c440492b2523dfe655,190,226,3,1,1B516,2,0,1,0,0-1-2-3,4.225000000000,233,0
ring6_seed2003_len512,test,2003,52e590b70cf4dad07f2ecfd2fd74a1cf67e9d514c085b3c440492b2523dfe655,191,233,0,1,1B516,3,0,1,0,0-1-2-3,4.287500000000,232,0
ring6_seed2003_len512,test,2003,52e590b70cf4dad07f2ecfd2fd74a1cf67e9d514c085b3c440492b2523dfe655,192,232,0,0,13329,1,1,1,0,0-5-4-3,4.133333333333,254,0
ring6_seed2003_len512,test,2003,52e590b70cf4dad07f2ecfd2fd74a1cf67e9d514c085b3c440492b2523dfe655,193,254,1,0,13329,2,0,1,0,0-5-4-3,4.716666666667,250,0
ring6_seed2003_len512,test,2003,52e590b70cf4dad07f2ecfd2fd74a1cf67e9d514c085b3c440492b2523dfe655,194,250,1,0,13329,3,0,1,0,0-1-2-3,4.925000000000,250,0
ring6_seed2003_len512,test,2003,52e590b70cf4dad07f2ecfd2fd74a1cf67e9d514c085b3c440492b2523dfe655,195,250,1,1,1B516,1,1,1,0,0-1-2-3,4.837500000000,253,0
ring6_seed2003_len512,test,2003,52e590b70cf4dad07f2ecfd2fd74a1cf67e9d514c085b3c440492b2523dfe655,196,253,3,1,1B516,2,0,1,0,0-1-2-3,4.916666666667,240,0
ring6_seed2003_len512,test,2003,52e590b70cf4dad07f2ecfd2fd74a1cf67e9d514c085b3c440492b2523dfe655,197,240,3,1,1B516,3,0,1,0,0-1-2-3,4.850000000000,245,0
ring6_seed2003_len512,test,2003,52e590b70cf4dad07f2ecfd2fd74a1cf67e9d514c085b3c440492b2523dfe655,198,245,1,1,1B516,3,0,1,0,0-5-4-3,5.016666666667,252,0
ring6_seed2003_len512,test,2003,52e590b70cf4dad07f2ecfd2fd74a1cf67e9d514c085b3c440492b2523dfe655,199,252,0,0,13329,1,1,1,0,0-5-4-3,4.600000000000,253,0
ring6_seed2003_len512,test,2003,52e590b70cf4dad07f2ecfd2fd74a1cf67e9d514c085b3c440492b2523dfe655,200,253,3,0,13329,2,0,1,0,0-5-4-3,4.950000000000,245,0
ring6_seed2003_len512,test,2003,52e590b70cf4dad07f2ecfd2fd74a1cf67e9d514c085b3c440492b2523dfe655,201,245,1,0,13329,3,0,1,0,0-1-2-3,4.916666666667,252,0
ring6_seed2003_len512,test,2003,52e590b70cf4dad07f2ecfd2fd74a1cf67e9d514c085b3c440492b2523dfe655,202,252,0,0,13329,3,0,1,0,0-5-4-3,4.916666666667,252,0
ring6_seed2003_len512,test,2003,52e590b70cf4dad07f2ecfd2fd74a1cf67e9d514c085b3c440492b2523dfe655,203,252,0,0,13329,3,0,1,0,0-5-4-3,5.116666666667,252,0
ring6_seed2003_len512,test,2003,52e590b70cf4dad07f2ecfd2fd74a1cf67e9d514c085b3c440492b2523dfe655,204,252,0,0,13329,3,0,1,0,0-1-2-3,4.850000000000,253,0
ring6_seed2003_len512,test,2003,52e590b70cf4dad07f2ecfd2fd74a1cf67e9d514c085b3c440492b2523dfe655,205,253,3,3,0A2A5,1,1,1,0,0-5-4-3,4.766666666667,244,0
ring6_seed2003_len512,test,2003,52e590b70cf4dad07f2ecfd2fd74a1cf67e9d514c085b3c440492b2523dfe655,206,244,0,3,0A2A5,2,0,1,0,0-5-4-3,4.850000000000,253,0
ring6_seed2003_len512,test,2003,52e590b70cf4dad07f2ecfd2fd74a1cf67e9d514c085b3c440492b2523dfe655,207,253,3,3,0A2A5,3,0,1,0,0-1-2-3,4.887500000000,245,0
ring6_seed2003_len512,test,2003,52e590b70cf4dad07f2ecfd2fd74a1cf67e9d514c085b3c440492b2523dfe655,208,245,1,1,1B516,1,1,1,0,0-1-2-3,4.666666666667,244,0
ring6_seed2003_len512,test,2003,52e590b70cf4dad07f2ecfd2fd74a1cf67e9d514c085b3c440492b2523dfe655,209,244,0,1,1B516,2,0,1,0,0-5-4-3,5.016666666667,252,0
ring6_seed2003_len512,test,2003,52e590b70cf4dad07f2ecfd2fd74a1cf67e9d514c085b3c440492b2523dfe655,210,252,0,1,1B516,3,0,1,0,0-1-2-3,4.916666666667,252,0
ring6_seed2003_len512,test,2003,52e590b70cf4dad07f2ecfd2fd74a1cf67e9d514c085b3c440492b2523dfe655,211,252,0,0,13329,1,1,1,0,0-5-4-3,4.700000000000,253,0
ring6_seed2003_len512,test,2003,52e590b70cf4dad07f2ecfd2fd74a1cf67e9d514c085b3c440492b2523dfe655,212,253,3,0,13329,2,0,1,0,0-1-2-3,5.087500000000,249,0
ring6_seed2003_len512,test,2003,52e590b70cf4dad07f2ecfd2fd74a1cf67e9d514c085b3c440492b2523dfe655,213,249,2,0,13329,3,0,1,0,0-5-4-3,4.783333333333,250,0
ring6_seed2003_len512,test,2003,52e590b70cf4dad07f2ecfd2fd74a1cf67e9d514c085b3c440492b2523dfe655,214,250,1,1,1B516,1,1,1,0,0-1-2-3,4.637500000000,249,0
ring6_seed2003_len512,test,2003,52e590b70cf4dad07f2ecfd2fd74a1cf67e9d514c085b3c440492b2523dfe655,215,249,2,1,1B516,2,0,1,0,0-1-2-3,4.916666666667,252,0
ring6_seed2003_len512,test,2003,52e590b70cf4dad07f2ecfd2fd74a1cf67e9d514c085b3c440492b2523dfe655,216,252,0,1,1B516,3,0,1,0,0-1-2-3,4.950000000000,249,0
ring6_seed2003_len512,test,2003,52e590b70cf4dad07f2ecfd2fd74a1cf67e9d514c085b3c440492b2523dfe655,217,249,2,2,14399,1,1,1,0,0-5-4-3,4.766666666667,244,0
ring6_seed2003_len512,test,2003,52e590b70cf4dad07f2ecfd2fd74a1cf67e9d514c085b3c440492b2523dfe655,218,244,0,2,14399,2,0,1,0,0-5-4-3,5.016666666667,252,0
ring6_seed2003_len512,test,2003,52e590b70cf4dad07f2ecfd2fd74a1cf67e9d514c085b3c440492b2523dfe655,219,252,0,2,14399,3,0,1,0,0-1-2-3,4.850000000000,245,0
ring6_seed2003_len512,test,2003,52e590b70cf4dad07f2ecfd2fd74a1cf67e9d514c085b3c440492b2523dfe655,220,245,1,1,1B516,1,1,1,0,0-5-4-3,4.766666666667,248,0
ring6_seed2003_len512,test,2003,52e590b70cf4dad07f2ecfd2fd74a1cf67e9d514c085b3c440492b2523dfe655,221,248,0,1,1B516,2,0,1,0,0-5-4-3,5.016666666667,252,0
ring6_seed2003_len512,test,2003,52e590b70cf4dad07f2ecfd2fd74a1cf67e9d514c085b3c440492b2523dfe655,222,252,0,1,1B516,3,0,1,0,0-5-4-3,4.916666666667,244,0
ring6_seed2003_len512,test,2003,52e590b70cf4dad07f2ecfd2fd74a1cf67e9d514c085b3c440492b2523dfe655,223,244,0,0,13329,1,1,1,0,0-5-4-3,4.600000000000,241,0
ring6_seed2003_len512,test,2003,52e590b70cf4dad07f2ecfd2fd74a1cf67e9d514c085b3c440492b2523dfe655,224,241,1,0,13329,2,0,1,0,0-5-4-3,4.783333333333,214,0
ring6_seed2003_len512,test,2003,52e590b70cf4dad07f2ecfd2fd74a1cf67e9d514c085b3c440492b2523dfe655,225,214,2,0,13329,3,0,1,0,0-1-2-3,5.487500000000,220,0
ring6_seed2003_len512,test,2003,52e590b70cf4dad07f2ecfd2fd74a1cf67e9d514c085b3c440492b2523dfe655,226,220,1,1,1B516,1,1,1,0,0-1-2-3,5.237500000000,208,0
ring6_seed2003_len512,test,2003,52e590b70cf4dad07f2ecfd2fd74a1cf67e9d514c085b3c440492b2523dfe655,227,208,1,1,1B516,2,0,1,0,0-1-2-3,5.434615384615,208,0
ring6_seed2003_len512,test,2003,52e590b70cf4dad07f2ecfd2fd74a1cf67e9d514c085b3c440492b2523dfe655,228,208,1,1,1B516,3,0,1,0,0-5-4-3,4.050000000000,208,0
ring6_seed2003_len512,test,2003,52e590b70cf4dad07f2ecfd2fd74a1cf67e9d514c085b3c440492b2523dfe655,229,208,1,1,1B516,3,0,1,0,0-1-2-3,5.383333333333,221,0
ring6_seed2003_len512,test,2003,52e590b70cf4dad07f2ecfd2fd74a1cf67e9d514c085b3c440492b2523dfe655,230,221,3,3,0A2A5,1,1,1,0,0-5-4-3,3.800000000000,208,0
ring6_seed2003_len512,test,2003,52e590b70cf4dad07f2ecfd2fd74a1cf67e9d514c085b3c440492b2523dfe655,231,208,1,3,0A2A5,2,0,1,0,0-5-4-3,3.983333333333,217,0
ring6_seed2003_len512,test,2003,52e590b70cf4dad07f2ecfd2fd74a1cf67e9d514c085b3c440492b2523dfe655,232,217,3,3,0A2A5,3,0,1,0,0-5-4-3,3.916666666667,222,0
ring6_seed2003_len512,test,2003,52e590b70cf4dad07f2ecfd2fd74a1cf67e9d514c085b3c440492b2523dfe655,233,222,1,1,1B516,1,1,1,0,0-1-2-3,5.175000000000,152,0
ring6_seed2003_len512,test,2003,52e590b70cf4dad07f2ecfd2fd74a1cf67e9d514c085b3c440492b2523dfe655,234,152,1,1,1B516,2,0,1,0,0-1-2-3,5.350000000000,157,0
ring6_seed2003_len512,test,2003,52e590b70cf4dad07f2ecfd2fd74a1cf67e9d514c085b3c440492b2523dfe655,235,157,1,1,1B516,3,0,1,0,0-5-4-3,3.983333333333,156,0
ring6_seed2003_len512,test,2003,52e590b70cf4dad07f2ecfd2fd74a1cf67e9d514c085b3c440492b2523dfe655,236,156,2,2,14399,1,1,1,0,0-1-2-3,5.022222222222,157,0
ring6_seed2003_len512,test,2003,52e590b70cf4dad07f2ecfd2fd74a1cf67e9d514c085b3c440492b2523dfe655,237,157,1,2,14399,2,0,1,0,0-1-2-3,5.050000000000,159,0
ring6_seed2003_len512,test,2003,52e590b70cf4dad07f2ecfd2fd74a1cf67e9d514c085b3c440492b2523dfe655,238,159,2,2,14399,3,0,1,0,0-1-2-3,5.050000000000,83,0
ring6_seed2003_len512,test,2003,52e590b70cf4dad07f2ecfd2fd74a1cf67e9d514c085b3c440492b2523dfe655,239,83,2,2,14399,3,0,1,0,0-1-2-3,5.050000000000,95,0
ring6_seed2003_len512,test,2003,52e590b70cf4dad07f2ecfd2fd74a1cf67e9d514c085b3c440492b2523dfe655,240,95,0,0,13329,1,1,1,0,0-5-4-3,3.400000000000,87,0
ring6_seed2003_len512,test,2003,52e590b70cf4dad07f2ecfd2fd74a1cf67e9d514c085b3c440492b2523dfe655,241,87,2,0,13329,2,0,1,0,0-5-4-3,3.650000000000,83,0
ring6_seed2003_len512,test,2003,52e590b70cf4dad07f2ecfd2fd74a1cf67e9d514c085b3c440492b2523dfe655,242,83,2,0,13329,3,0,1,0,0-5-4-3,3.650000000000,91,0
ring6_seed2003_len512,test,2003,52e590b70cf4dad07f2ecfd2fd74a1cf67e9d514c085b3c440492b2523dfe655,243,91,2,2,14399,1,1,1,0,0-1-2-3,4.800000000000,87,0
ring6_seed2003_len512,test,2003,52e590b70cf4dad07f2ecfd2fd74a1cf67e9d514c085b3c440492b2523dfe655,244,87,2,2,14399,2,0,1,0,0-1-2-3,5.050000000000,91,0
ring6_seed2003_len512,test,2003,52e590b70cf4dad07f2ecfd2fd74a1cf67e9d514c085b3c440492b2523dfe655,245,91,2,2,14399,3,0,1,0,0-1-2-3,5.050000000000,31,0
ring6_seed2003_len512,test,2003,52e590b70cf4dad07f2ecfd2fd74a1cf67e9d514c085b3c440492b2523dfe655,246,31,2,2,14399,3,0,1,0,0-1-2-3,5.050000000000,27,0
ring6_seed2003_len512,test,2003,52e590b70cf4dad07f2ecfd2fd74a1cf67e9d514c085b3c440492b2523dfe655,247,27,2,2,14399,3,0,1,0,0-1-2-3,5.050000000000,31,0
ring6_seed2003_len512,test,2003,52e590b70cf4dad07f2ecfd2fd74a1cf67e9d514c085b3c440492b2523dfe655,248,31,2,2,14399,3,0,1,0,0-1-2-3,5.050000000000,31,0
ring6_seed2003_len512,test,2003,52e590b70cf4dad07f2ecfd2fd74a1cf67e9d514c085b3c440492b2523dfe655,249,31,2,2,14399,3,0,1,0,0-5-4-3,3.650000000000,27,0
ring6_seed2003_len512,test,2003,52e590b70cf4dad07f2ecfd2fd74a1cf67e9d514c085b3c440492b2523dfe655,250,27,2,2,14399,3,0,1,0,0-5-4-3,3.650000000000,23,0
ring6_seed2003_len512,test,2003,52e590b70cf4dad07f2ecfd2fd74a1cf67e9d514c085b3c440492b2523dfe655,251,23,2,2,14399,3,0,1,0,0-5-4-3,3.650000000000,19,0
ring6_seed2003_len512,test,2003,52e590b70cf4dad07f2ecfd2fd74a1cf67e9d514c085b3c440492b2523dfe655,252,19,2,2,14399,3,0,1,0,0-5-4-3,3.650000000000,19,0
ring6_seed2003_len512,test,2003,52e590b70cf4dad07f2ecfd2fd74a1cf67e9d514c085b3c440492b2523dfe655,253,19,2,2,14399,3,0,1,0,0-5-4-3,3.650000000000,19,0
ring6_seed2003_len512,test,2003,52e590b70cf4dad07f2ecfd2fd74a1cf67e9d514c085b3c440492b2523dfe655,254,19,2,2,14399,3,0,1,0,0-5-4-3,3.650000000000,31,0
ring6_seed2003_len512,test,2003,52e590b70cf4dad07f2ecfd2fd74a1cf67e9d514c085b3c440492b2523dfe655,255,31,2,2,14399,3,0,1,0,0-5-4-3,3.650000000000,23,0
ring6_seed2003_len512,test,2003,52e590b70cf4dad07f2ecfd2fd74a1cf67e9d514c085b3c440492b2523dfe655,256,23,2,2,14399,3,0,1,0,0-5-4-3,3.650000000000,23,0
ring6_seed2003_len512,test,2003,52e590b70cf4dad07f2ecfd2fd74a1cf67e9d514c085b3c440492b2523dfe655,257,23,2,2,14399,3,0,1,0,0-1-2-3,5.050000000000,31,0
ring6_seed2003_len512,test,2003,52e590b70cf4dad07f2ecfd2fd74a1cf67e9d514c085b3c440492b2523dfe655,258,31,2,2,14399,3,0,1,0,0-1-2-3,5.050000000000,19,0
ring6_seed2003_len512,test,2003,52e590b70cf4dad07f2ecfd2fd74a1cf67e9d514c085b3c440492b2523dfe655,259,19,2,2,14399,3,0,1,0,0-1-2-3,5.050000000000,19,0
ring6_seed2003_len512,test,2003,52e590b70cf4dad07f2ecfd2fd74a1cf67e9d514c085b3c440492b2523dfe655,260,19,2,2,14399,3,0,1,0,0-1-2-3,5.050000000000,23,0
ring6_seed2003_len512,test,2003,52e590b70cf4dad07f2ecfd2fd74a1cf67e9d514c085b3c440492b2523dfe655,261,23,2,2,14399,3,0,1,0,0-1-2-3,5.050000000000,23,0
ring6_seed2003_len512,test,2003,52e590b70cf4dad07f2ecfd2fd74a1cf67e9d514c085b3c440492b2523dfe655,262,23,2,2,14399,3,0,1,0,0-1-2-3,5.050000000000,19,0
ring6_seed2003_len512,test,2003,52e590b70cf4dad07f2ecfd2fd74a1cf67e9d514c085b3c440492b2523dfe655,263,19,2,2,14399,3,0,1,0,0-1-2-3,5.050000000000,31,0
ring6_seed2003_len512,test,2003,52e590b70cf4dad07f2ecfd2fd74a1cf67e9d514c085b3c440492b2523dfe655,264,31,2,2,14399,3,0,1,0,0-1-2-3,5.050000000000,31,0
ring6_seed2003_len512,test,2003,52e590b70cf4dad07f2ecfd2fd74a1cf67e9d514c085b3c440492b2523dfe655,265,31,2,2,14399,3,0,1,0,0-1-2-3,5.050000000000,23,0
ring6_seed2003_len512,test,2003,52e590b70cf4dad07f2ecfd2fd74a1cf67e9d514c085b3c440492b2523dfe655,266,23,2,2,14399,3,0,1,0,0-1-2-3,5.050000000000,23,0
ring6_seed2003_len512,test,2003,52e590b70cf4dad07f2ecfd2fd74a1cf67e9d514c085b3c440492b2523dfe655,267,23,2,2,14399,3,0,1,0,0-1-2-3,5.050000000000,27,0
ring6_seed2003_len512,test,2003,52e590b70cf4dad07f2ecfd2fd74a1cf67e9d514c085b3c440492b2523dfe655,268,27,2,2,14399,3,0,1,0,0-1-2-3,5.050000000000,31,0
ring6_seed2003_len512,test,2003,52e590b70cf4dad07f2ecfd2fd74a1cf67e9d514c085b3c440492b2523dfe655,269,31,2,2,14399,3,0,1,0,0-1-2-3,5.050000000000,23,0
ring6_seed2003_len512,test,2003,52e590b70cf4dad07f2ecfd2fd74a1cf67e9d514c085b3c440492b2523dfe655,270,23,2,2,14399,3,0,1,0,0-1-2-3,5.050000000000,19,0
ring6_seed2003_len512,test,2003,52e590b70cf4dad07f2ecfd2fd74a1cf67e9d514c085b3c440492b2523dfe655,271,19,2,2,14399,3,0,1,0,0-1-2-3,5.050000000000,19,0
ring6_seed2003_len512,test,2003,52e590b70cf4dad07f2ecfd2fd74a1cf67e9d514c085b3c440492b2523dfe655,272,19,2,2,14399,3,0,1,0,0-1-2-3,5.050000000000,31,0
ring6_seed2003_len512,test,2003,52e590b70cf4dad07f2ecfd2fd74a1cf67e9d514c085b3c440492b2523dfe655,273,31,2,2,14399,3,0,1,0,0-1-2-3,5.050000000000,23,0
ring6_seed2003_len512,test,2003,52e590b70cf4dad07f2ecfd2fd74a1cf67e9d514c085b3c440492b2523dfe655,274,23,2,2,14399,3,0,1,0,0-1-2-3,5.050000000000,27,0
ring6_seed2003_len512,test,2003,52e590b70cf4dad07f2ecfd2fd74a1cf67e9d514c085b3c440492b2523dfe655,275,27,2,2,14399,3,0,1,0,0-1-2-3,5.050000000000,19,0
ring6_seed2003_len512,test,2003,52e590b70cf4dad07f2ecfd2fd74a1cf67e9d514c085b3c440492b2523dfe655,276,19,2,2,14399,3,0,1,0,0-1-2-3,5.050000000000,31,0
ring6_seed2003_len512,test,2003,52e590b70cf4dad07f2ecfd2fd74a1cf67e9d514c085b3c440492b2523dfe655,277,31,2,2,14399,3,0,1,0,0-1-2-3,5.050000000000,19,0
ring6_seed2003_len512,test,2003,52e590b70cf4dad07f2ecfd2fd74a1cf67e9d514c085b3c440492b2523dfe655,278,19,2,2,14399,3,0,1,0,0-1-2-3,5.050000000000,27,0
ring6_seed2003_len512,test,2003,52e590b70cf4dad07f2ecfd2fd74a1cf67e9d514c085b3c440492b2523dfe655,279,27,2,2,14399,3,0,1,0,0-1-2-3,5.050000000000,31,0
ring6_seed2003_len512,test,2003,52e590b70cf4dad07f2ecfd2fd74a1cf67e9d514c085b3c440492b2523dfe655,280,31,2,2,14399,3,0,1,0,0-1-2-3,5.050000000000,31,0
ring6_seed2003_len512,test,2003,52e590b70cf4dad07f2ecfd2fd74a1cf67e9d514c085b3c440492b2523dfe655,281,31,2,2,14399,3,0,1,0,0-1-2-3,5.050000000000,23,0
ring6_seed2003_len512,test,2003,52e590b70cf4dad07f2ecfd2fd74a1cf67e9d514c085b3c440492b2523dfe655,282,23,2,2,14399,3,0,1,0,0-1-2-3,5.050000000000,31,0
ring6_seed2003_len512,test,2003,52e590b70cf4dad07f2ecfd2fd74a1cf67e9d514c085b3c440492b2523dfe655,283,31,2,2,14399,3,0,1,0,0-1-2-3,5.050000000000,23,0
ring6_seed2003_len512,test,2003,52e590b70cf4dad07f2ecfd2fd74a1cf67e9d514c085b3c440492b2523dfe655,284,23,2,2,14399,3,0,1,0,0-1-2-3,5.050000000000,23,0
ring6_seed2003_len512,test,2003,52e590b70cf4dad07f2ecfd2fd74a1cf67e9d514c085b3c440492b2523dfe655,285,23,2,2,14399,3,0,1,0,0-1-2-3,5.050000000000,27,0
ring6_seed2003_len512,test,2003,52e590b70cf4dad07f2ecfd2fd74a1cf67e9d514c085b3c440492b2523dfe655,286,27,2,2,14399,3,0,1,0,0-1-2-3,5.050000000000,31,0
ring6_seed2003_len512,test,2003,52e590b70cf4dad07f2ecfd2fd74a1cf67e9d514c085b3c440492b2523dfe655,287,31,2,2,14399,3,0,1,0,0-1-2-3,5.050000000000,31,0
ring6_seed2003_len512,test,2003,52e590b70cf4dad07f2ecfd2fd74a1cf67e9d514c085b3c440492b2523dfe655,288,31,2,2,14399,3,0,1,0,0-1-2-3,5.050000000000,63,0
ring6_seed2003_len512,test,2003,52e590b70cf4dad07f2ecfd2fd74a1cf67e9d514c085b3c440492b2523dfe655,289,63,1,1,1B516,1,1,1,0,0-5-4-3,4.200000000000,63,0
ring6_seed2003_len512,test,2003,52e590b70cf4dad07f2ecfd2fd74a1cf67e9d514c085b3c440492b2523dfe655,290,63,1,1,1B516,2,0,1,0,0-5-4-3,4.450000000000,127,0
ring6_seed2003_len512,test,2003,52e590b70cf4dad07f2ecfd2fd74a1cf67e9d514c085b3c440492b2523dfe655,291,127,3,1,1B516,3,0,1,0,0-5-4-3,4.550000000000,127,0
ring6_seed2003_len512,test,2003,52e590b70cf4dad07f2ecfd2fd74a1cf67e9d514c085b3c440492b2523dfe655,292,127,3,3,0A2A5,1,1,1,0,0-5-4-3,4.200000000000,127,0
ring6_seed2003_len512,test,2003,52e590b70cf4dad07f2ecfd2fd74a1cf67e9d514c085b3c440492b2523dfe655,293,127,3,3,0A2A5,2,0,1,0,0-5-4-3,4.450000000000,191,0
ring6_seed2003_len512,test,2003,52e590b70cf4dad07f2ecfd2fd74a1cf67e9d514c085b3c440492b2523dfe655,294,191,2,3,0A2A5,3,0,1,0,0-5-4-3,4.450000000000,191,0
ring6_seed2003_len512,test,2003,52e590b70cf4dad07f2ecfd2fd74a1cf67e9d514c085b3c440492b2523dfe655,295,191,2,2,14399,1,1,1,0,0-5-4-3,4.400000000000,190,0
ring6_seed2003_len512,test,2003,52e590b70cf4dad07f2ecfd2fd74a1cf67e9d514c085b3c440492b2523dfe655,296,190,1,2,14399,2,0,1,0,0-5-4-3,4.722727272727,253,0
ring6_seed2003_len512,test,2003,52e590b70cf4dad07f2ecfd2fd74a1cf67e9d514c085b3c440492b2523dfe655,297,253,3,2,14399,3,0,1,0,0-5-4-3,4.850000000000,253,0
ring6_seed2003_len512,test,2003,52e590b70cf4dad07f2ecfd2fd74a1cf67e9d514c085b3c440492b2523dfe655,298,253,3,3,0A2A5,1,1,1,0,0-1-2-3,4.616666666667,253,0
ring6_seed2003_len512,test,2003,52e590b70cf4dad07f2ecfd2fd74a1cf67e9d514c085b3c440492b2523dfe655,299,253,3,3,0A2A5,2,0,1,0,0-1-2-3,4.987500000000,253,0
ring6_seed2003_len512,test,2003,52e590b70cf4dad07f2ecfd2fd74a1cf67e9d514c085b3c440492b2523dfe655,300,253,3,3,0A2A5,3,0,1,0,0-5-4-3,4.783333333333,254,0
ring6_seed2003_len512,test,2003,52e590b70cf4dad07f2ecfd2fd74a1cf67e9d514c085b3c440492b2523dfe655,301,254,1,1,1B516,1,1,1,0,0-1-2-3,4.775000000000,254,0
ring6_seed2003_len512,test,2003,52e590b70cf4dad07f2ecfd2fd74a1cf67e9d514c085b3c440492b2523dfe655,302,254,1,1,1B516,2,0,1,0,0-1-2-3,4.925000000000,254,0
ring6_seed2003_len512,test,2003,52e590b70cf4dad07f2ecfd2fd74a1cf67e9d514c085b3c440492b2523dfe655,303,254,1,1,1B516,3,0,1,0,0-1-2-3,5.025000000000,254,0
ring6_seed2003_len512,test,2003,52e590b70cf4dad07f2ecfd2fd74a1cf67e9d514c085b3c440492b2523dfe655,304,254,1,1,1B516,3,0,1,0,0-1-2-3,4.825000000000,254,0
ring6_seed2003_len512,test,2003,52e590b70cf4dad07f2ecfd2fd74a1cf67e9d514c085b3c440492b2523dfe655,305,254,1,1,1B516,3,0,1,0,0-1-2-3,4.887500000000,253,0
ring6_seed2003_len512,test,2003,52e590b70cf4dad07f2ecfd2fd74a1cf67e9d514c085b3c440492b2523dfe655,306,253,3,3,0A2A5,1,1,1,0,0-1-2-3,4.666666666667,252,0
ring6_seed2003_len512,test,2003,52e590b70cf4dad07f2ecfd2fd74a1cf67e9d514c085b3c440492b2523dfe655,307,252,0,3,0A2A5,2,0,1,0,0-1-2-3,4.850000000000,253,0
ring6_seed2003_len512,test,2003,52e590b70cf4dad07f2ecfd2fd74a1cf67e9d514c085b3c440492b2523dfe655,308,253,3,3,0A2A5,3,0,1,0,0-5-4-3,4.887500000000,253,0
ring6_seed2003_len512,test,2003,52e590b70cf4dad07f2ecfd2fd74a1cf67e9d514c085b3c440492b2523dfe655,309,253,3,3,0A2A5,3,0,1,0,0-1-2-3,4.783333333333,254,0
ring6_seed2003_len512,test,2003,52e590b70cf4dad07f2ecfd2fd74a1cf67e9d514c085b3c440492b2523dfe655,310,254,1,1,1B516,1,1,1,0,0-5-4-3,4.575000000000,254,0
ring6_seed2003_len512,test,2003,52e590b70cf4dad07f2ecfd2fd74a1cf67e9d514c085b3c440492b2523dfe655,311,254,1,1,1B516,2,0,1,0,0-5-4-3,5.025000000000,254,0
ring6_seed2003_len512,test,2003,52e590b70cf4dad07f2ecfd2fd74a1cf67e9d514c085b3c440492b2523dfe655,312,254,1,1,1B516,3,0,1,0,0-5-4-3,4.925000000000,254,0
ring6_seed2003_len512,test,2003,52e590b70cf4dad07f2ecfd2fd74a1cf67e9d514c085b3c440492b2523dfe655,313,254,1,1,1B516,3,0,1,0,0-5-4-3,4.825000000000,254,0
ring6_seed2003_len512,test,2003,52e590b70cf4dad07f2ecfd2fd74a1cf67e9d514c085b3c440492b2523dfe655,314,254,1,1,1B516,3,0,1,0,0-5-4-3,4.987500000000,253,0
ring6_seed2003_len512,test,2003,52e590b70cf4dad07f2ecfd2fd74a1cf67e9d514c085b3c440492b2523dfe655,315,253,3,3,0A2A5,1,1,1,0,0-1-2-3,4.600000000000,253,0
ring6_seed2003_len512,test,2003,52e590b70cf4dad07f2ecfd2fd74a1cf67e9d514c085b3c440492b2523dfe655,316,253,3,3,0A2A5,2,0,1,0,0-1-2-3,4.883333333333,254,0
ring6_seed2003_len512,test,2003,52e590b70cf4dad07f2ecfd2fd74a1cf67e9d514c085b3c440492b2523dfe655,317,254,1,3,0A2A5,3,0,1,0,0-1-2-3,4.883333333333,254,0
ring6_seed2003_len512,test,2003,52e590b70cf4dad07f2ecfd2fd74a1cf67e9d514c085b3c440492b2523dfe655,318,254,1,1,1B516,1,1,1,0,0-5-4-3,4.637500000000,253,0
ring6_seed2003_len512,test,2003,52e590b70cf4dad07f2ecfd2fd74a1cf67e9d514c085b3c440492b2523dfe655,319,253,3,1,1B516,2,0,1,0,0-5-4-3,4.916666666667,243,0
ring6_seed2003_len512,test,2003,52e590b70cf4dad07f2ecfd2fd74a1cf67e9d514c085b3c440492b2523dfe655,320,243,1,1,1B516,3,0,1,0,0-1-2,5.166666666667,227,0
ring6_seed2003_len512,test,2003,52e590b70cf4dad07f2ecfd2fd74a1cf67e9d514c085b3c440492b2523dfe655,321,227,1,1,1B516,3,0,1,0,0-1-2,4.766666666667,239,0
ring6_seed2003_len512,test,2003,52e590b70cf4dad07f2ecfd2fd74a1cf67e9d514c085b3c440492b2523dfe655,322,239,1,1,1B516,3,0,1,0,0-1-2,4.766666666667,239,0
ring6_seed2003_len512,test,2003,52e590b70cf4dad07f2ecfd2fd74a1cf67e9d514c085b3c440492b2523dfe655,323,239,1,1,1B516,3,0,1,0,0-1-2,4.766666666667,235,0
ring6_seed2003_len512,test,2003,52e590b70cf4dad07f2ecfd2fd74a1cf67e9d514c085b3c440492b2523dfe655,324,235,3,3,0A2A5,1,1,1,0,0-1-2,4.450000000000,239,0
ring6_seed2003_len512,test,2003,52e590b70cf4dad07f2ecfd2fd74a1cf67e9d514c085b3c440492b2523dfe655,325,239,1,3,0A2A5,2,0,1,0,0-1-2,4.700000000000,235,0
ring6_seed2003_len512,test,2003,52e590b70cf4dad07f2ecfd2fd74a1cf67e9d514c085b3c440492b2523dfe655,326,235,3,3,0A2A5,3,0,1,0,0-1-2,4.633333333333,231,0
ring6_seed2003_len512,test,2003,52e590b70cf4dad07f2ecfd2fd74a1cf67e9d514c085b3c440492b2523dfe655,327,231,1,1,1B516,1,1,1,0,0-5-4-3-2,3.925000000000,235,0
ring6_seed2003_len512,test,2003,52e590b70cf4dad07f2ecfd2fd74a1cf67e9d514c085b3c440492b2523dfe655,328,235,3,1,1B516,2,0,1,0,0-5-4-3-2,4.175000000000,227,0
ring6_seed2003_len512,test,2003,52e590b70cf4dad07f2ecfd2fd74a1cf67e9d514c085b3c440492b2523dfe655,329,227,1,1,1B516,3,0,1,0,0-5-4-3-2,4.175000000000,226,0
ring6_seed2003_len512,test,2003,52e590b70cf4dad07f2ecfd2fd74a1cf67e9d514c085b3c440492b2523dfe655,330,226,3,3,0A2A5,1,1,1,0,0-1-2,4.316666666667,239,0
ring6_seed2003_len512,test,2003,52e590b70cf4dad07f2ecfd2fd74a1cf67e9d514c085b3c440492b2523dfe655,331,239,1,3,0A2A5,2,0,1,0,0-1-2,4.566666666667,227,0
ring6_seed2003_len512,test,2003,52e590b70cf4dad07f2ecfd2fd74a1cf67e9d514c085b3c440492b2523dfe655,332,227,1,3,0A2A5,3,0,1,0,0-1-2,4.566666666667,235,0
ring6_seed2003_len512,test,2003,52e590b70cf4dad07f2ecfd2fd74a1cf67e9d514c085b3c440492b2523dfe655,333,235,3,3,0A2A5,3,0,1,0,0-1-2,4.566666666667,235,0
ring6_seed2003_len512,test,2003,52e590b70cf4dad07f2ecfd2fd74a1cf67e9d514c085b3c440492b2523dfe655,334,235,3,3,0A2A5,3,0,1,0,0-1-2,4.500000000000,239,0
ring6_seed2003_len512,test,2003,52e590b70cf4dad07f2ecfd2fd74a1cf67e9d514c085b3c440492b2523dfe655,335,239,1,1,1B516,1,1,1,0,0-5-4-3-2,3.800000000000,235,0
ring6_seed2003_len512,test,2003,52e590b70cf4dad07f2ecfd2fd74a1cf67e9d514c085b3c440492b2523dfe655,336,235,3,1,1B516,2,0,1,0,0-5-4-3-2,4.112500000000,238,0
ring6_seed2003_len512,test,2003,52e590b70cf4dad07f2ecfd2fd74a1cf67e9d514c085b3c440492b2523dfe655,337,238,1,1,1B516,3,0,1,0,0-5-4-3-2,4.175000000000,226,0
ring6_seed2003_len512,test,2003,52e590b70cf4dad07f2ecfd2fd74a1cf67e9d514c085b3c440492b2523dfe655,338,226,3,3,0A2A5,1,1,1,0,0-1-2,4.383333333333,226,0
ring6_seed2003_len512,test,2003,52e590b70cf4dad07f2ecfd2fd74a1cf67e9d514c085b3c440492b2523dfe655,339,226,3,3,0A2A5,2,0,1,0,0-1-2,4.633333333333,234,0
ring6_seed2003_len512,test,2003,52e590b70cf4dad07f2ecfd2fd74a1cf67e9d514c085b3c440492b2523dfe655,340,234,2,3,0A2A5,3,0,1,0,0-1-2,4.633333333333,234,0
ring6_seed2003_len512,test,2003,52e590b70cf4dad07f2ecfd2fd74a1cf67e9d514c085b3c440492b2523dfe655,341,234,2,2,14399,1,1,1,0,0-1-2,4.383333333333,238,0
ring6_seed2003_len512,test,2003,52e590b70cf4dad07f2ecfd2fd74a1cf67e9d514c085b3c440492b2523dfe655,342,238,1,2,14399,2,0,1,0,0-1-2,4.633333333333,230,0
ring6_seed2003_len512,test,2003,52e590b70cf4dad07f2ecfd2fd74a1cf67e9d514c085b3c440492b2523dfe655,343,230,2,2,14399,3,0,1,0,0-1-2,4.566666666667,238,0
ring6_seed2003_len512,test,2003,52e590b70cf4dad07f2ecfd2fd74a1cf67e9d514c085b3c440492b2523dfe655,344,238,1,1,1B516,1,1,1,0,0-5-4-3-2,3.862500000000,226,0
ring6_seed2003_len512,test,2003,52e590b70cf4dad07f2ecfd2fd74a1cf67e9d514c085b3c440492b2523dfe655,345,226,3,1,1B516,2,0,1,0,0-5-4-3-2,4.112500000000,226,0
ring6_seed2003_len512,test,2003,52e590b70cf4dad07f2ecfd2fd74a1cf67e9d514c085b3c440492b2523dfe655,346,226,3,1,1B516,3,0,1,0,0-5-4-3-2,4.175000000000,234,0
ring6_seed2003_len512,test,2003,52e590b70cf4dad07f2ecfd2fd74a1cf67e9d514c085b3c440492b2523dfe655,347,234,2,2,14399,1,1,1,0,0-1-2,4.383333333333,238,0
ring6_seed2003_len512,test,2003,52e590b70cf4dad07f2ecfd2fd74a1cf67e9d514c085b3c440492b2523dfe655,348,238,1,2,14399,2,0,1,0,0-1-2,4.633333333333,238,0
ring6_seed2003_len512,test,2003,52e590b70cf4dad07f2ecfd2fd74a1cf67e9d514c085b3c440492b2523dfe655,349,238,1,2,14399,3,0,1,0,0-1-2,4.633333333333,234,0
ring6_seed2003_len512,test,2003,52e590b70cf4dad07f2ecfd2fd74a1cf67e9d514c085b3c440492b2523dfe655,350,234,2,2,14399,3,0,1,0,0-1-2,4.633333333333,226,0
ring6_seed2003_len512,test,2003,52e590b70cf4dad07f2ecfd2fd74a1cf67e9d514c085b3c440492b2523dfe655,351,226,3,3,0A2A5,1,1,1,0,0-1-2,4.316666666667,227,0
ring6_seed2003_len512,test,2003,52e590b70cf4dad07f2ecfd2fd74a1cf67e9d514c085b3c440492b2523dfe655,352,227,1,3,0A2A5,2,0,1,0,0-5-4-3,5.262500000000,239,0
ring6_seed2003_len512,test,2003,52e590b70cf4dad07f2ecfd2fd74a1cf67e9d514c085b3c440492b2523dfe655,353,239,1,3,0A2A5,3,0,1,0,0-5-4-3,4.562500000000,239,0
ring6_seed2003_len512,test,2003,52e590b70cf4dad07f2ecfd2fd74a1cf67e9d514c085b3c440492b2523dfe655,354,239,1,1,1B516,1,1,1,0,0-5-4-3,4.375000000000,239,0
ring6_seed2003_len512,test,2003,52e590b70cf4dad07f2ecfd2fd74a1cf67e9d514c085b3c440492b2523dfe655,355,239,1,1,1B516,2,0,1,0,0-5-4-3,4.487500000000,235,0
ring6_seed2003_len512,test,2003,52e590b70cf4dad07f2ecfd2fd74a1cf67e9d514c085b3c440492b2523dfe655,356,235,3,1,1B516,3,0,1,0,0-5-4-3,4.516666666667,239,0
ring6_seed2003_len512,test,2003,52e590b70cf4dad07f2ecfd2fd74a1cf67e9d514c085b3c440492b2523dfe655,357,239,1,1,1B516,3,0,1,0,0-5-4-3,4.450000000000,239,0
ring6_seed2003_len512,test,2003,52e590b70cf4dad07f2ecfd2fd74a1cf67e9d514c085b3c440492b2523dfe655,358,239,1,1,1B516,3,0,1,0,0-1-2-3,4.287500000000,238,0
ring6_seed2003_len512,test,2003,52e590b70cf4dad07f2ecfd2fd74a1cf67e9d514c085b3c440492b2523dfe655,359,238,1,1,1B516,3,0,1,0,0-1-2-3,4.487500000000,230,0
ring6_seed2003_len512,test,2003,52e590b70cf4dad07f2ecfd2fd74a1cf67e9d514c085b3c440492b2523dfe655,360,230,2,2,14399,1,1,1,0,0-5-4-3,4.200000000000,230,0
ring6_seed2003_len512,test,2003,52e590b70cf4dad07f2ecfd2fd74a1cf67e9d514c085b3c440492b2523dfe655,361,230,2,2,14399,2,0,1,0,0-5-4-3,4.450000000000,234,0
ring6_seed2003_len512,test,2003,52e590b70cf4dad07f2ecfd2fd74a1cf67e9d514c085b3c440492b2523dfe655,362,234,2,2,14399,3,0,1,0,0-5-4-3,4.450000000000,226,0
ring6_seed2003_len512,test,2003,52e590b70cf4dad07f2ecfd2fd74a1cf67e9d514c085b3c440492b2523dfe655,363,226,3,3,0A2A5,1,1,1,0,0-5-4-3,4.333333333333,227,0
ring6_seed2003_len512,test,2003,52e590b70cf4dad07f2ecfd2fd74a1cf67e9d514c085b3c440492b2523dfe655,364,227,1,3,0A2A5,2,0,1,0,0-5-4-3,4.516666666667,235,0
ring6_seed2003_len512,test,2003,52e590b70cf4dad07f2ecfd2fd74a1cf67e9d514c085b3c440492b2523dfe655,365,235,3,3,0A2A5,3,0,1,0,0-5-4-3,4.450000000000,235,0
ring6_seed2003_len512,test,2003,52e590b70cf4dad07f2ecfd2fd74a1cf67e9d514c085b3c440492b2523dfe655,366,235,3,3,0A2A5,3,0,1,0,0-5-4-3,4.183333333333,231,0
ring6_seed2003_len512,test,2003,52e590b70cf4dad07f2ecfd2fd74a1cf67e9d514c085b3c440492b2523dfe655,367,231,1,1,1B516,1,1,1,0,0-1-2-3,3.787500000000,235,0
ring6_seed2003_len512,test,2003,52e590b70cf4dad07f2ecfd2fd74a1cf67e9d514c085b3c440492b2523dfe655,368,235,3,1,1B516,2,0,1,0,0-1-2-3,4.100000000000,239,0
ring6_seed2003_len512,test,2003,52e590b70cf4dad07f2ecfd2fd74a1cf67e9d514c085b3c440492b2523dfe655,369,239,1,1,1B516,3,0,1,0,0-1-2-3,4.162500000000,234,0
ring6_seed2003_len512,test,2003,52e590b70cf4dad07f2ecfd2fd74a1cf67e9d514c085b3c440492b2523dfe655,370,234,2,2,14399,1,1,1,0,0-5-4-3,4.066666666667,230,0
ring6_seed2003_len512,test,2003,52e590b70cf4dad07f2ecfd2fd74a1cf67e9d514c085b3c440492b2523dfe655,371,230,2,2,14399,2,0,1,0,0-5-4-3,4.316666666667,238,0
ring6_seed2003_len512,test,2003,52e590b70cf4dad07f2ecfd2fd74a1cf67e9d514c085b3c440492b2523dfe655,372,238,1,2,14399,3,0,1,0,0-5-4-3,4.316666666667,238,0
ring6_seed2003_len512,test,2003,52e590b70cf4dad07f2ecfd2fd74a1cf67e9d514c085b3c440492b2523dfe655,373,238,1,1,1B516,1,1,1,0,0-1-2-3,3.975000000000,234,0
ring6_seed2003_len512,test,2003,52e590b70cf4dad07f2ecfd2fd74a1cf67e9d514c085b3c440492b2523dfe655,374,234,2,1,1B516,2,0,1,0,0-1-2-3,4.225000000000,237,0
ring6_seed2003_len512,test,2003,52e590b70cf4dad07f2ecfd2fd74a1cf67e9d514c085b3c440492b2523dfe655,375,237,0,1,1B516,3,0,1,0,0-1-2-3,4.225000000000,229,0
ring6_seed2003_len512,test,2003,52e590b70cf4dad07f2ecfd2fd74a1cf67e9d514c085b3c440492b2523dfe655,376,229,0,0,13329,1,1,1,0,0-5-4-3,4.333333333333,226,0
ring6_seed2003_len512,test,2003,52e590b70cf4dad07f2ecfd2fd74a1cf67e9d514c085b3c440492b2523dfe655,377,226,3,0,13329,2,0,1,0,0-5-4-3,4.783333333333,238,0
ring6_seed2003_len512,test,2003,52e590b70cf4dad07f2ecfd2fd74a1cf67e9d514c085b3c440492b2523dfe655,378,238,1,0,13329,3,0,1,0,0-5-4-3,4.583333333333,238,0
ring6_seed2003_len512,test,2003,52e590b70cf4dad07f2ecfd2fd74a1cf67e9d514c085b3c440492b2523dfe655,379,238,1,1,1B516,1,1,1,0,0-1-2-3,4.216666666667,225,0
ring6_seed2003_len512,test,2003,52e590b70cf4dad07f2ecfd2fd74a1cf67e9d514c085b3c440492b2523dfe655,380,225,3,1,1B516,2,0,1,0,0-1-2-3,4.183333333333,232,0
ring6_seed2003_len512,test,2003,52e590b70cf4dad07f2ecfd2fd74a1cf67e9d514c085b3c440492b2523dfe655,381,232,0,1,1B516,3,0,1,0,0-5-4-3,4.434615384615,228,0
ring6_seed2003_len512,test,2003,52e590b70cf4dad07f2ecfd2fd74a1cf67e9d514c085b3c440492b2523dfe655,382,228,0,0,13329,1,1,1,0,0-5-4-3,4.228571428571,228,0
ring6_seed2003_len512,test,2003,52e590b70cf4dad07f2ecfd2fd74a1cf67e9d514c085b3c440492b2523dfe655,383,228,0,0,13329,2,0,1,0,0-5-4-3,4.850000000000,233,0
ring6_seed2003_len512,test,2003,52e590b70cf4dad07f2ecfd2fd74a1cf67e9d514c085b3c440492b2523dfe655,384,233,0,0,13329,3,0,1,0,0-5-4-3,4.383333333333,246,0
ring6_seed2003_len512,test,2003,52e590b70cf4dad07f2ecfd2fd74a1cf67e9d514c085b3c440492b2523dfe655,385,246,2,2,14399,1,1,1,0,0-1-2-3,4.775000000000,246,0
ring6_seed2003_len512,test,2003,52e590b70cf4dad07f2ecfd2fd74a1cf67e9d514c085b3c440492b2523dfe655,386,246,2,2,14399,2,0,1,0,0-1-2-3,4.887500000000,249,0
ring6_seed2003_len512,test,2003,52e590b70cf4dad07f2ecfd2fd74a1cf67e9d514c085b3c440492b2523dfe655,387,249,2,2,14399,3,0,1,0,0-1-2-3,5.016666666667,252,0
ring6_seed2003_len512,test,2003,52e590b70cf4dad07f2ecfd2fd74a1cf67e9d514c085b3c440492b2523dfe655,388,252,0,0,13329,1,1,1,0,0-1-2-3,4.600000000000,245,0
ring6_seed2003_len512,test,2003,52e590b70cf4dad07f2ecfd2fd74a1cf67e9d514c085b3c440492b2523dfe655,389,245,1,0,13329,2,0,1,0,0-1-2-3,4.850000000000,241,0
ring6_seed2003_len512,test,2003,52e590b70cf4dad07f2ecfd2fd74a1cf67e9d514c085b3c440492b2523dfe655,390,241,1,0,13329,3,0,1,0,0-5-4-3,4.916666666667,252,0
ring6_seed2003_len512,test,2003,52e590b70cf4dad07f2ecfd2fd74a1cf67e9d514c085b3c440492b2523dfe655,391,252,0,0,13329,3,0,1,0,0-5-4-3,4.850000000000,253,0
ring6_seed2003_len512,test,2003,52e590b70cf4dad07f2ecfd2fd74a1cf67e9d514c085b3c440492b2523dfe655,392,253,3,3,0A2A5,1,1,1,0,0-5-4-3,4.700000000000,245,0
ring6_seed2003_len512,test,2003,52e590b70cf4dad07f2ecfd2fd74a1cf67e9d514c085b3c440492b2523dfe655,393,245,1,3,0A2A5,2,0,1,0,0-5-4-3,4.950000000000,249,0
ring6_seed2003_len512,test,2003,52e590b70cf4dad07f2ecfd2fd74a1cf67e9d514c085b3c440492b2523dfe655,394,249,2,3,0A2A5,3,0,1,0,0-1-2-3,4.916666666667,244,0
ring6_seed2003_len512,test,2003,52e590b70cf4dad07f2ecfd2fd74a1cf67e9d514c085b3c440492b2523dfe655,395,244,0,0,13329,1,1,1,0,0-1-2-3,4.666666666667,252,0
ring6_seed2003_len512,test,2003,52e590b70cf4dad07f2ecfd2fd74a1cf67e9d514c085b3c440492b2523dfe655,396,252,0,0,13329,2,0,1,0,0-5-4-3,4.950000000000,245,0
ring6_seed2003_len512,test,2003,52e590b70cf4dad07f2ecfd2fd74a1cf67e9d514c085b3c440492b2523dfe655,397,245,1,0,13329,3,0,1,0,0-1-2-3,4.916666666667,244,0
ring6_seed2003_len512,test,2003,52e590b70cf4dad07f2ecfd2fd74a1cf67e9d514c085b3c440492b2523dfe655,398,244,0,0,13329,3,0,1,0,0-1-2-3,5.050000000000,245,0
ring6_seed2003_len512,test,2003,52e590b70cf4dad07f2ecfd2fd74a1cf67e9d514c085b3c440492b2523dfe655,399,245,1,1,1B516,1,1,1,0,0-5-4-3,4.637500000000,245,0
ring6_seed2003_len512,test,2003,52e590b70cf4dad07f2ecfd2fd74a1cf67e9d514c085b3c440492b2523dfe655,400,245,1,1,1B516,2,0,1,0,0-5-4-3,4.987500000000,253,0
ring6_seed2003_len512,test,2003,52e590b70cf4dad07f2ecfd2fd74a1cf67e9d514c085b3c440492b2523dfe655,401,253,3,1,1B516,3,0,1,0,0-5-4-3,5.116666666667,244,0
ring6_seed2003_len512,test,2003,52e590b70cf4dad07f2ecfd2fd74a1cf67e9d514c085b3c440492b2523dfe655,402,244,0,0,13329,1,1,1,0,0-1-2-3,4.766666666667,252,0
ring6_seed2003_len512,test,2003,52e590b70cf4dad07f2ecfd2fd74a1cf67e9d514c085b3c440492b2523dfe655,403,252,0,0,13329,2,0,1,0,0-5-4-3,4.850000000000,253,0
ring6_seed2003_len512,test,2003,52e590b70cf4dad07f2ecfd2fd74a1cf67e9d514c085b3c440492b2523dfe655,404,253,3,0,13329,3,0,1,0,0-1-2-3,4.887500000000,253,0
ring6_seed2003_len512,test,2003,52e590b70cf4dad07f2ecfd2fd74a1cf67e9d514c085b3c440492b2523dfe655,405,253,3,3,0A2A5,1,1,1,0,0-5-4-3,4.533333333333,242,0
ring6_seed2003_len512,test,2003,52e590b70cf4dad07f2ecfd2fd74a1cf67e9d514c085b3c440492b2523dfe655,406,242,0,3,0A2A5,2,0,1,0,0-1-2-3,4.887500000000,245,0
ring6_seed2003_len512,test,2003,52e590b70cf4dad07f2ecfd2fd74a1cf67e9d514c085b3c440492b2523dfe655,407,245,1,3,0A2A5,3,0,1,0,0-1-2-3,4.916666666667,252,0
ring6_seed2003_len512,test,2003,52e590b70cf4dad07f2ecfd2fd74a1cf67e9d514c085b3c440492b2523dfe655,408,252,0,0,13329,1,1,1,0,0-5-4-3,4.666666666667,248,0
ring6_seed2003_len512,test,2003,52e590b70cf4dad07f2ecfd2fd74a1cf67e9d514c085b3c440492b2523dfe655,409,248,0,0,13329,2,0,1,0,0-1-2-3,5.050000000000,245,0
ring6_seed2003_len512,test,2003,52e590b70cf4dad07f2ecfd2fd74a1cf67e9d514c085b3c440492b2523dfe655,410,245,1,0,13329,3,0,1,0,0-1-2-3,4.850000000000,245,0
ring6_seed2003_len512,test,2003,52e590b70cf4dad07f2ecfd2fd74a1cf67e9d514c085b3c440492b2523dfe655,411,245,1,1,1B516,1,1,1,0,0-5-4-3,4.766666666667,252,0
ring6_seed2003_len512,test,2003,52e590b70cf4dad07f2ecfd2fd74a1cf67e9d514c085b3c440492b2523dfe655,412,252,0,1,1B516,2,0,1,0,0-5-4-3,5.016666666667,252,0
ring6_seed2003_len512,test,2003,52e590b70cf4dad07f2ecfd2fd74a1cf67e9d514c085b3c440492b2523dfe655,413,252,0,1,1B516,3,0,1,0,0-1-2-3,5.016666666667,248,0
ring6_seed2003_len512,test,2003,52e590b70cf4dad07f2ecfd2fd74a1cf67e9d514c085b3c440492b2523dfe655,414,248,0,0,13329,1,1,1,0,0-1-2-3,4.966666666667,244,0
ring6_seed2003_len512,test,2003,52e590b70cf4dad07f2ecfd2fd74a1cf67e9d514c085b3c440492b2523dfe655,415,244,0,0,13329,2,0,1,0,0-1-2-3,4.950000000000,245,0
ring6_seed2003_len512,test,2003,52e590b70cf4dad07f2ecfd2fd74a1cf67e9d514c085b3c440492b2523dfe655,416,245,1,0,13329,3,0,1,0,0-1-2-3,4.783333333333,210,0
ring6_seed2003_len512,test,2003,52e590b70cf4dad07f2ecfd2fd74a1cf67e9d514c085b3c440492b2523dfe655,417,210,1,1,1B516,1,1,1,0,0-5-4-3,3.733333333333,214,0
ring6_seed2003_len512,test,2003,52e590b70cf4dad07f2ecfd2fd74a1cf67e9d514c085b3c440492b2523dfe655,418,214,2,1,1B516,2,0,1,0,0-5-4-3,4.050000000000,221,0
ring6_seed2003_len512,test,2003,52e590b70cf4dad07f2ecfd2fd74a1cf67e9d514c085b3c440492b2523dfe655,419,221,3,1,1B516,3,0,1,0,0-5-4-3,4.050000000000,209,0
ring6_seed2003_len512,test,2003,52e590b70cf4dad07f2ecfd2fd74a1cf67e9d514c085b3c440492b2523dfe655,420,209,1,1,1B516,3,0,1,0,0-5-4-3,4.116666666667,220,0
ring6_seed2003_len512,test,2003,52e590b70cf4dad07f2ecfd2fd74a1cf67e9d514c085b3c440492b2523dfe655,421,220,1,1,1B516,3,0,1,0,0-5-4-3,4.116666666667,208,0
ring6_seed2003_len512,test,2003,52e590b70cf4dad07f2ecfd2fd74a1cf67e9d514c085b3c440492b2523dfe655,422,208,1,1,1B516,3,0,1,0,0-5-4-3,4.050000000000,220,0
ring6_seed2003_len512,test,2003,52e590b70cf4dad07f2ecfd2fd74a1cf67e9d514c085b3c440492b2523dfe655,423,220,1,1,1B516,3,0,1,0,0-1-2-3,5.487500000000,220,0
ring6_seed2003_len512,test,2003,52e590b70cf4dad07f2ecfd2fd74a1cf67e9d514c085b3c440492b2523dfe655,424,220,1,1,1B516,3,0,1,0,0-1-2-3,5.434615384615,216,0
ring6_seed2003_len512,test,2003,52e590b70cf4dad07f2ecfd2fd74a1cf67e9d514c085b3c440492b2523dfe655,425,216,1,1,1B516,3,0,1,0,0-5-4-3,4.050000000000,220,0
ring6_seed2003_len512,test,2003,52e590b70cf4dad07f2ecfd2fd74a1cf67e9d514c085b3c440492b2523dfe655,426,220,1,1,1B516,3,0,1,0,0-1-2-3,5.466666666667,208,0
ring6_seed2003_len512,test,2003,52e590b70cf4dad07f2ecfd2fd74a1cf67e9d514c085b3c440492b2523dfe655,427,208,1,1,1B516,3,0,1,0,0-5-4-3,4.050000000000,216,0
ring6_seed2003_len512,test,2003,52e590b70cf4dad07f2ecfd2fd74a1cf67e9d514c085b3c440492b2523dfe655,428,216,1,1,1B516,3,0,1,0,0-5-4-3,4.050000000000,208,0
ring6_seed2003_len512,test,2003,52e590b70cf4dad07f2ecfd2fd74a1cf67e9d514c085b3c440492b2523dfe655,429,208,1,1,1B516,3,0,1,0,0-5-4-3,3.983333333333,209,0
ring6_seed2003_len512,test,2003,52e590b70cf4dad07f2ecfd2fd74a1cf67e9d514c085b3c440492b2523dfe655,430,209,1,1,1B516,3,0,1,0,0-1-2-3,5.425000000000,144,0
ring6_seed2003_len512,test,2003,52e590b70cf4dad07f2ecfd2fd74a1cf67e9d514c085b3c440492b2523dfe655,431,144,3,3,0A2A5,1,1,1,0,0-5-4-3,3.666666666667,157,0
ring6_seed2003_len512,test,2003,52e590b70cf4dad07f2ecfd2fd74a1cf67e9d514c085b3c440492b2523dfe655,432,157,1,3,0A2A5,2,0,1,0,0-5-4-3,3.850000000000,154,0
ring6_seed2003_len512,test,2003,52e590b70cf4dad07f2ecfd2fd74a1cf67e9d514c085b3c440492b2523dfe655,433,154,3,3,0A2A5,3,0,1,0,0-5-4-3,3.850000000000,146,0
ring6_seed2003_len512,test,2003,52e590b70cf4dad07f2ecfd2fd74a1cf67e9d514c085b3c440492b2523dfe655,434,146,2,2,14399,1,1,1,0,0-1-2-3,5.112500000000,145,0
ring6_seed2003_len512,test,2003,52e590b70cf4dad07f2ecfd2fd74a1cf67e9d514c085b3c440492b2523dfe655,435,145,1,2,14399,2,0,1,0,0-1-2-3,5.383333333333,152,0
ring6_seed2003_len512,test,2003,52e590b70cf4dad07f2ecfd2fd74a1cf67e9d514c085b3c440492b2523dfe655,436,152,1,2,14399,3,0,1,0,0-1-2-3,5.175000000000,154,0
ring6_seed2003_len512,test,2003,52e590b70cf4dad07f2ecfd2fd74a1cf67e9d514c085b3c440492b2523dfe655,437,154,3,3,0A2A5,1,1,1,0,0-5-4-3,3.525000000000,146,0
ring6_seed2003_len512,test,2003,52e590b70cf4dad07f2ecfd2fd74a1cf67e9d514c085b3c440492b2523dfe655,438,146,2,3,0A2A5,2,0,1,0,0-5-4-3,3.775000000000,150,0
ring6_seed2003_len512,test,2003,52e590b70cf4dad07f2ecfd2fd74a1cf67e9d514c085b3c440492b2523dfe655,439,150,2,3,0A2A5,3,0,1,0,0-5-4-3,3.900000000000,157,0
ring6_seed2003_len512,test,2003,52e590b70cf4dad07f2ecfd2fd74a1cf67e9d514c085b3c440492b2523dfe655,440,157,1,1,1B516,1,1,1,0,0-5-4-3,3.666666666667,148,0
ring6_seed2003_len512,test,2003,52e590b70cf4dad07f2ecfd2fd74a1cf67e9d514c085b3c440492b2523dfe655,441,148,2,1,1B516,2,0,1,0,0-5-4-3,3.916666666667,144,0
ring6_seed2003_len512,test,2003,52e590b70cf4dad07f2ecfd2fd74a1cf67e9d514c085b3c440492b2523dfe655,442,144,3,1,1B516,3,0,1,0,0-5-4-3,3.850000000000,150,0
ring6_seed2003_len512,test,2003,52e590b70cf4dad07f2ecfd2fd74a1cf67e9d514c085b3c440492b2523dfe655,443,150,2,2,14399,1,1,1,0,0-1-2-3,5.085714285714,80,0
ring6_seed2003_len512,test,2003,52e590b70cf4dad07f2ecfd2fd74a1cf67e9d514c085b3c440492b2523dfe655,444,80,1,2,14399,2,0,1,0,0-1-2-3,5.050000000000,82,0
ring6_seed2003_len512,test,2003,52e590b70cf4dad07f2ecfd2fd74a1cf67e9d514c085b3c440492b2523dfe655,445,82,2,2,14399,3,0,1,0,0-1-2-3,5.050000000000,95,0
ring6_seed2003_len512,test,2003,52e590b70cf4dad07f2ecfd2fd74a1cf67e9d514c085b3c440492b2523dfe655,446,95,0,0,13329,1,1,1,0,0-5-4-3,3.400000000000,91,0
ring6_seed2003_len512,test,2003,52e590b70cf4dad07f2ecfd2fd74a1cf67e9d514c085b3c440492b2523dfe655,447,91,2,0,13329,2,0,1,0,0-5-4-3,3.650000000000,95,0
ring6_seed2003_len512,test,2003,52e590b70cf4dad07f2ecfd2fd74a1cf67e9d514c085b3c440492b2523dfe655,448,95,0,0,13329,3,0,1,0,0-5-4-3,3.650000000000,86,0
ring6_seed2003_len512,test,2003,52e590b70cf4dad07f2ecfd2fd74a1cf67e9d514c085b3c440492b2523dfe655,449,86,2,2,14399,1,1,1,0,0-1-2-3,4.800000000000,95,0
ring6_seed2003_len512,test,2003,52e590b70cf4dad07f2ecfd2fd74a1cf67e9d514c085b3c440492b2523dfe655,450,95,0,2,14399,2,0,1,0,0-1-2-3,5.050000000000,95,0
ring6_seed2003_len512,test,2003,52e590b70cf4dad07f2ecfd2fd74a1cf67e9d514c085b3c440492b2523dfe655,451,95,0,2,14399,3,0,1,0,0-1-2-3,5.050000000000,95,0
ring6_seed2003_len512,test,2003,52e590b70cf4dad07f2ecfd2fd74a1cf67e9d514c085b3c440492b2523dfe655,452,95,0,0,13329,1,1,1,0,0-1-2-3,4.800000000000,83,0
ring6_seed2003_len512,test,2003,52e590b70cf4dad07f2ecfd2fd74a1cf67e9d514c085b3c440492b2523dfe655,453,83,2,0,13329,2,0,1,0,0-1-2-3,5.050000000000,83,0
ring6_seed2003_len512,test,2003,52e590b70cf4dad07f2ecfd2fd74a1cf67e9d514c085b3c440492b2523dfe655,454,83,2,0,13329,3,0,1,0,0-1-2-3,5.050000000000,95,0
ring6_seed2003_len512,test,2003,52e590b70cf4dad07f2ecfd2fd74a1cf67e9d514c085b3c440492b2523dfe655,455,95,0,0,13329,3,0,1,0,0-1-2-3,5.050000000000,91,0
ring6_seed2003_len512,test,2003,52e590b70cf4dad07f2ecfd2fd74a1cf67e9d514c085b3c440492b2523dfe655,456,91,2,2,14399,1,1,1,0,0-1-2-3,4.800000000000,83,0
ring6_seed2003_len512,test,2003,52e590b70cf4dad07f2ecfd2fd74a1cf67e9d514c085b3c440492b2523dfe655,457,83,2,2,14399,2,0,1,0,0-1-2-3,5.050000000000,95,0
ring6_seed2003_len512,test,2003,52e590b70cf4dad07f2ecfd2fd74a1cf67e9d514c085b3c440492b2523dfe655,458,95,0,2,14399,3,0,1,0,0-1-2-3,5.050000000000,83,0
ring6_seed2003_len512,test,2003,52e590b70cf4dad07f2ecfd2fd74a1cf67e9d514c085b3c440492b2523dfe655,459,83,2,2,14399,3,0,1,0,0-1-2-3,5.050000000000,83,0
ring6_seed2003_len512,test,2003,52e590b70cf4dad07f2ecfd2fd74a1cf67e9d514c085b3c440492b2523dfe655,460,83,2,2,14399,3,0,1,0,0-1-2-3,5.050000000000,91,0
ring6_seed2003_len512,test,2003,52e590b70cf4dad07f2ecfd2fd74a1cf67e9d514c085b3c440492b2523dfe655,461,91,2,2,14399,3,0,1,0,0-1-2-3,5.050000000000,95,0
ring6_seed2003_len512,test,2003,52e590b70cf4dad07f2ecfd2fd74a1cf67e9d514c085b3c440492b2523dfe655,462,95,0,0,13329,1,1,1,0,0-1-2-3,4.800000000000,95,0
ring6_seed2003_len512,test,2003,52e590b70cf4dad07f2ecfd2fd74a1cf67e9d514c085b3c440492b2523dfe655,463,95,0,0,13329,2,0,1,0,0-1-2-3,5.050000000000,95,0
ring6_seed2003_len512,test,2003,52e590b70cf4dad07f2ecfd2fd74a1cf67e9d514c085b3c440492b2523dfe655,464,95,0,0,13329,3,0,1,0,0-1-2-3,5.050000000000,83,0
ring6_seed2003_len512,test,2003,52e590b70cf4dad07f2ecfd2fd74a1cf67e9d514c085b3c440492b2523dfe655,465,83,2,2,14399,1,1,1,0,0-1-2-3,4.800000000000,91,0
ring6_seed2003_len512,test,2003,52e590b70cf4dad07f2ecfd2fd74a1cf67e9d514c085b3c440492b2523dfe655,466,91,2,2,14399,2,0,1,0,0-1-2-3,5.050000000000,91,0
ring6_seed2003_len512,test,2003,52e590b70cf4dad07f2ecfd2fd74a1cf67e9d514c085b3c440492b2523dfe655,467,91,2,2,14399,3,0,1,0,0-1-2-3,5.050000000000,95,0
ring6_seed2003_len512,test,2003,52e590b70cf4dad07f2ecfd2fd74a1cf67e9d514c085b3c440492b2523dfe655,468,95,0,0,13329,1,1,1,0,0-1-2-3,4.800000000000,95,0
ring6_seed2003_len512,test,2003,52e590b70cf4dad07f2ecfd2fd74a1cf67e9d514c085b3c440492b2523dfe655,469,95,0,0,13329,2,0,1,0,0-1-2-3,5.050000000000,95,0
ring6_seed2003_len512,test,2003,52e590b70cf4dad07f2ecfd2fd74a1cf67e9d514c085b3c440492b2523dfe655,470,95,0,0,13329,3,0,1,0,0-1-2-3,5.050000000000,91,0
ring6_seed2003_len512,test,2003,52e590b70cf4dad07f2ecfd2fd74a1cf67e9d514c085b3c440492b2523dfe655,471,91,2,2,14399,1,1,1,0,0-1-2-3,4.800000000000,95,0
ring6_seed2003_len512,test,2003,52e590b70cf4dad07f2ecfd2fd74a1cf67e9d514c085b3c440492b2523dfe655,472,95,0,2,14399,2,0,1,0,0-1-2-3,5.050000000000,95,0
ring6_seed2003_len512,test,2003,52e590b70cf4dad07f2ecfd2fd74a1cf67e9d514c085b3c440492b2523dfe655,473,95,0,2,14399,3,0,1,0,0-1-2-3,5.050000000000,95,0
ring6_seed2003_len512,test,2003,52e590b70cf4dad07f2ecfd2fd74a1cf67e9d514c085b3c440492b2523dfe655,474,95,0,0,13329,1,1,1,0,0-1-2-3,4.800000000000,83,0
ring6_seed2003_len512,test,2003,52e590b70cf4dad07f2ecfd2fd74a1cf67e9d514c085b3c440492b2523dfe655,475,83,2,0,13329,2,0,1,0,0-1-2-3,5.050000000000,95,0
ring6_seed2003_len512,test,2003,52e590b70cf4dad07f2ecfd2fd74a1cf67e9d514c085b3c440492b2523dfe655,476,95,0,0,13329,3,0,1,0,0-1-2-3,5.050000000000,95,0
ring6_seed2003_len512,test,2003,52e590b70cf4dad07f2ecfd2fd74a1cf67e9d514c085b3c440492b2523dfe655,477,95,0,0,13329,3,0,1,0,0-1-2-3,5.050000000000,95,0
ring6_seed2003_len512,test,2003,52e590b70cf4dad07f2ecfd2fd74a1cf67e9d514c085b3c440492b2523dfe655,478,95,0,0,13329,3,0,1,0,0-1-2-3,5.050000000000,83,0
ring6_seed2003_len512,test,2003,52e590b70cf4dad07f2ecfd2fd74a1cf67e9d514c085b3c440492b2523dfe655,479,83,2,2,14399,1,1,1,0,0-1-2-3,4.800000000000,95,0
ring6_seed2003_len512,test,2003,52e590b70cf4dad07f2ecfd2fd74a1cf67e9d514c085b3c440492b2523dfe655,480,95,0,2,14399,2,0,1,0,0-1-2-3,5.050000000000,127,0
ring6_seed2003_len512,test,2003,52e590b70cf4dad07f2ecfd2fd74a1cf67e9d514c085b3c440492b2523dfe655,481,127,3,2,14399,3,0,1,0,0-5-4-3,4.450000000000,127,0
ring6_seed2003_len512,test,2003,52e590b70cf4dad07f2ecfd2fd74a1cf67e9d514c085b3c440492b2523dfe655,482,127,3,3,0A2A5,1,1,1,0,0-5-4-3,4.300000000000,191,0
ring6_seed2003_len512,test,2003,52e590b70cf4dad07f2ecfd2fd74a1cf67e9d514c085b3c440492b2523dfe655,483,191,2,3,0A2A5,2,0,1,0,0-5-4-3,4.450000000000,191,0
ring6_seed2003_len512,test,2003,52e590b70cf4dad07f2ecfd2fd74a1cf67e9d514c085b3c440492b2523dfe655,484,191,2,3,0A2A5,3,0,1,0,0-5-4-3,4.450000000000,255,0
ring6_seed2003_len512,test,2003,52e590b70cf4dad07f2ecfd2fd74a1cf67e9d514c085b3c440492b2523dfe655,485,255,3,3,0A2A5,3,0,1,0,0-5-4-3,4.533333333333,254,0
ring6_seed2003_len512,test,2003,52e590b70cf4dad07f2ecfd2fd74a1cf67e9d514c085b3c440492b2523dfe655,486,254,1,1,1B516,1,1,1,0,0-5-4-3,4.485714285714,254,0
ring6_seed2003_len512,test,2003,52e590b70cf4dad07f2ecfd2fd74a1cf67e9d514c085b3c440492b2523dfe655,487,254,1,1,1B516,2,0,1,0,0-5-4-3,4.850000000000,253,0
ring6_seed2003_len512,test,2003,52e590b70cf4dad07f2ecfd2fd74a1cf67e9d514c085b3c440492b2523dfe655,488,253,3,1,1B516,3,0,1,0,0-5-4-3,5.016666666667,252,0
ring6_seed2003_len512,test,2003,52e590b70cf4dad07f2ecfd2fd74a1cf67e9d514c085b3c440492b2523dfe655,489,252,0,0,13329,1,1,1,0,0-5-4-3,4.600000000000,253,0
ring6_seed2003_len512,test,2003,52e590b70cf4dad07f2ecfd2fd74a1cf67e9d514c085b3c440492b2523dfe655,490,253,3,0,13329,2,0,1,0,0-5-4-3,4.883333333333,254,0
ring6_seed2003_len512,test,2003,52e590b70cf4dad07f2ecfd2fd74a1cf67e9d514c085b3c440492b2523dfe655,491,254,1,0,13329,3,0,1,0,0-5-4-3,4.916666666667,254,0
ring6_seed2003_len512,test,2003,52e590b70cf4dad07f2ecfd2fd74a1cf67e9d514c085b3c440492b2523dfe655,492,254,1,1,1B516,1,1,1,0,0-1-2-3,4.612500000000,254,0
ring6_seed2003_len512,test,2003,52e590b70cf4dad07f2ecfd2fd74a1cf67e9d514c085b3c440492b2523dfe655,493,254,1,1,1B516,2,0,1,0,0-1-2-3,4.762500000000,254,0
ring6_seed2003_len512,test,2003,52e590b70cf4dad07f2ecfd2fd74a1cf67e9d514c085b3c440492b2523dfe655,494,254,1,1,1B516,3,0,1,0,0-1-2-3,4.762500000000,254,0
ring6_seed2003_len512,test,2003,52e590b70cf4dad07f2ecfd2fd74a1cf67e9d514c085b3c440492b2523dfe655,495,254,1,1,1B516,3,0,1,0,0-1-2-3,4.862500000000,254,0
ring6_seed2003_len512,test,2003,52e590b70cf4dad07f2ecfd2fd74a1cf67e9d514c085b3c440492b2523dfe655,496,254,1,1,1B516,3,0,1,0,0-1-2-3,4.762500000000,254,0
ring6_seed2003_len512,test,2003,52e590b70cf4dad07f2ecfd2fd74a1cf67e9d514c085b3c440492b2523dfe655,497,254,1,1,1B516,3,0,1,0,0-1-2-3,4.825000000000,254,0
ring6_seed2003_len512,test,2003,52e590b70cf4dad07f2ecfd2fd74a1cf67e9d514c085b3c440492b2523dfe655,498,254,1,1,1B516,3,0,1,0,0-1-2-3,4.987500000000,253,0
ring6_seed2003_len512,test,2003,52e590b70cf4dad07f2ecfd2fd74a1cf67e9d514c085b3c440492b2523dfe655,499,253,3,3,0A2A5,1,1,1,0,0-1-2-3,4.766666666667,252,0
ring6_seed2003_len512,test,2003,52e590b70cf4dad07f2ecfd2fd74a1cf67e9d514c085b3c440492b2523dfe655,500,252,0,3,0A2A5,2,0,1,0,0-1-2-3,4.850000000000,253,0
ring6_seed2003_len512,test,2003,52e590b70cf4dad07f2ecfd2fd74a1cf67e9d514c085b3c440492b2523dfe655,501,253,3,3,0A2A5,3,0,1,0,0-5-4-3,4.987500000000,253,0
ring6_seed2003_len512,test,2003,52e590b70cf4dad07f2ecfd2fd74a1cf67e9d514c085b3c440492b2523dfe655,502,253,3,3,0A2A5,3,0,1,0,0-5-4-3,4.887500000000,253,0
ring6_seed2003_len512,test,2003,52e590b70cf4dad07f2ecfd2fd74a1cf67e9d514c085b3c440492b2523dfe655,503,253,3,3,0A2A5,3,0,1,0,0-5-4-3,4.887500000000,253,0
ring6_seed2003_len512,test,2003,52e590b70cf4dad07f2ecfd2fd74a1cf67e9d514c085b3c440492b2523dfe655,504,253,3,3,0A2A5,3,0,1,0,0-5-4-3,4.887500000000,253,0
ring6_seed2003_len512,test,2003,52e590b70cf4dad07f2ecfd2fd74a1cf67e9d514c085b3c440492b2523dfe655,505,253,3,3,0A2A5,3,0,1,0,0-5-4-3,4.887500000000,253,0
ring6_seed2003_len512,test,2003,52e590b70cf4dad07f2ecfd2fd74a1cf67e9d514c085b3c440492b2523dfe655,506,253,3,3,0A2A5,3,0,1,0,0-5-4-3,4.987500000000,253,0
ring6_seed2003_len512,test,2003,52e590b70cf4dad07f2ecfd2fd74a1cf67e9d514c085b3c440492b2523dfe655,507,253,3,3,0A2A5,3,0,1,0,0-5-4-3,4.887500000000,253,0
ring6_seed2003_len512,test,2003,52e590b70cf4dad07f2ecfd2fd74a1cf67e9d514c085b3c440492b2523dfe655,508,253,3,3,0A2A5,3,0,1,0,0-5-4-3,5.016666666667,252,0
ring6_seed2003_len512,test,2003,52e590b70cf4dad07f2ecfd2fd74a1cf67e9d514c085b3c440492b2523dfe655,509,252,0,0,13329,1,1,1,0,0-1-2-3,4.666666666667,252,0
ring6_seed2003_len512,test,2003,52e590b70cf4dad07f2ecfd2fd74a1cf67e9d514c085b3c440492b2523dfe655,510,252,0,0,13329,2,0,1,0,0-1-2-3,4.916666666667,252,0
ring6_seed2003_len512,test,2003,52e590b70cf4dad07f2ecfd2fd74a1cf67e9d514c085b3c440492b2523dfe655,511,252,0,0,13329,3,0,1,0,0-1-2-3,4.916666666667,,1
