case_id,category,rst,en,state_id,expected_valid,expected_proposed_action,notes
0,reset,1,1,255,0,0,reset dominates enable and address
1,all_256_states,0,1,0,1,0,exact frozen state-major policy lookup
2,all_256_states,0,1,1,1,0,exact frozen state-major policy lookup
3,all_256_states,0,1,2,1,0,exact frozen state-major policy lookup
4,all_256_states,0,1,3,1,0,exact frozen state-major policy lookup
5,all_256_states,0,1,4,1,0,exact frozen state-major policy lookup
6,all_256_states,0,1,5,1,0,exact frozen state-major policy lookup
7,all_256_states,0,1,6,1,0,exact frozen state-major policy lookup
8,all_256_states,0,1,7,1,0,exact frozen state-major policy lookup
9,all_256_states,0,1,8,1,0,exact frozen state-major policy lookup
10,all_256_states,0,1,9,1,0,exact frozen state-major policy lookup
11,all_256_states,0,1,10,1,0,exact frozen state-major policy lookup
12,all_256_states,0,1,11,1,0,exact frozen state-major policy lookup
13,all_256_states,0,1,12,1,0,exact frozen state-major policy lookup
14,all_256_states,0,1,13,1,0,exact frozen state-major policy lookup
15,all_256_states,0,1,14,1,0,exact frozen state-major policy lookup
16,all_256_states,0,1,15,1,0,exact frozen state-major policy lookup
17,all_256_states,0,1,16,1,0,exact frozen state-major policy lookup
18,all_256_states,0,1,17,1,2,exact frozen state-major policy lookup
19,all_256_states,0,1,18,1,0,exact frozen state-major policy lookup
20,all_256_states,0,1,19,1,2,exact frozen state-major policy lookup
21,all_256_states,0,1,20,1,0,exact frozen state-major policy lookup
22,all_256_states,0,1,21,1,2,exact frozen state-major policy lookup
23,all_256_states,0,1,22,1,0,exact frozen state-major policy lookup
24,all_256_states,0,1,23,1,2,exact frozen state-major policy lookup
25,all_256_states,0,1,24,1,0,exact frozen state-major policy lookup
26,all_256_states,0,1,25,1,1,exact frozen state-major policy lookup
27,all_256_states,0,1,26,1,0,exact frozen state-major policy lookup
28,all_256_states,0,1,27,1,2,exact frozen state-major policy lookup
29,all_256_states,0,1,28,1,0,exact frozen state-major policy lookup
30,all_256_states,0,1,29,1,2,exact frozen state-major policy lookup
31,all_256_states,0,1,30,1,0,exact frozen state-major policy lookup
32,all_256_states,0,1,31,1,2,exact frozen state-major policy lookup
33,all_256_states,0,1,32,1,0,exact frozen state-major policy lookup
34,all_256_states,0,1,33,1,0,exact frozen state-major policy lookup
35,all_256_states,0,1,34,1,0,exact frozen state-major policy lookup
36,all_256_states,0,1,35,1,0,exact frozen state-major policy lookup
37,all_256_states,0,1,36,1,0,exact frozen state-major policy lookup
38,all_256_states,0,1,37,1,0,exact frozen state-major policy lookup
39,all_256_states,0,1,38,1,0,exact frozen state-major policy lookup
40,all_256_states,0,1,39,1,0,exact frozen state-major policy lookup
41,all_256_states,0,1,40,1,0,exact frozen state-major policy lookup
42,all_256_states,0,1,41,1,0,exact frozen state-major policy lookup
43,all_256_states,0,1,42,1,0,exact frozen state-major policy lookup
44,all_256_states,0,1,43,1,0,exact frozen state-major policy lookup
45,all_256_states,0,1,44,1,0,exact frozen state-major policy lookup
46,all_256_states,0,1,45,1,0,exact frozen state-major policy lookup
47,all_256_states,0,1,46,1,0,exact frozen state-major policy lookup
48,all_256_states,0,1,47,1,0,exact frozen state-major policy lookup
49,all_256_states,0,1,48,1,0,exact frozen state-major policy lookup
50,all_256_states,0,1,49,1,0,exact frozen state-major policy lookup
51,all_256_states,0,1,50,1,0,exact frozen state-major policy lookup
52,all_256_states,0,1,51,1,0,exact frozen state-major policy lookup
53,all_256_states,0,1,52,1,0,exact frozen state-major policy lookup
54,all_256_states,0,1,53,1,0,exact frozen state-major policy lookup
55,all_256_states,0,1,54,1,0,exact frozen state-major policy lookup
56,all_256_states,0,1,55,1,0,exact frozen state-major policy lookup
57,all_256_states,0,1,56,1,0,exact frozen state-major policy lookup
58,all_256_states,0,1,57,1,0,exact frozen state-major policy lookup
59,all_256_states,0,1,58,1,0,exact frozen state-major policy lookup
60,all_256_states,0,1,59,1,0,exact frozen state-major policy lookup
61,all_256_states,0,1,60,1,0,exact frozen state-major policy lookup
62,all_256_states,0,1,61,1,0,exact frozen state-major policy lookup
63,all_256_states,0,1,62,1,0,exact frozen state-major policy lookup
64,all_256_states,0,1,63,1,1,exact frozen state-major policy lookup
65,all_256_states,0,1,64,1,0,exact frozen state-major policy lookup
66,all_256_states,0,1,65,1,0,exact frozen state-major policy lookup
67,all_256_states,0,1,66,1,0,exact frozen state-major policy lookup
68,all_256_states,0,1,67,1,0,exact frozen state-major policy lookup
69,all_256_states,0,1,68,1,0,exact frozen state-major policy lookup
70,all_256_states,0,1,69,1,0,exact frozen state-major policy lookup
71,all_256_states,0,1,70,1,0,exact frozen state-major policy lookup
72,all_256_states,0,1,71,1,0,exact frozen state-major policy lookup
73,all_256_states,0,1,72,1,0,exact frozen state-major policy lookup
74,all_256_states,0,1,73,1,0,exact frozen state-major policy lookup
75,all_256_states,0,1,74,1,0,exact frozen state-major policy lookup
76,all_256_states,0,1,75,1,0,exact frozen state-major policy lookup
77,all_256_states,0,1,76,1,0,exact frozen state-major policy lookup
78,all_256_states,0,1,77,1,0,exact frozen state-major policy lookup
79,all_256_states,0,1,78,1,0,exact frozen state-major policy lookup
80,all_256_states,0,1,79,1,0,exact frozen state-major policy lookup
81,all_256_states,0,1,80,1,1,exact frozen state-major policy lookup
82,all_256_states,0,1,81,1,2,exact frozen state-major policy lookup
83,all_256_states,0,1,82,1,2,exact frozen state-major policy lookup
84,all_256_states,0,1,83,1,2,exact frozen state-major policy lookup
85,all_256_states,0,1,84,1,1,exact frozen state-major policy lookup
86,all_256_states,0,1,85,1,2,exact frozen state-major policy lookup
87,all_256_states,0,1,86,1,2,exact frozen state-major policy lookup
88,all_256_states,0,1,87,1,2,exact frozen state-major policy lookup
89,all_256_states,0,1,88,1,2,exact frozen state-major policy lookup
90,all_256_states,0,1,89,1,2,exact frozen state-major policy lookup
91,all_256_states,0,1,90,1,2,exact frozen state-major policy lookup
92,all_256_states,0,1,91,1,2,exact frozen state-major policy lookup
93,all_256_states,0,1,92,1,2,exact frozen state-major policy lookup
94,all_256_states,0,1,93,1,2,exact frozen state-major policy lookup
95,all_256_states,0,1,94,1,2,exact frozen state-major policy lookup
96,all_256_states,0,1,95,1,0,exact frozen state-major policy lookup
97,all_256_states,0,1,96,1,2,exact frozen state-major policy lookup
98,all_256_states,0,1,97,1,0,exact frozen state-major policy lookup
99,all_256_states,0,1,98,1,0,exact frozen state-major policy lookup
100,all_256_states,0,1,99,1,0,exact frozen state-major policy lookup
101,all_256_states,0,1,100,1,1,exact frozen state-major policy lookup
102,all_256_states,0,1,101,1,0,exact frozen state-major policy lookup
103,all_256_states,0,1,102,1,0,exact frozen state-major policy lookup
104,all_256_states,0,1,103,1,0,exact frozen state-major policy lookup
105,all_256_states,0,1,104,1,3,exact frozen state-major policy lookup
106,all_256_states,0,1,105,1,0,exact frozen state-major policy lookup
107,all_256_states,0,1,106,1,0,exact frozen state-major policy lookup
108,all_256_states,0,1,107,1,0,exact frozen state-major policy lookup
109,all_256_states,0,1,108,1,3,exact frozen state-major policy lookup
110,all_256_states,0,1,109,1,0,exact frozen state-major policy lookup
111,all_256_states,0,1,110,1,0,exact frozen state-major policy lookup
112,all_256_states,0,1,111,1,0,exact frozen state-major policy lookup
113,all_256_states,0,1,112,1,0,exact frozen state-major policy lookup
114,all_256_states,0,1,113,1,1,exact frozen state-major policy lookup
115,all_256_states,0,1,114,1,2,exact frozen state-major policy lookup
116,all_256_states,0,1,115,1,2,exact frozen state-major policy lookup
117,all_256_states,0,1,116,1,0,exact frozen state-major policy lookup
118,all_256_states,0,1,117,1,1,exact frozen state-major policy lookup
119,all_256_states,0,1,118,1,0,exact frozen state-major policy lookup
120,all_256_states,0,1,119,1,0,exact frozen state-major policy lookup
121,all_256_states,0,1,120,1,0,exact frozen state-major policy lookup
122,all_256_states,0,1,121,1,0,exact frozen state-major policy lookup
123,all_256_states,0,1,122,1,2,exact frozen state-major policy lookup
124,all_256_states,0,1,123,1,1,exact frozen state-major policy lookup
125,all_256_states,0,1,124,1,0,exact frozen state-major policy lookup
126,all_256_states,0,1,125,1,2,exact frozen state-major policy lookup
127,all_256_states,0,1,126,1,3,exact frozen state-major policy lookup
128,all_256_states,0,1,127,1,3,exact frozen state-major policy lookup
129,all_256_states,0,1,128,1,0,exact frozen state-major policy lookup
130,all_256_states,0,1,129,1,0,exact frozen state-major policy lookup
131,all_256_states,0,1,130,1,0,exact frozen state-major policy lookup
132,all_256_states,0,1,131,1,0,exact frozen state-major policy lookup
133,all_256_states,0,1,132,1,0,exact frozen state-major policy lookup
134,all_256_states,0,1,133,1,0,exact frozen state-major policy lookup
135,all_256_states,0,1,134,1,0,exact frozen state-major policy lookup
136,all_256_states,0,1,135,1,0,exact frozen state-major policy lookup
137,all_256_states,0,1,136,1,0,exact frozen state-major policy lookup
138,all_256_states,0,1,137,1,0,exact frozen state-major policy lookup
139,all_256_states,0,1,138,1,0,exact frozen state-major policy lookup
140,all_256_states,0,1,139,1,0,exact frozen state-major policy lookup
141,all_256_states,0,1,140,1,0,exact frozen state-major policy lookup
142,all_256_states,0,1,141,1,0,exact frozen state-major policy lookup
143,all_256_states,0,1,142,1,0,exact frozen state-major policy lookup
144,all_256_states,0,1,143,1,0,exact frozen state-major policy lookup
145,all_256_states,0,1,144,1,3,exact frozen state-major policy lookup
146,all_256_states,0,1,145,1,1,exact frozen state-major policy lookup
147,all_256_states,0,1,146,1,2,exact frozen state-major policy lookup
148,all_256_states,0,1,147,1,0,exact frozen state-major policy lookup
149,all_256_states,0,1,148,1,2,exact frozen state-major policy lookup
150,all_256_states,0,1,149,1,1,exact frozen state-major policy lookup
151,all_256_states,0,1,150,1,2,exact frozen state-major policy lookup
152,all_256_states,0,1,151,1,2,exact frozen state-major policy lookup
153,all_256_states,0,1,152,1,1,exact frozen state-major policy lookup
154,all_256_states,0,1,153,1,1,exact frozen state-major policy lookup
155,all_256_states,0,1,154,1,3,exact frozen state-major policy lookup
156,all_256_states,0,1,155,1,2,exact frozen state-major policy lookup
157,all_256_states,0,1,156,1,2,exact frozen state-major policy lookup
158,all_256_states,0,1,157,1,1,exact frozen state-major policy lookup
159,all_256_states,0,1,158,1,1,exact frozen state-major policy lookup
160,all_256_states,0,1,159,1,2,exact frozen state-major policy lookup
161,all_256_states,0,1,160,1,1,exact frozen state-major policy lookup
162,all_256_states,0,1,161,1,1,exact frozen state-major policy lookup
163,all_256_states,0,1,162,1,3,exact frozen state-major policy lookup
164,all_256_states,0,1,163,1,0,exact frozen state-major policy lookup
165,all_256_states,0,1,164,1,2,exact frozen state-major policy lookup
166,all_256_states,0,1,165,1,0,exact frozen state-major policy lookup
167,all_256_states,0,1,166,1,3,exact frozen state-major policy lookup
168,all_256_states,0,1,167,1,0,exact frozen state-major policy lookup
169,all_256_states,0,1,168,1,0,exact frozen state-major policy lookup
170,all_256_states,0,1,169,1,3,exact frozen state-major policy lookup
171,all_256_states,0,1,170,1,0,exact frozen state-major policy lookup
172,all_256_states,0,1,171,1,0,exact frozen state-major policy lookup
173,all_256_states,0,1,172,1,1,exact frozen state-major policy lookup
174,all_256_states,0,1,173,1,1,exact frozen state-major policy lookup
175,all_256_states,0,1,174,1,0,exact frozen state-major policy lookup
176,all_256_states,0,1,175,1,1,exact frozen state-major policy lookup
177,all_256_states,0,1,176,1,1,exact frozen state-major policy lookup
178,all_256_states,0,1,177,1,0,exact frozen state-major policy lookup
179,all_256_states,0,1,178,1,2,exact frozen state-major policy lookup
180,all_256_states,0,1,179,1,0,exact frozen state-major policy lookup
181,all_256_states,0,1,180,1,1,exact frozen state-major policy lookup
182,all_256_states,0,1,181,1,0,exact frozen state-major policy lookup
183,all_256_states,0,1,182,1,1,exact frozen state-major policy lookup
184,all_256_states,0,1,183,1,0,exact frozen state-major policy lookup
185,all_256_states,0,1,184,1,3,exact frozen state-major policy lookup
186,all_256_states,0,1,185,1,2,exact frozen state-major policy lookup
187,all_256_states,0,1,186,1,2,exact frozen state-major policy lookup
188,all_256_states,0,1,187,1,2,exact frozen state-major policy lookup
189,all_256_states,0,1,188,1,3,exact frozen state-major policy lookup
190,all_256_states,0,1,189,1,3,exact frozen state-major policy lookup
191,all_256_states,0,1,190,1,1,exact frozen state-major policy lookup
192,all_256_states,0,1,191,1,2,exact frozen state-major policy lookup
193,all_256_states,0,1,192,1,0,exact frozen state-major policy lookup
194,all_256_states,0,1,193,1,0,exact frozen state-major policy lookup
195,all_256_states,0,1,194,1,0,exact frozen state-major policy lookup
196,all_256_states,0,1,195,1,0,exact frozen state-major policy lookup
197,all_256_states,0,1,196,1,0,exact frozen state-major policy lookup
198,all_256_states,0,1,197,1,0,exact frozen state-major policy lookup
199,all_256_states,0,1,198,1,0,exact frozen state-major policy lookup
200,all_256_states,0,1,199,1,0,exact frozen state-major policy lookup
201,all_256_states,0,1,200,1,0,exact frozen state-major policy lookup
202,all_256_states,0,1,201,1,0,exact frozen state-major policy lookup
203,all_256_states,0,1,202,1,0,exact frozen state-major policy lookup
204,all_256_states,0,1,203,1,0,exact frozen state-major policy lookup
205,all_256_states,0,1,204,1,0,exact frozen state-major policy lookup
206,all_256_states,0,1,205,1,0,exact frozen state-major policy lookup
207,all_256_states,0,1,206,1,0,exact frozen state-major policy lookup
208,all_256_states,0,1,207,1,0,exact frozen state-major policy lookup
209,all_256_states,0,1,208,1,1,exact frozen state-major policy lookup
210,all_256_states,0,1,209,1,1,exact frozen state-major policy lookup
211,all_256_states,0,1,210,1,1,exact frozen state-major policy lookup
212,all_256_states,0,1,211,1,1,exact frozen state-major policy lookup
213,all_256_states,0,1,212,1,1,exact frozen state-major policy lookup
214,all_256_states,0,1,213,1,3,exact frozen state-major policy lookup
215,all_256_states,0,1,214,1,2,exact frozen state-major policy lookup
216,all_256_states,0,1,215,1,1,exact frozen state-major policy lookup
217,all_256_states,0,1,216,1,1,exact frozen state-major policy lookup
218,all_256_states,0,1,217,1,3,exact frozen state-major policy lookup
219,all_256_states,0,1,218,1,3,exact frozen state-major policy lookup
220,all_256_states,0,1,219,1,1,exact frozen state-major policy lookup
221,all_256_states,0,1,220,1,1,exact frozen state-major policy lookup
222,all_256_states,0,1,221,1,3,exact frozen state-major policy lookup
223,all_256_states,0,1,222,1,1,exact frozen state-major policy lookup
224,all_256_states,0,1,223,1,3,exact frozen state-major policy lookup
225,all_256_states,0,1,224,1,3,exact frozen state-major policy lookup
226,all_256_states,0,1,225,1,3,exact frozen state-major policy lookup
227,all_256_states,0,1,226,1,3,exact frozen state-major policy lookup
228,all_256_states,0,1,227,1,1,exact frozen state-major policy lookup
229,all_256_states,0,1,228,1,0,exact frozen state-major policy lookup
230,all_256_states,0,1,229,1,0,exact frozen state-major policy lookup
231,all_256_states,0,1,230,1,2,exact frozen state-major policy lookup
232,all_256_states,0,1,231,1,1,exact frozen state-major policy lookup
233,all_256_states,0,1,232,1,0,exact frozen state-major policy lookup
234,all_256_states,0,1,233,1,0,exact frozen state-major policy lookup
235,all_256_states,0,1,234,1,2,exact frozen state-major policy lookup
236,all_256_states,0,1,235,1,3,exact frozen state-major policy lookup
237,all_256_states,0,1,236,1,1,exact frozen state-major policy lookup
238,all_256_states,0,1,237,1,0,exact frozen state-major policy lookup
239,all_256_states,0,1,238,1,1,exact frozen state-major policy lookup
240,all_256_states,0,1,239,1,1,exact frozen state-major policy lookup
241,all_256_states,0,1,240,1,3,exact frozen state-major policy lookup
242,all_256_states,0,1,241,1,1,exact frozen state-major policy lookup
243,all_256_states,0,1,242,1,0,exact frozen state-major policy lookup
244,all_256_states,0,1,243,1,1,exact frozen state-major policy lookup
245,all_256_states,0,1,244,1,0,exact frozen state-major policy lookup
246,all_256_states,0,1,245,1,1,exact frozen state-major policy lookup
247,all_256_states,0,1,246,1,2,exact frozen state-major policy lookup
248,all_256_states,0,1,247,1,2,exact frozen state-major policy lookup
249,all_256_states,0,1,248,1,0,exact frozen state-major policy lookup
250,all_256_states,0,1,249,1,2,exact frozen state-major policy lookup
251,all_256_states,0,1,250,1,1,exact frozen state-major policy lookup
252,all_256_states,0,1,251,1,0,exact frozen state-major policy lookup
253,all_256_states,0,1,252,1,0,exact frozen state-major policy lookup
254,all_256_states,0,1,253,1,3,exact frozen state-major policy lookup
255,all_256_states,0,1,254,1,1,exact frozen state-major policy lookup
256,all_256_states,0,1,255,1,3,exact frozen state-major policy lookup
257,enable_hold,0,0,0,0,3,valid clears and proposed action holds
258,reset,1,1,255,0,0,midstream reset clears the prior action
259,post_reset_read,0,1,0,1,0,first enabled read after reset
