controller,partition,seed,trace_id,trace_sha256,decision_count,success_count,blocking_rate,mean_total_reward,mean_success_bottleneck_fidelity,mean_balance_utility_success,mean_hops_success,switch_count,switch_rate,profile_0_count,profile_1_count,profile_2_count,profile_3_count
h2_forced_fixed,train,101,ring6_seed0101_len512,f21d07dc5324be68374031c821eb6413669174f87fecff8ee658e1526f394a9f,512,512,0.000000000000,4.614674831679,0.958344140625,0.166542019179,2.875000000000,0,0.000000000000,512,0,0,0
h3_threshold,train,101,ring6_seed0101_len512,f21d07dc5324be68374031c821eb6413669174f87fecff8ee658e1526f394a9f,512,512,0.000000000000,4.625999590904,0.959691796875,0.251499590904,2.980468750000,152,0.297455968689,80,203,127,102
h2_forced_fixed,train,211,ring6_seed0211_len512,5635eabbe698f8899309c5023856c73554f577a4ae5b1d83e4f466e997522942,512,512,0.000000000000,4.624112492434,0.958294140625,0.176979679934,2.875000000000,0,0.000000000000,512,0,0,0
h3_threshold,train,211,ring6_seed0211_len512,5635eabbe698f8899309c5023856c73554f577a4ae5b1d83e4f466e997522942,512,512,0.000000000000,4.620366157389,0.959456250000,0.250088813639,2.980468750000,151,0.295499021526,95,205,128,84
h2_forced_fixed,train,307,ring6_seed0307_len512,a1ad880f0db71717b75c88e8a61b3f82229a175e2ad9a2d1ddcb1227b00403a8,512,512,0.000000000000,4.608710848505,0.957923632812,0.168988192255,2.875000000000,0,0.000000000000,512,0,0,0
h3_threshold,train,307,ring6_seed0307_len512,a1ad880f0db71717b75c88e8a61b3f82229a175e2ad9a2d1ddcb1227b00403a8,512,512,0.000000000000,4.612989127734,0.959173632813,0.250317252734,2.976562500000,157,0.307240704501,84,219,127,82
h2_forced_fixed,train,401,ring6_seed0401_len512,5853b76226cceb69d092950746a2131ed33fb94bfd9546eda4ce15212c161129,512,512,0.000000000000,4.614395553665,0.958036523438,0.172415084915,2.875000000000,0,0.000000000000,512,0,0,0
h3_threshold,train,401,ring6_seed0401_len512,5853b76226cceb69d092950746a2131ed33fb94bfd9546eda4ce15212c161129,512,512,0.000000000000,4.613053679936,0.959130273438,0.245389617436,2.976562500000,145,0.283757338552,84,219,126,83
h2_forced_fixed,train,503,ring6_seed0503_len512,ef1cc63e5124da2287ebff2b3d5483000a07722f1a8e5bf0975b6df454c2e3f5,512,512,0.000000000000,4.618707003500,0.958484960938,0.167757784750,2.875000000000,0,0.000000000000,512,0,0,0
h3_threshold,train,503,ring6_seed0503_len512,ef1cc63e5124da2287ebff2b3d5483000a07722f1a8e5bf0975b6df454c2e3f5,512,512,0.000000000000,4.628101019315,0.959598242188,0.251565863065,2.980468750000,144,0.281800391389,74,213,127,98
h2_forced_fixed,train,601,ring6_seed0601_len512,d6fb7fea94174f8a35d88adbdc2070f1a795152979e886b18ff4067fb63a8e17,512,512,0.000000000000,4.614455919731,0.958132226562,0.170561388481,2.875000000000,0,0.000000000000,512,0,0,0
h3_threshold,train,601,ring6_seed0601_len512,d6fb7fea94174f8a35d88adbdc2070f1a795152979e886b18ff4067fb63a8e17,512,512,0.000000000000,4.626377933265,0.959362695312,0.252600589515,2.976562500000,142,0.277886497065,85,212,127,88
h2_forced_fixed,train,701,ring6_seed0701_len512,6a7cf3bfe6a32fe0117c054aca3748460db8b1e5b76d36e92adedfc6a2ae6451,512,512,0.000000000000,4.628767677960,0.958850195312,0.170513771710,2.875000000000,0,0.000000000000,512,0,0,0
h3_threshold,train,701,ring6_seed0701_len512,6a7cf3bfe6a32fe0117c054aca3748460db8b1e5b76d36e92adedfc6a2ae6451,512,512,0.000000000000,4.639377819771,0.959787695312,0.253682507271,2.976562500000,135,0.264187866928,76,202,128,106
h2_forced_fixed,train,809,ring6_seed0809_len512,71c162f014112e56c88ee60ff4f73eb6be1dfbe9ac9f489dd691ac665a2e32f8,512,512,0.000000000000,4.603094254053,0.958094140625,0.159961441553,2.875000000000,0,0.000000000000,512,0,0,0
h3_threshold,train,809,ring6_seed0809_len512,71c162f014112e56c88ee60ff4f73eb6be1dfbe9ac9f489dd691ac665a2e32f8,512,512,0.000000000000,4.624677976321,0.959256250000,0.253029538821,2.984375000000,138,0.270058708415,96,194,128,94
h2_forced_fixed,validation,1009,ring6_seed1009_len512,aa25bd63b8ce074a2a644ee070989752e27abaef5d3759c4849767a97e711a3b,512,512,0.000000000000,4.619141453490,0.958298437500,0.171922703490,2.875000000000,0,0.000000000000,512,0,0,0
h3_threshold,validation,1009,ring6_seed1009_len512,aa25bd63b8ce074a2a644ee070989752e27abaef5d3759c4849767a97e711a3b,512,512,0.000000000000,4.636346107560,0.959616796875,0.256510170060,2.976562500000,140,0.273972602740,84,196,128,104
h2_forced_fixed,validation,1103,ring6_seed1103_len512,836fc27fa4f7901a7c357185a27f75130a4c9906df5bf38614b9dc37dc5880bb,512,512,0.000000000000,4.620549187358,0.958109765625,0.177103874858,2.875000000000,0,0.000000000000,512,0,0,0
h3_threshold,validation,1103,ring6_seed1103_len512,836fc27fa4f7901a7c357185a27f75130a4c9906df5bf38614b9dc37dc5880bb,512,512,0.000000000000,4.620507871252,0.959320703125,0.253918027502,2.980468750000,153,0.299412915851,84,190,127,111
h2_forced_fixed,validation,1201,ring6_seed1201_len512,55cbb81f4e873dc76d4a6a14ac7062b71ba6253a863c44b7f8a06a67c6bcc498,512,512,0.000000000000,4.630517891722,0.958654882812,0.176170235472,2.875000000000,0,0.000000000000,512,0,0,0
h3_threshold,validation,1201,ring6_seed1201_len512,55cbb81f4e873dc76d4a6a14ac7062b71ba6253a863c44b7f8a06a67c6bcc498,512,512,0.000000000000,4.634277825365,0.959758398437,0.253074700365,2.976562500000,143,0.279843444227,84,204,129,95
h2_forced_fixed,validation,1301,ring6_seed1301_len512,6d425fe6c90827d5bd0d58b7e82a868d2ae79e0c453cc4b51195ab076b5cf36a,512,512,0.000000000000,4.613374269069,0.958136914063,0.169385987819,2.875000000000,0,0.000000000000,512,0,0,0
h3_threshold,validation,1301,ring6_seed1301_len512,6d425fe6c90827d5bd0d58b7e82a868d2ae79e0c453cc4b51195ab076b5cf36a,512,512,0.000000000000,4.627618802747,0.959250195312,0.256091458997,2.980468750000,140,0.273972602740,84,204,127,97
