search_id,search_date,database_or_publisher,exact_query,filters,results_returned,records_screened,included_audit_ids,excluded_count,exclusion_codes,notes
S001,2026-07-17,MDPI Photonics,"""Adaptive Routing for Meshed QKD Networks of Flexible Size Using Deep Reinforcement Learning""",Primary/official source; title identity and claim-scope verification,,1,P001,0,,"Batch 1 identity, platform, metrics-scope and latency-scope audit"
S002,2026-07-17,arXiv,"""Overview of Routing Approaches in Quantum Key Distribution Networks""",Primary/official source; title identity and claim-scope verification,,1,P002,0,,"Batch 1 identity, platform, metrics-scope and latency-scope audit"
S003,2026-07-17,Wiley/IET,"""Deep reinforcement learning-based routing and resource assignment in quantum key distribution-secured optical networks""",Primary/official source; title identity and claim-scope verification,,1,P003,0,,"Batch 1 identity, platform, metrics-scope and latency-scope audit"
S004,2026-07-17,Springer,"""A quantum key distribution routing scheme for hybrid-trusted QKD network system""",Primary/official source; title identity and claim-scope verification,,1,P004,0,,"Batch 1 identity, platform, metrics-scope and latency-scope audit"
S005,2026-07-17,MDPI Applied Sciences,"""A Dynamic-Routing Algorithm Based on a Virtual Quantum Key Distribution Network""",Primary/official source; title identity and claim-scope verification,,1,P005,0,,"Batch 1 identity, platform, metrics-scope and latency-scope audit"
S006,2026-07-17,MDPI Entropy,"""Routing Algorithm Within the Multiple Non-Overlapping Paths' Approach for Quantum Key Distribution Networks""",Primary/official source; title identity and claim-scope verification,,1,P006,0,,"Batch 1 identity, platform, metrics-scope and latency-scope audit"
S007,2026-07-17,MDPI Photonics,"""Q-Learning for Resource-Aware and Adaptive Routing in Trusted-Relay QKD Network""",Primary/official source; title identity and claim-scope verification,,1,P007,0,,"Batch 1 identity, platform, metrics-scope and latency-scope audit"
S008,2026-07-17,IEEE Xplore,"""Fast and Secure Routing Algorithms for Quantum Key Distribution Networks""",Primary/official source; title identity and claim-scope verification,,1,P008,0,,"Batch 1 identity, platform, metrics-scope and latency-scope audit"
S009,2026-07-17,MDPI Photonics,"""Dynamic Security-Aware Resource Allocation in Quantum Key Distribution-Enabled Optical Networks""",Primary/official source; title identity and claim-scope verification,,1,P009,0,,"Batch 1 identity, platform, metrics-scope and latency-scope audit"
S010,2026-07-17,IEEE Xplore,"""Routing With Minimum Activated Trusted Nodes in Quantum Key Distribution Networks for Secure Communications""",Primary/official source; title identity and claim-scope verification,,1,P010,0,,"Batch 1 identity, platform, metrics-scope and latency-scope audit"
S011,2026-07-17,Optica,"""DRL-based progressive recovery for quantum-key-distribution networks""",Primary/official source; title identity and claim-scope verification,,1,P011,0,,"Batch 1 identity, platform, metrics-scope and latency-scope audit"
S012,2026-07-17,IEEE Xplore,"""Routing, Channel, Key-Rate, and Time-Slot Assignment for QKD in Optical Networks""",Primary/official source; title identity and claim-scope verification,,1,P012,0,,"Batch 1 identity, platform, metrics-scope and latency-scope audit"
S013,2026-07-17,Nature,"""MadQCI: a heterogeneous and scalable SDN-QKD network deployed in production facilities""",Primary/official source; title identity and claim-scope verification,,1,P013,0,,"Batch 1 identity, platform, metrics-scope and latency-scope audit"
S014,2026-07-17,IEEE Xplore,"""The Evolution of Quantum Key Distribution Networks: On the Road to the Qinternet""",Primary/official source; title identity and claim-scope verification,,1,P014,0,,"Batch 1 identity, platform, metrics-scope and latency-scope audit"
S015,2026-07-17,Nature,"""Implementation of carrier-grade quantum communication networks over 10000 km""",Primary/official source; title identity and claim-scope verification,,1,P015,0,,"Batch 1 identity, platform, metrics-scope and latency-scope audit"
S016,2026-07-17,MDPI BDCC,"""A Quantum Key Distribution Routing Scheme for a Zero-Trust QKD Network System: A Moving Target Defense Approach""",Primary/official source; title identity and claim-scope verification,,1,P016,0,,"Batch 1 identity, platform, metrics-scope and latency-scope audit"
S017,2026-07-17,Nature / Scientific Reports,"""Efficient FPGA implementation of polar codes-based information reconciliation for quantum key distribution""","Primary/official source; identity, platform, metrics-scope and latency-scope verification",,1,P017,0,,"Batch 2 FPGA-component, hardware-GA and fidelity-routing audit"
S018,2026-07-17,MDPI Entropy,"""FPGA-Based Implementation of Multidimensional Reconciliation Encoding in Quantum Key Distribution""","Primary/official source; identity, platform, metrics-scope and latency-scope verification",,1,P018,0,,"Batch 2 FPGA-component, hardware-GA and fidelity-routing audit"
S019,2026-07-17,IEEE Xplore,"""Scalable QKD Postprocessing System With Reconfigurable Hardware Accelerator""","Primary/official source; identity, platform, metrics-scope and latency-scope verification",,1,P019,0,,"Batch 2 FPGA-component, hardware-GA and fidelity-routing audit"
S020,2026-07-17,IEEE Xplore,"""The Hitchhiker's Guide to FPGA-Accelerated Quantum Error Correction""","Primary/official source; identity, platform, metrics-scope and latency-scope verification",,1,P020,0,,"Batch 2 FPGA-component, hardware-GA and fidelity-routing audit"
S021,2026-07-17,ACM Digital Library,"""FPT-EMS: An FPGA Implementation Using NB-LDPC Code for Continuous-Variable Quantum Key Distribution""","Primary/official source; identity, platform, metrics-scope and latency-scope verification",,1,P021,0,,"Batch 2 FPGA-component, hardware-GA and fidelity-routing audit"
S022,2026-07-17,IEEE Xplore,"""FPGA-Based Synchronization of Frequency-Domain Interferometer for QKD""","Primary/official source; identity, platform, metrics-scope and latency-scope verification",,1,P022,0,,"Batch 2 FPGA-component, hardware-GA and fidelity-routing audit"
S023,2026-07-17,Elsevier ScienceDirect,"""A fully customizable hardware implementation for general purpose genetic algorithms""","Primary/official source; identity, platform, metrics-scope and latency-scope verification",,1,P023,0,,"Batch 2 FPGA-component, hardware-GA and fidelity-routing audit"
S024,2026-07-17,IEEE Xplore,"""Customizable FPGA IP Core Implementation of a General-Purpose Genetic Algorithm Engine""","Primary/official source; identity, platform, metrics-scope and latency-scope verification",,1,P024,0,,"Batch 2 FPGA-component, hardware-GA and fidelity-routing audit"
S025,2026-07-17,SpringerLink,"""Automated Framework for General-Purpose Genetic Algorithms in FPGAs""","Primary/official source; identity, platform, metrics-scope and latency-scope verification",,1,P025,0,,"Batch 2 FPGA-component, hardware-GA and fidelity-routing audit"
S026,2026-07-17,ACM Digital Library,"""RapidLayout: Fast Hard Block Placement of FPGA-Optimized Systolic Arrays Using Evolutionary Algorithms""","Primary/official source; identity, platform, metrics-scope and latency-scope verification",,1,P026,0,,"Batch 2 FPGA-component, hardware-GA and fidelity-routing audit"
S027,2026-07-17,SpringerLink,"""A High-Performance, Pipelined, FPGA-Based Genetic Algorithm Machine""","Primary/official source; identity, platform, metrics-scope and latency-scope verification",,1,P027,0,,"Batch 2 FPGA-component, hardware-GA and fidelity-routing audit"
S028,2026-07-17,IEEE / City University of Hong Kong,"""Hardware Implementation of Genetic Algorithms Using FPGA""","Primary/official source; identity, platform, metrics-scope and latency-scope verification",,1,P028,0,,"Batch 2 FPGA-component, hardware-GA and fidelity-routing audit"
S029,2026-07-17,IEEE Xplore / arXiv,"""RELiQ: Scalable Entanglement Routing via Reinforcement Learning in Quantum Networks""","Primary/official source; identity, platform, metrics-scope and latency-scope verification",,1,P029,0,,"Batch 2 FPGA-component, hardware-GA and fidelity-routing audit"
S030,2026-07-17,IEEE Xplore,"""qRL: Reinforcement Learning Routing for Quantum Entanglement Networks""","Primary/official source; identity, platform, metrics-scope and latency-scope verification",,1,P030,0,,"Batch 2 FPGA-component, hardware-GA and fidelity-routing audit"
S031,2026-07-17,Research Square,"""QoS-Aware Reinforcement Learning Routing for Entanglement Networks""","Primary/official source; identity, platform, metrics-scope and latency-scope verification",,1,P031,0,,"Batch 2 FPGA-component, hardware-GA and fidelity-routing audit"
S032,2026-07-17,IEEE Xplore,"""Entanglement Routing for Quantum Networks: A Deep Reinforcement Learning Approach""","Primary/official source; identity, platform, metrics-scope and latency-scope verification",,1,P032,0,,"Batch 2 FPGA-component, hardware-GA and fidelity-routing audit"
S033,2026-07-17,arXiv,"""Robust Belief-State Policy Learning for Quantum Network Routing Under Decoherence and Time-Varying Conditions""","Primary/official source; identity, evidence scope, platform and latency-boundary verification",,1,P033,0,,"Batch 3 final audit: fidelity routing, TSN/data plane, simulation, algorithms and theory"
S034,2026-07-17,Nature / Scientific Reports,"""Optimal key forwarding strategy in QKD behaviours""","Primary/official source; identity, evidence scope, platform and latency-boundary verification",,1,P034,0,,"Batch 3 final audit: fidelity routing, TSN/data plane, simulation, algorithms and theory"
S035,2026-07-17,ACM Digital Library / arXiv,"""Time-Sensitive Networking (TSN) for Industrial Automation: Current Advances and Future Directions""","Primary/official source; identity, evidence scope, platform and latency-boundary verification",,1,P035,0,,"Batch 3 final audit: fidelity routing, TSN/data plane, simulation, algorithms and theory"
S036,2026-07-17,IEEE Xplore / arXiv,"""Real-Time Scheduling for 802.1Qbv Time-Sensitive Networking (TSN): A Systematic Review and Experimental Study""","Primary/official source; identity, evidence scope, platform and latency-boundary verification",,1,P036,0,,"Batch 3 final audit: fidelity routing, TSN/data plane, simulation, algorithms and theory"
S037,2026-07-17,HAL,"""Configuring the IEEE 802.1Qbv Time-aware shaper with deep reinforcement learning""","Primary/official source; identity, evidence scope, platform and latency-boundary verification",,1,P037,0,,"Batch 3 final audit: fidelity routing, TSN/data plane, simulation, algorithms and theory"
S038,2026-07-17,ACM Digital Library,"""P4: Programming Protocol-Independent Packet Processors""","Primary/official source; identity, evidence scope, platform and latency-boundary verification",,1,P038,0,,"Batch 3 final audit: fidelity routing, TSN/data plane, simulation, algorithms and theory"
S039,2026-07-17,ACM Digital Library,"""Packet Transactions: High-Level Programming for Line-Rate Switches""","Primary/official source; identity, evidence scope, platform and latency-boundary verification",,1,P039,0,,Explicit replacement source; original workbook identity not verified
S040,2026-07-17,IEEE Xplore exact-title search,"""Piecewise-Linear Approximation of Mathematical Functions in FPGA: Survey and Design Methodology""","Primary/official source; identity, evidence scope, platform and latency-boundary verification",0,0,P040,1,IDENTITY_NOT_VERIFIED,"Batch 3 final audit: fidelity routing, TSN/data plane, simulation, algorithms and theory"
S041,2026-07-17,ACM Digital Library exact-title search,"""Hardware-Efficient Random Number Generation for FPGAs: Xorshift and LFSR Comparison""","Primary/official source; identity, evidence scope, platform and latency-boundary verification",0,0,P041,1,IDENTITY_NOT_VERIFIED,"Batch 3 final audit: fidelity routing, TSN/data plane, simulation, algorithms and theory"
S042,2026-07-17,IEEE Xplore,"""A Survey of Quantum Key Distribution (QKD) Network Simulation Platforms""","Primary/official source; identity, evidence scope, platform and latency-boundary verification",,1,P042,0,,"Batch 3 final audit: fidelity routing, TSN/data plane, simulation, algorithms and theory"
S043,2026-07-17,Nature / Communications Physics,"""NetSquid, a NETwork Simulator for QUantum Information using Discrete events""","Primary/official source; identity, evidence scope, platform and latency-boundary verification",,1,P043,0,,"Batch 3 final audit: fidelity routing, TSN/data plane, simulation, algorithms and theory"
S044,2026-07-17,Springer Nature / EPJ Quantum Technology,"""Information reconciliation of continuous-variables quantum key distribution: principles, implementations and applications""","Primary/official source; identity, evidence scope, platform and latency-boundary verification",,1,P044,0,,"Batch 3 final audit: fidelity routing, TSN/data plane, simulation, algorithms and theory"
S045,2026-07-17,ACM Digital Library,"""Quantum Key Distribution: A Networking Perspective""","Primary/official source; identity, evidence scope, platform and latency-boundary verification",,1,P045,0,,"Batch 3 final audit: fidelity routing, TSN/data plane, simulation, algorithms and theory"
S046,2026-07-17,IEEE Xplore,"""A Fast and Elitist Multiobjective Genetic Algorithm: NSGA-II""","Primary/official source; identity, evidence scope, platform and latency-boundary verification",,1,P046,0,,"Batch 3 final audit: fidelity routing, TSN/data plane, simulation, algorithms and theory"
S047,2026-07-17,IEEE Xplore,"""MOEA/D: A Multiobjective Evolutionary Algorithm Based on Decomposition""","Primary/official source; identity, evidence scope, platform and latency-boundary verification",,1,P047,0,,"Batch 3 final audit: fidelity routing, TSN/data plane, simulation, algorithms and theory"
S048,2026-07-17,Elsevier ScienceDirect,"""Objectives and methods in multi-objective routing problems: a survey and classification scheme""","Primary/official source; identity, evidence scope, platform and latency-boundary verification",,1,P048,0,,Explicit replacement source; original workbook identity not verified
S049,2026-07-17,Google Books bibliographic record,"""Computers and Intractability: A Guide to the Theory of NP-Completeness""","Primary/official source; identity, evidence scope, platform and latency-boundary verification",,1,P049,0,,"Batch 3 final audit: fidelity routing, TSN/data plane, simulation, algorithms and theory"
S050,2026-07-17,INFORMS,"""Approximation Schemes for the Restricted Shortest Path Problem""","Primary/official source; identity, evidence scope, platform and latency-boundary verification",,1,P050,0,,"Batch 3 final audit: fidelity routing, TSN/data plane, simulation, algorithms and theory"
