intent,alphas,lambda_tch,lambda_tch_hw_ratio,correct_count,scenario_count,minimum_margin,mean_margin,alpha_distance,ratio_complexity,eligible,selected
fidelity_protection,"[1.0, 2.0, 0.5, 3.0]","[0.25, 0.5, 0.25]","[1, 2, 1]",5,5,0.249831678437,0.249875143700,1.500000,4,true,true
fidelity_protection,"[1.0, 2.0, 0.5, 3.0]","[0.2, 0.6, 0.2]","[1, 3, 1]",5,5,0.399797548897,0.399847494147,1.500000,5,true,false
fidelity_protection,"[1.0, 2.0, 0.5, 3.0]","[0.16666666666666666, 0.6666666666666666, 0.16666666666666666]","[1, 4, 1]",5,5,0.499774795871,0.499829061112,1.500000,6,true,false
fidelity_protection,"[1.0, 3.0, 0.5, 3.0]","[0.25, 0.5, 0.25]","[1, 2, 1]",5,5,0.249831247119,0.249877060451,2.500000,4,true,false
fidelity_protection,"[1.0, 2.0, 0.5, 4.0]","[0.25, 0.5, 0.25]","[1, 2, 1]",5,5,0.249831692797,0.249876565105,2.500000,4,true,false
fidelity_protection,"[1.0, 3.0, 0.5, 3.0]","[0.2, 0.6, 0.2]","[1, 3, 1]",5,5,0.399797203843,0.399849027548,2.500000,5,true,false
fidelity_protection,"[1.0, 2.0, 0.5, 4.0]","[0.2, 0.6, 0.2]","[1, 3, 1]",5,5,0.399797560385,0.399848631272,2.500000,5,true,false
fidelity_protection,"[1.0, 3.0, 0.5, 3.0]","[0.16666666666666666, 0.6666666666666666, 0.16666666666666666]","[1, 4, 1]",5,5,0.499774508326,0.499830338946,2.500000,6,true,false
fidelity_protection,"[1.0, 2.0, 0.5, 4.0]","[0.16666666666666666, 0.6666666666666666, 0.16666666666666666]","[1, 4, 1]",5,5,0.499774805444,0.499830008716,2.500000,6,true,false
fidelity_protection,"[1.0, 3.0, 0.5, 4.0]","[0.25, 0.5, 0.25]","[1, 2, 1]",5,5,0.249831252778,0.249877284292,3.500000,4,true,false
fidelity_protection,"[1.0, 4.0, 0.5, 3.0]","[0.25, 0.5, 0.25]","[1, 2, 1]",5,5,0.249831049164,0.249877283807,3.500000,4,true,false
fidelity_protection,"[1.0, 3.0, 0.5, 4.0]","[0.2, 0.6, 0.2]","[1, 3, 1]",5,5,0.399797208370,0.399849206621,3.500000,5,true,false
fidelity_protection,"[1.0, 4.0, 0.5, 3.0]","[0.2, 0.6, 0.2]","[1, 3, 1]",5,5,0.399797045479,0.399849206233,3.500000,5,true,false
fidelity_protection,"[1.0, 3.0, 0.5, 4.0]","[0.16666666666666666, 0.6666666666666666, 0.16666666666666666]","[1, 4, 1]",5,5,0.499774512098,0.499830488173,3.500000,6,true,false
fidelity_protection,"[1.0, 4.0, 0.5, 3.0]","[0.16666666666666666, 0.6666666666666666, 0.16666666666666666]","[1, 4, 1]",5,5,0.499774376355,0.499830487850,3.500000,6,true,false
fidelity_protection,"[1.0, 4.0, 0.5, 4.0]","[0.25, 0.5, 0.25]","[1, 2, 1]",5,5,0.249831052169,0.249877707497,4.500000,4,true,false
fidelity_protection,"[1.0, 4.0, 0.5, 4.0]","[0.2, 0.6, 0.2]","[1, 3, 1]",5,5,0.399797047883,0.399849545185,4.500000,5,true,false
fidelity_protection,"[1.0, 4.0, 0.5, 4.0]","[0.16666666666666666, 0.6666666666666666, 0.16666666666666666]","[1, 4, 1]",5,5,0.499774378359,0.499830770310,4.500000,6,true,false
fidelity_protection,"[1.0, 2.0, 0.5, 3.0]","[0.3333333333333333, 0.5, 0.16666666666666666]","[2, 3, 1]",5,5,0.166498732793,0.199875195926,1.500000,6,false,false
fidelity_protection,"[1.0, 3.0, 0.5, 3.0]","[0.3333333333333333, 0.5, 0.16666666666666666]","[2, 3, 1]",5,5,0.166498157703,0.199877989048,2.500000,6,false,false
fidelity_protection,"[1.0, 2.0, 0.5, 4.0]","[0.3333333333333333, 0.5, 0.16666666666666666]","[2, 3, 1]",5,5,0.166498751939,0.199877091133,2.500000,6,false,false
fidelity_protection,"[1.0, 4.0, 0.5, 3.0]","[0.3333333333333333, 0.5, 0.16666666666666666]","[2, 3, 1]",5,5,0.166497893763,0.233208670282,3.500000,6,false,false
fidelity_protection,"[1.0, 3.0, 0.5, 4.0]","[0.3333333333333333, 0.5, 0.16666666666666666]","[2, 3, 1]",5,5,0.166498165247,0.199895407068,3.500000,6,false,false
fidelity_protection,"[1.0, 4.0, 0.5, 4.0]","[0.3333333333333333, 0.5, 0.16666666666666666]","[2, 3, 1]",5,5,0.166497897769,0.233209235203,4.500000,6,false,false
low_latency,"[0.5, 1.0, 0.5, 1.0]","[0.5, 0.25, 0.25]","[2, 1, 1]",5,5,0.250001792940,0.250025739478,2.000000,4,true,true
low_latency,"[0.5, 1.0, 0.5, 1.0]","[0.6, 0.2, 0.2]","[3, 1, 1]",5,5,0.399988948210,0.400014523173,2.000000,5,true,false
low_latency,"[0.5, 1.0, 0.5, 1.0]","[0.6666666666666666, 0.16666666666666666, 0.16666666666666666]","[4, 1, 1]",5,5,0.499977125873,0.500007045637,2.000000,6,true,false
low_latency,"[0.5, 1.0, 0.25, 1.0]","[0.5, 0.25, 0.25]","[2, 1, 1]",5,5,0.249792211824,0.249978875729,2.250000,4,true,false
low_latency,"[0.5, 1.0, 0.25, 1.0]","[0.6, 0.2, 0.2]","[3, 1, 1]",5,5,0.399731584340,0.399958286675,2.250000,5,true,false
low_latency,"[0.5, 1.0, 0.25, 1.0]","[0.6666666666666666, 0.16666666666666666, 0.16666666666666666]","[4, 1, 1]",5,5,0.499691166017,0.499944560638,2.250000,6,true,false
low_latency,"[0.5, 0.5, 0.5, 1.0]","[0.5, 0.25, 0.25]","[2, 1, 1]",5,5,0.249960004716,0.250019923094,2.500000,4,true,false
low_latency,"[0.5, 0.5, 0.5, 1.0]","[0.6, 0.2, 0.2]","[3, 1, 1]",5,5,0.399948518057,0.400007543512,2.500000,5,true,false
low_latency,"[0.5, 0.5, 0.5, 1.0]","[0.6666666666666666, 0.16666666666666666, 0.16666666666666666]","[4, 1, 1]",5,5,0.499940860285,0.499999290458,2.500000,6,true,false
low_latency,"[0.5, 0.5, 0.25, 1.0]","[0.5, 0.25, 0.25]","[2, 1, 1]",5,5,0.249985119177,0.250017850543,2.750000,4,true,false
low_latency,"[0.5, 0.5, 0.25, 1.0]","[0.6, 0.2, 0.2]","[3, 1, 1]",5,5,0.399978655410,0.400005056452,2.750000,5,true,false
low_latency,"[0.5, 0.5, 0.25, 1.0]","[0.6666666666666666, 0.16666666666666666, 0.16666666666666666]","[4, 1, 1]",5,5,0.499969399871,0.499996527057,2.750000,6,true,false
low_latency,"[0.5, 1.0, 0.5, 1.0]","[0.5, 0.3333333333333333, 0.16666666666666666]","[3, 2, 1]",5,5,0.166689239923,0.166739196999,2.000000,6,false,false
low_latency,"[0.5, 1.0, 0.25, 1.0]","[0.5, 0.3333333333333333, 0.16666666666666666]","[3, 2, 1]",5,5,0.166474770032,0.166692333250,2.250000,6,false,false
low_latency,"[0.5, 0.5, 0.5, 1.0]","[0.5, 0.3333333333333333, 0.16666666666666666]","[3, 2, 1]",5,5,0.166702701876,0.166733380615,2.500000,6,false,false
low_latency,"[0.5, 0.5, 0.25, 1.0]","[0.5, 0.3333333333333333, 0.16666666666666666]","[3, 2, 1]",5,5,0.166683445422,0.166731308064,2.750000,6,false,false
scarcity_protection,"[1.5, 1.5, 1.0, 2.0]","[0.25, 0.25, 0.5]","[1, 1, 2]",5,5,0.249971342185,0.250009421462,1.000000,4,true,true
scarcity_protection,"[1.5, 1.5, 1.0, 2.0]","[0.2, 0.2, 0.6]","[1, 1, 3]",5,5,0.399964867462,0.399996365517,1.000000,5,true,false
scarcity_protection,"[1.5, 1.5, 1.0, 2.0]","[0.16666666666666666, 0.16666666666666666, 0.6666666666666666]","[1, 1, 4]",5,5,0.499960550980,0.499987661554,1.000000,6,true,false
scarcity_protection,"[2.0, 1.5, 1.0, 2.0]","[0.25, 0.25, 0.5]","[1, 1, 2]",5,5,0.249971506320,0.250010091815,1.500000,4,true,false
scarcity_protection,"[1.5, 1.5, 1.5, 2.0]","[0.25, 0.25, 0.5]","[1, 1, 2]",5,5,0.249971471213,0.250009971012,1.500000,4,true,false
scarcity_protection,"[2.0, 1.5, 1.0, 2.0]","[0.2, 0.2, 0.6]","[1, 1, 3]",5,5,0.399964998770,0.399996901799,1.500000,5,true,false
scarcity_protection,"[1.5, 1.5, 1.5, 2.0]","[0.2, 0.2, 0.6]","[1, 1, 3]",5,5,0.399964970684,0.399996805157,1.500000,5,true,false
scarcity_protection,"[2.0, 1.5, 1.0, 2.0]","[0.16666666666666666, 0.16666666666666666, 0.6666666666666666]","[1, 1, 4]",5,5,0.499960660403,0.499988108455,1.500000,6,true,false
scarcity_protection,"[1.5, 1.5, 1.5, 2.0]","[0.16666666666666666, 0.16666666666666666, 0.6666666666666666]","[1, 1, 4]",5,5,0.499960636998,0.499988027920,1.500000,6,true,false
scarcity_protection,"[2.0, 1.5, 1.5, 2.0]","[0.25, 0.25, 0.5]","[1, 1, 2]",5,5,0.249971660096,0.250012985429,2.000000,4,true,false
scarcity_protection,"[1.5, 1.5, 2.0, 2.0]","[0.25, 0.25, 0.5]","[1, 1, 2]",5,5,0.249971619500,0.250012137310,2.000000,4,true,false
scarcity_protection,"[2.0, 1.5, 1.5, 2.0]","[0.2, 0.2, 0.6]","[1, 1, 3]",5,5,0.399965121790,0.399999216691,2.000000,5,true,false
scarcity_protection,"[1.5, 1.5, 2.0, 2.0]","[0.2, 0.2, 0.6]","[1, 1, 3]",5,5,0.399965089314,0.399998538195,2.000000,5,true,false
scarcity_protection,"[2.0, 1.5, 1.5, 2.0]","[0.16666666666666666, 0.16666666666666666, 0.6666666666666666]","[1, 1, 4]",5,5,0.499960762920,0.499990037532,2.000000,6,true,false
scarcity_protection,"[1.5, 1.5, 2.0, 2.0]","[0.16666666666666666, 0.16666666666666666, 0.6666666666666666]","[1, 1, 4]",5,5,0.499960735856,0.499989472118,2.000000,6,true,false
scarcity_protection,"[3.0, 1.5, 1.0, 2.0]","[0.25, 0.25, 0.5]","[1, 1, 2]",5,5,0.249971940262,0.300008677192,2.500000,4,true,false
scarcity_protection,"[2.0, 1.5, 2.0, 2.0]","[0.25, 0.25, 0.5]","[1, 1, 2]",5,5,0.249971839186,0.300008656977,2.500000,4,true,false
scarcity_protection,"[3.0, 1.5, 1.0, 2.0]","[0.2, 0.2, 0.6]","[1, 1, 3]",5,5,0.399965345923,0.439995770101,2.500000,5,true,false
scarcity_protection,"[2.0, 1.5, 2.0, 2.0]","[0.2, 0.2, 0.6]","[1, 1, 3]",5,5,0.399965265063,0.439995753928,2.500000,5,true,false
scarcity_protection,"[3.0, 1.5, 1.0, 2.0]","[0.16666666666666666, 0.16666666666666666, 0.6666666666666666]","[1, 1, 4]",5,5,0.499960949697,0.533320498706,2.500000,6,true,false
scarcity_protection,"[2.0, 1.5, 2.0, 2.0]","[0.16666666666666666, 0.16666666666666666, 0.6666666666666666]","[1, 1, 4]",5,5,0.499960882314,0.533320485230,2.500000,6,true,false
scarcity_protection,"[3.0, 1.5, 1.5, 2.0]","[0.25, 0.25, 0.5]","[1, 1, 2]",5,5,0.249972170887,0.300008723317,3.000000,4,true,false
scarcity_protection,"[3.0, 1.5, 1.5, 2.0]","[0.2, 0.2, 0.6]","[1, 1, 3]",5,5,0.399965530423,0.439995807001,3.000000,5,true,false
scarcity_protection,"[3.0, 1.5, 1.5, 2.0]","[0.16666666666666666, 0.16666666666666666, 0.6666666666666666]","[1, 1, 4]",5,5,0.499961103447,0.533320529456,3.000000,6,true,false
scarcity_protection,"[4.0, 1.5, 1.0, 2.0]","[0.25, 0.25, 0.5]","[1, 1, 2]",5,5,0.249972611351,0.300008811409,3.500000,4,true,false
scarcity_protection,"[3.0, 1.5, 2.0, 2.0]","[0.25, 0.25, 0.5]","[1, 1, 2]",5,5,0.249972449314,0.300008779002,3.500000,4,true,false
scarcity_protection,"[4.0, 1.5, 1.0, 2.0]","[0.2, 0.2, 0.6]","[1, 1, 3]",5,5,0.399965882794,0.439995877475,3.500000,5,true,false
scarcity_protection,"[3.0, 1.5, 2.0, 2.0]","[0.2, 0.2, 0.6]","[1, 1, 3]",5,5,0.399965753165,0.439995851549,3.500000,5,true,false
scarcity_protection,"[4.0, 1.5, 1.0, 2.0]","[0.16666666666666666, 0.16666666666666666, 0.6666666666666666]","[1, 1, 4]",5,5,0.499961397090,0.533320588185,3.500000,6,true,false
scarcity_protection,"[3.0, 1.5, 2.0, 2.0]","[0.16666666666666666, 0.16666666666666666, 0.6666666666666666]","[1, 1, 4]",5,5,0.499961289065,0.533320566580,3.500000,6,true,false
scarcity_protection,"[4.0, 1.5, 1.5, 2.0]","[0.25, 0.25, 0.5]","[1, 1, 2]",5,5,0.249972995077,0.300008888155,4.000000,4,true,false
scarcity_protection,"[4.0, 1.5, 1.5, 2.0]","[0.2, 0.2, 0.6]","[1, 1, 3]",5,5,0.399966189775,0.439995938871,4.000000,5,true,false
scarcity_protection,"[4.0, 1.5, 1.5, 2.0]","[0.16666666666666666, 0.16666666666666666, 0.6666666666666666]","[1, 1, 4]",5,5,0.499961652907,0.533320639348,4.000000,6,true,false
scarcity_protection,"[4.0, 1.5, 2.0, 2.0]","[0.25, 0.25, 0.5]","[1, 1, 2]",5,5,0.249973486150,0.300008986369,4.500000,4,true,false
scarcity_protection,"[4.0, 1.5, 2.0, 2.0]","[0.2, 0.2, 0.6]","[1, 1, 3]",5,5,0.399966582634,0.439996017443,4.500000,5,true,false
scarcity_protection,"[4.0, 1.5, 2.0, 2.0]","[0.16666666666666666, 0.16666666666666666, 0.6666666666666666]","[1, 1, 4]",5,5,0.499961980289,0.533320704825,4.500000,6,true,false
scarcity_protection,"[1.5, 1.5, 1.0, 2.0]","[0.3333333333333333, 0.16666666666666666, 0.5]","[2, 1, 3]",5,5,0.166638628152,0.266664461575,1.000000,6,false,false
scarcity_protection,"[1.5, 1.5, 1.0, 2.0]","[0.16666666666666666, 0.3333333333333333, 0.5]","[1, 2, 3]",5,5,0.166697537563,0.233354381350,1.000000,6,false,false
scarcity_protection,"[2.0, 1.5, 1.0, 2.0]","[0.3333333333333333, 0.16666666666666666, 0.5]","[2, 1, 3]",5,5,0.166638846998,0.266665355378,1.500000,6,false,false
scarcity_protection,"[1.5, 1.5, 1.5, 2.0]","[0.3333333333333333, 0.16666666666666666, 0.5]","[2, 1, 3]",5,5,0.166638800189,0.266665194307,1.500000,6,false,false
scarcity_protection,"[2.0, 1.5, 1.0, 2.0]","[0.16666666666666666, 0.3333333333333333, 0.5]","[1, 2, 3]",5,5,0.166697537563,0.233354828251,1.500000,6,false,false
scarcity_protection,"[1.5, 1.5, 1.5, 2.0]","[0.16666666666666666, 0.3333333333333333, 0.5]","[1, 2, 3]",5,5,0.166697537563,0.233354747716,1.500000,6,false,false
scarcity_protection,"[2.0, 1.5, 1.5, 2.0]","[0.3333333333333333, 0.16666666666666666, 0.5]","[2, 1, 3]",5,5,0.166639052033,0.266669213531,2.000000,6,false,false
scarcity_protection,"[1.5, 1.5, 2.0, 2.0]","[0.3333333333333333, 0.16666666666666666, 0.5]","[2, 1, 3]",5,5,0.166638997905,0.266668082705,2.000000,6,false,false
scarcity_protection,"[2.0, 1.5, 1.5, 2.0]","[0.16666666666666666, 0.3333333333333333, 0.5]","[1, 2, 3]",5,5,0.166697537563,0.233356757328,2.000000,6,false,false
scarcity_protection,"[1.5, 1.5, 2.0, 2.0]","[0.16666666666666666, 0.3333333333333333, 0.5]","[1, 2, 3]",5,5,0.166697537563,0.233356191915,2.000000,6,false,false
scarcity_protection,"[3.0, 1.5, 1.0, 2.0]","[0.3333333333333333, 0.16666666666666666, 0.5]","[2, 1, 3]",5,5,0.166639425588,0.333330135881,2.500000,6,false,false
scarcity_protection,"[2.0, 1.5, 2.0, 2.0]","[0.3333333333333333, 0.16666666666666666, 0.5]","[2, 1, 3]",5,5,0.166639290820,0.333330108927,2.500000,6,false,false
scarcity_protection,"[3.0, 1.5, 1.0, 2.0]","[0.16666666666666666, 0.3333333333333333, 0.5]","[1, 2, 3]",5,5,0.166697537563,0.266687218503,2.500000,6,false,false
scarcity_protection,"[2.0, 1.5, 2.0, 2.0]","[0.16666666666666666, 0.3333333333333333, 0.5]","[1, 2, 3]",5,5,0.166697537563,0.266687205026,2.500000,6,false,false
scarcity_protection,"[3.0, 1.5, 1.5, 2.0]","[0.3333333333333333, 0.16666666666666666, 0.5]","[2, 1, 3]",5,5,0.166639733088,0.333330197381,3.000000,6,false,false
scarcity_protection,"[3.0, 1.5, 1.5, 2.0]","[0.16666666666666666, 0.3333333333333333, 0.5]","[1, 2, 3]",5,5,0.166697537563,0.266687249253,3.000000,6,false,false
scarcity_protection,"[4.0, 1.5, 1.0, 2.0]","[0.3333333333333333, 0.16666666666666666, 0.5]","[2, 1, 3]",5,5,0.166640320373,0.333330314838,3.500000,6,false,false
scarcity_protection,"[3.0, 1.5, 2.0, 2.0]","[0.3333333333333333, 0.16666666666666666, 0.5]","[2, 1, 3]",5,5,0.166640104323,0.333330271628,3.500000,6,false,false
scarcity_protection,"[4.0, 1.5, 1.0, 2.0]","[0.16666666666666666, 0.3333333333333333, 0.5]","[1, 2, 3]",5,5,0.166697537563,0.266687307981,3.500000,6,false,false
scarcity_protection,"[3.0, 1.5, 2.0, 2.0]","[0.16666666666666666, 0.3333333333333333, 0.5]","[1, 2, 3]",5,5,0.166697537563,0.266687286376,3.500000,6,false,false
scarcity_protection,"[4.0, 1.5, 1.5, 2.0]","[0.3333333333333333, 0.16666666666666666, 0.5]","[2, 1, 3]",5,5,0.166640832007,0.333330417165,4.000000,6,false,false
scarcity_protection,"[4.0, 1.5, 1.5, 2.0]","[0.16666666666666666, 0.3333333333333333, 0.5]","[1, 2, 3]",5,5,0.166697537563,0.266687359145,4.000000,6,false,false
scarcity_protection,"[4.0, 1.5, 2.0, 2.0]","[0.3333333333333333, 0.16666666666666666, 0.5]","[2, 1, 3]",5,5,0.166641486772,0.333330548118,4.500000,6,false,false
scarcity_protection,"[4.0, 1.5, 2.0, 2.0]","[0.16666666666666666, 0.3333333333333333, 0.5]","[1, 2, 3]",5,5,0.166697537563,0.266687424621,4.500000,6,false,false
