x,exact,approx,abs_error,rel_error
0.00000000,1.000000000000,1.000000000000,0.000000000000e+00,0.000000000000e+00
0.00799960,0.992032311630,0.992126344701,9.403307123845e-05,9.478831499343e-05
0.01599920,0.984128107318,0.984252689403,1.245820845163e-04,1.265913284966e-04
0.02399880,0.976286881243,0.976379034104,9.215286102426e-05,9.439117004926e-05
0.03199840,0.968508131613,0.968520637827,1.250621362348e-05,1.291286383176e-05
0.03999800,0.960791360637,0.960891126879,9.976624171837e-05,1.038375716162e-04
0.04799760,0.953136074487,0.953246356909,1.102824215541e-04,1.157048028147e-04
0.05599720,0.945541783271,0.945616845960,7.506268885993e-05,7.938590360357e-05
0.06399680,0.938008001001,0.938017853056,9.852054162374e-06,1.050316644619e-05
0.07199640,0.930534245561,0.930617227436,8.298187474864e-05,8.917659413880e-05
0.07999600,0.923120038675,0.923231860838,1.118221629288e-04,1.211350184634e-04
0.08799560,0.915764905879,0.915831235218,6.632933923290e-05,7.243053190519e-05
0.09599520,0.908468376488,0.908491645686,2.326919708429e-05,2.561365666269e-05
0.10399480,0.901229983571,0.901319905394,8.992182343637e-05,9.977677737718e-05
0.11199440,0.894049263912,0.894148165103,9.890119072031e-05,1.106216343019e-04
0.11999400,0.886925757990,0.886976424811,5.066682149157e-05,5.712633896936e-05
0.12799360,0.879859009943,0.879896238651,3.722870835343e-05,4.231212948067e-05
0.13599320,0.872848567542,0.872938124666,8.955712416214e-05,1.026032779252e-04
0.14399280,0.865893982162,0.865995269703,1.012875414834e-04,1.169745298732e-04
0.15199240,0.858994808750,0.859037155718,4.234696785532e-05,4.929828146100e-05
0.15999200,0.852150605803,0.852185854887,3.524908375319e-05,4.136485207327e-05
0.16799160,0.845360935332,0.845456626230,9.569089859818e-05,1.131953164605e-04
0.17599120,0.838625362839,0.838712138552,8.677571309679e-05,1.034737523357e-04
0.18399080,0.831943457289,0.831982909895,3.945260687599e-05,4.742222146271e-05
0.19199040,0.825314791080,0.825360494392,4.570331279052e-05,5.537682504241e-05
0.19999000,0.818738940017,0.818829633021,9.069300342301e-05,1.107715768608e-04
0.20798960,0.812215483287,0.812298771649,8.328836202309e-05,1.025446617763e-04
0.21598920,0.805744003427,0.805783169299,3.916587219743e-05,4.860833221330e-05
0.22398880,0.799324086301,0.799374380102,5.029380083132e-05,6.292041199965e-05
0.23198840,0.792955321075,0.793057145037,1.018239618306e-04,1.284107176335e-04
0.23998800,0.786637300186,0.786724650950,8.735076430921e-05,1.110432524476e-04
0.24798760,0.780369619318,0.780392156863,2.253754522485e-05,2.888060307187e-05
0.25598720,0.774151877377,0.774212252995,6.037561714867e-05,7.798936993242e-05
0.26398680,0.767983676467,0.768078126192,9.444972461925e-05,1.229840262409e-04
0.27198640,0.761864621860,0.761943999390,7.937752943621e-05,1.041884964318e-04
0.27998600,0.755794321973,0.755809872587,1.555061402370e-05,2.057519297459e-05
0.28798560,0.749772388344,0.749828336004,5.594765976613e-05,7.461952538651e-05
0.29598520,0.743798435605,0.743877317464,7.888185875959e-05,1.060527355041e-04
0.30398480,0.737872081460,0.737941557946,6.947648589106e-05,9.415790031460e-05
0.31198440,0.731992946658,0.731990539406,2.407251871062e-06,3.288627140536e-06
0.31998400,0.726160654970,0.726222629129,6.197415914055e-05,8.534496976167e-05
0.32798360,0.720374833165,0.720454718853,7.988568749995e-05,1.108946118356e-04
0.33598320,0.714635110985,0.714702067597,6.695661264722e-05,9.369342706230e-05
0.34398280,0.708941121122,0.708934157321,6.963801763904e-06,9.822821044546e-06
0.35198240,0.703292499197,0.703364614328,7.211513167571e-05,1.025393158012e-04
0.35998200,0.697688883730,0.697779812314,9.092858399462e-05,1.303282682512e-04
0.36798160,0.692129916125,0.692195010300,6.509417453160e-05,9.404906942328e-05
0.37598120,0.686615240642,0.686625467308,1.022666543227e-05,1.489431755506e-05
0.38398080,0.681144504375,0.681223773556,7.926918148515e-05,1.163764531257e-04
0.39198040,0.675717357229,0.675806820783,8.946355390804e-05,1.323978923302e-04
0.39998000,0.670333451900,0.670389868009,5.641610913554e-05,8.416126179531e-05
0.40797960,0.664992443852,0.665018692302,2.624845018218e-05,3.947180216086e-05
0.41597920,0.659693991291,0.659769588769,7.559747868924e-05,1.145947661905e-04
0.42397880,0.654437755149,0.654520485237,8.273008834747e-05,1.264139907831e-04
0.43197840,0.649223399058,0.649271381704,4.798264642658e-05,7.390775886421e-05
0.43997800,0.644050589332,0.644083314260,3.272492771311e-05,5.081111368450e-05
0.44797760,0.638918994942,0.638986800946,6.780600448464e-05,1.061261365235e-04
0.45597720,0.633828287496,0.633905546654,7.725915821055e-05,1.218928844526e-04
0.46397680,0.628778141221,0.628824292363,4.615114142947e-05,7.339813267017e-05
0.47197640,0.623768232938,0.623804074159,3.584122049494e-05,5.745919494185e-05
0.47997600,0.618798242043,0.618875410086,7.716804297897e-05,1.247063060880e-04
0.48797560,0.613867850487,0.613946746014,7.889552680940e-05,1.285220047716e-04
0.49597520,0.608976742754,0.609018081941,4.133918717597e-05,6.788303111386e-05
0.50397480,0.604124605843,0.604150453956,2.584811292927e-05,4.278606214558e-05
0.51197440,0.599311129247,0.599374380102,6.325085522907e-05,1.055392635684e-04
0.51997400,0.594536004933,0.594598306249,6.230131603635e-05,1.047898117515e-04
0.52797360,0.589798927321,0.589822232395,2.330507437820e-05,3.951359234252e-05
0.53597320,0.585099593267,0.585137712673,3.811940590359e-05,6.515028610901e-05
0.54397280,0.580437702042,0.580514229038,7.652699572869e-05,1.318435991657e-04
0.55197240,0.575812955314,0.575875486381,6.253106716547e-05,1.085961449606e-04
0.55997200,0.571225057127,0.571252002747,2.694561978034e-05,4.717163479465e-05
0.56797160,0.566673713883,0.566720073243,4.635936074571e-05,8.180961920410e-05
0.57597120,0.562158634323,0.562233920806,7.528648276622e-05,1.339239107426e-04
0.58397080,0.557679529510,0.557747768368,6.823885788998e-05,1.223621350239e-04
0.59197040,0.553236112809,0.553246356909,1.024409979278e-05,1.851668673755e-05
0.59997000,0.548828099867,0.548867017624,3.891775729437e-05,7.091064999005e-05
0.60796960,0.544455208598,0.544518196384,6.298778513791e-05,1.156895629671e-04
0.61596920,0.540117159165,0.540169375143,5.221597807936e-05,9.667528089663e-05
0.62396880,0.535813673957,0.535820553902,6.879945001259e-06,1.284018183120e-05
0.63196840,0.531544477579,0.531578545815,3.406823616225e-05,6.409291714857e-05
0.63996800,0.527309296827,0.527367055772,5.775894478321e-05,1.095352293820e-04
0.64796760,0.523107860675,0.523155565728,4.770505298091e-05,9.119544278942e-05
0.65596720,0.518939900258,0.518944075685,4.175427215869e-06,8.046070872170e-06
0.66396680,0.514805148850,0.514854657816,4.950896687761e-05,9.617030246929e-05
0.67196640,0.510703341852,0.510765239948,6.189809583368e-05,1.212016659401e-04
0.67996600,0.506634216775,0.506675822080,4.160530488173e-05,8.212099282709e-05
0.68796560,0.502597513218,0.502601663233,4.150015271875e-06,8.257134511675e-06
0.69596520,0.498592972857,0.498634317540,4.134468295641e-05,8.292271493414e-05
0.70396480,0.494620339426,0.494682230869,6.189144287772e-05,1.251291909053e-04
0.71196440,0.490679358700,0.490714885176,3.552647571481e-05,7.240262930342e-05
0.71996400,0.486769778480,0.486778057527,8.279046048831e-06,1.700813488191e-05
0.72796360,0.482891348578,0.482932784009,4.143543091539e-05,8.580694402052e-05
0.73596320,0.479043820796,0.479102769512,5.894871684820e-05,1.230549571651e-04
0.74396280,0.475226948916,0.475272755016,4.580610041927e-05,9.638784274282e-05
0.75196240,0.471440488682,0.471457999542,1.751086020213e-05,3.714330996704e-05
0.75996200,0.467684197783,0.467734798199,5.060041619587e-05,1.081935554712e-04
0.76796160,0.463957835840,0.464011596857,5.376101688132e-05,1.158747901822e-04
0.77596120,0.460261164387,0.460288395514,2.723112684744e-05,5.916451126983e-05
0.78396080,0.456593946860,0.456610971237,1.702437636208e-05,3.728559364211e-05
0.79196040,0.452955948580,0.453009842069,5.389348892332e-05,1.189817444549e-04
0.79996000,0.449346936737,0.449393453880,4.651714300102e-05,1.035216648829e-04
0.80795960,0.445766680375,0.445792324712,2.564433728230e-05,5.752860949757e-05
0.81595920,0.442214950380,0.442236972610,2.202223027747e-05,4.979983209198e-05
0.82395880,0.438691519463,0.438742656596,5.113713308580e-05,1.165674074312e-04
0.83195840,0.435196162145,0.435248340581,5.217843635325e-05,1.198963614386e-04
0.83995800,0.431728654745,0.431754024567,2.536982177243e-05,5.876334937137e-05
0.84795760,0.428288775364,0.428305485618,1.671025449984e-05,3.901632604227e-05
0.85595720,0.424876303869,0.424917982757,4.167888787315e-05,9.809652243153e-05
0.86395680,0.421491021884,0.421530479896,3.945801180744e-05,9.361530793948e-05
0.87195640,0.418132712771,0.418142977035,1.026426384093e-05,2.454786130676e-05
0.87995600,0.414801161619,0.414831769284,3.060766489477e-05,7.378876369421e-05
0.88795560,0.411496155227,0.411551079576,5.492434836929e-05,1.334747546765e-04
0.89595520,0.408217482097,0.408270389868,5.290777085759e-05,1.296068227793e-04
0.90395480,0.404964932413,0.404989700160,2.476774757698e-05,6.116022794720e-05
0.91195440,0.401738298030,0.401770046540,3.174850958926e-05,7.902783913037e-05
0.91995400,0.398537372465,0.398596169986,5.879752005039e-05,1.475332656675e-04
0.92795360,0.395361950878,0.395407034409,4.508353121774e-05,1.140310318624e-04
0.93595320,0.392211830060,0.392217898833,6.068772732182e-06,1.547320164018e-05
0.94395280,0.389086808423,0.389120317388,3.350896462190e-05,8.612207840638e-05
0.95195240,0.385986685985,0.386037994965,5.130897985611e-05,1.329294033166e-04
0.95995200,0.382911264356,0.382940413519,2.914916369601e-05,7.612511411762e-05
0.96795160,0.379860346728,0.379858091096,2.255631712411e-06,5.938055213818e-06
0.97595120,0.376833737861,0.376867322805,3.358494335937e-05,8.912403531059e-05
0.98395080,0.373831244071,0.373876554513,4.531044216260e-05,1.212056051528e-04
0.99195040,0.370852673215,0.370885786221,3.311300611003e-05,8.928884298707e-05
0.99995000,0.367897834684,0.367895017929,2.816754308521e-06,7.656349244195e-06
1.00794960,0.364966539385,0.364995803769,2.926438405193e-05,8.018374534073e-05
1.01594920,0.362058599734,0.362096589609,3.798987495179e-05,1.049274205329e-04
1.02394880,0.359173829639,0.359197375448,2.354580891184e-05,6.555546915956e-05
1.03194840,0.356312044494,0.356313420310,1.375815638083e-06,3.861266155165e-06
1.03994800,0.353473061161,0.353505760281,3.269911962900e-05,9.250809530317e-05
1.04794760,0.350656697963,0.350698100252,4.140228913535e-05,1.180707209527e-04
1.05594720,0.347862774668,0.347890440223,2.766555433942e-05,7.953008011790e-05
1.06394680,0.345091112484,0.345098039216,6.926731302648e-06,2.007218109090e-05
1.07194640,0.342341534041,0.342366674296,2.514025530326e-05,7.343618230167e-05
1.07994600,0.339613863382,0.339650568399,3.670501701414e-05,1.080786769087e-04
1.08794560,0.336907925952,0.336919203479,1.127752703889e-05,3.347361747879e-05
1.09594520,0.334223548589,0.334233615625,1.006703656670e-05,3.012066806545e-05
1.10394480,0.331560559508,0.331593804837,3.324532948612e-05,1.002692525778e-04
1.11194440,0.328918788294,0.328953994049,3.520575527527e-05,1.070347956038e-04
1.11994400,0.326298065890,0.326314183261,1.611737128726e-05,4.939462709753e-05
1.12794360,0.323698224585,0.323704890517,6.665931672367e-06,2.059304366255e-05
1.13594320,0.321119098005,0.321156633860,3.753585431687e-05,1.168907565760e-04
1.14394280,0.318560521103,0.318608377203,4.785610011021e-05,1.502260855944e-04
1.15194240,0.316022330144,0.316044861524,2.253138057690e-05,7.129679907949e-05
1.15994200,0.313504362699,0.313527122911,2.276021214814e-05,7.259934742910e-05
1.16794160,0.311006457635,0.311039902342,3.344470758909e-05,1.075370197888e-04
1.17594120,0.308528455099,0.308567940795,3.948569579437e-05,1.279807263861e-04
1.18394080,0.306070196516,0.306080720226,1.052371012034e-05,3.438332199651e-05
1.19194040,0.303631524571,0.303654535744,2.301117370718e-05,7.578651044131e-05
1.19994000,0.301212283203,0.301243610285,3.132708109516e-05,1.040033320089e-04
1.20793960,0.298812317598,0.298847943847,3.562624907544e-05,1.192261730100e-04
1.21593920,0.296431474170,0.296437018387,5.544217113684e-06,1.870319988526e-05
1.22393880,0.294069600561,0.294087129015,1.752845424918e-05,5.960648164841e-05
1.23193840,0.291726545624,0.291752498665,2.595304039377e-05,8.896358861760e-05
1.23993800,0.289402159420,0.289433127337,3.096791686880e-05,1.070065162295e-04
1.24793760,0.287096293200,0.287098496986,2.203786515942e-06,7.676123196784e-06
1.25593720,0.284808799403,0.284824902724,1.610332028756e-05,5.654081026040e-05
1.26393680,0.282539531645,0.282566567483,2.703583823810e-05,9.568869205916e-05
1.27193640,0.280288344704,0.280308232242,1.988753785975e-05,7.095385247190e-05
1.27993600,0.278055094520,0.278049897002,5.197518521682e-06,1.869240529706e-05
1.28793560,0.275839638177,0.275852597848,1.295967116288e-05,4.698262819846e-05
1.29593520,0.273641833900,0.273670557717,2.872381700741e-05,1.049686613995e-04
1.30393480,0.271461541043,0.271488517586,2.697654327410e-05,9.937519388743e-05
1.31193440,0.269298620079,0.269306477455,7.857375497078e-06,2.917718440133e-05
1.31993400,0.267152932596,0.267185473411,3.254081510135e-05,1.218059438282e-04
1.32793360,0.265024341282,0.265064469368,4.012808549980e-05,1.514128298770e-04
1.33593320,0.262912709920,0.262943465324,3.075540364106e-05,1.169795239279e-04
1.34393280,0.260817903379,0.260822461280,4.557901139401e-06,1.747541514731e-05
1.35193240,0.258739787604,0.258762493324,2.270572050955e-05,8.775504038186e-05
1.35993200,0.256678229607,0.256717784390,3.955478288098e-05,1.541026013056e-04
1.36793160,0.254633097462,0.254657816434,2.471897168299e-05,9.707682123551e-05
1.37593120,0.252604260293,0.252613107500,8.847206776130e-06,3.502398085395e-05
1.38393080,0.250591588266,0.250614175631,2.258736524141e-05,9.013616697072e-05
1.39193040,0.248594952583,0.248630502785,3.555020210189e-05,1.430045209388e-04
1.39993000,0.246614225470,0.246631570916,1.734544615187e-05,7.033432933076e-05
1.40792960,0.244649280174,0.244647898070,1.382104279968e-06,5.649329027188e-06
1.41592920,0.242699990950,0.242725261311,2.527036109146e-05,1.041218048364e-04
1.42392880,0.240766233054,0.240802624552,3.639149738030e-05,1.511486761189e-04
1.43192840,0.238847882739,0.238864728771,1.684603148008e-05,7.053037810874e-05
1.43992800,0.236944817242,0.236957351034,1.253379187904e-05,5.289751438727e-05
1.44792760,0.235056914777,0.235080491341,2.357656323992e-05,1.003015089442e-04
1.45592720,0.233184054531,0.233218890669,3.483613798624e-05,1.493933110319e-04
1.46392680,0.231326116652,0.231342030976,1.591432403425e-05,6.879605409278e-05
1.47192640,0.229482982242,0.229495689326,1.270708384224e-05,5.537266300999e-05
1.47992600,0.227654533354,0.227679865721,2.533236684646e-05,1.112754772473e-04
1.48792560,0.225840652976,0.225864042115,2.338913890501e-05,1.035647860419e-04
1.49592520,0.224041225032,0.224063477531,2.225249926993e-05,9.932323511787e-05
1.50392480,0.222256134369,0.222262912947,6.778578531458e-06,3.049894910982e-05
1.51192440,0.220485266752,0.220508125429,2.285867736770e-05,1.036743983145e-04
1.51992400,0.218728508856,0.218753337911,2.482905488760e-05,1.135154032615e-04
1.52792360,0.216985748260,0.216998550393,1.280213295365e-05,5.899987928385e-05
1.53592320,0.215256873437,0.215274280919,1.740748147927e-05,8.086841177852e-05
1.54392280,0.213541773750,0.213565270466,2.349671608243e-05,1.100333469644e-04
1.55192240,0.211840339443,0.211871519036,3.117959275267e-05,1.471843976207e-04
1.55992200,0.210152461634,0.210162508583,1.004694918449e-05,4.780790625233e-05
1.56792160,0.208478032310,0.208499275196,2.124288691890e-05,1.018950854609e-04
1.57592120,0.206816944316,0.206836041810,1.909749359832e-05,9.234008200573e-05
1.58392080,0.205169091354,0.205188067445,1.897609068793e-05,9.249000696296e-05
1.59192040,0.203534367971,0.203540093080,5.725108897348e-06,2.812846279681e-05
1.59992000,0.201912669555,0.201922636759,9.967204412986e-06,4.936393756258e-05
1.60791960,0.200303892326,0.200335698482,3.180615610879e-05,1.587895059827e-04
1.61591920,0.198707933332,0.198733501183,2.556785029093e-05,1.286705058130e-04
1.62391880,0.197124690443,0.197131303883,6.613440562991e-06,3.354952922505e-05
1.63191840,0.195554062339,0.195574883650,2.082131056833e-05,1.064734238667e-04
1.63991800,0.193995948511,0.194018463416,2.251490530014e-05,1.160586366516e-04
1.64791760,0.192450249248,0.192477302205,2.705295650074e-05,1.405711689457e-04
1.65591720,0.190916865636,0.190920881971,4.016335765189e-06,2.103709251572e-05
1.66391680,0.189395699546,0.189425497826,2.979827983873e-05,1.573334553541e-04
1.67191640,0.187886653633,0.187914854658,2.820102465192e-05,1.500959440524e-04
1.67991600,0.186389631328,0.186404211490,1.458016189773e-05,7.822410395814e-05
1.68791560,0.184904536830,0.184908827344,4.290513830968e-06,2.320394028463e-05
1.69591520,0.183431275103,0.183459220264,2.794516129587e-05,1.523467646410e-04
1.70391480,0.181969751865,0.181994354162,2.460229653076e-05,1.351999234959e-04
1.71191440,0.180519873590,0.180544747082,2.487349196204e-05,1.377881086853e-04
1.71991400,0.179081547492,0.179095140002,1.359250911884e-05,7.590122661529e-05
1.72791360,0.177654681529,0.177676050965,2.136943595107e-05,1.202863654767e-04
1.73591320,0.176239184389,0.176256961929,1.777753944263e-05,1.008716620213e-04
1.74391280,0.174834965490,0.174853131914,1.816642473176e-05,1.039061304522e-04
1.75191240,0.173441934968,0.173449301900,7.366931424252e-06,4.247491487913e-05
1.75991200,0.172060003680,0.172075989929,1.598624882751e-05,9.291089437160e-05
1.76791160,0.170689083190,0.170702677958,1.359476837845e-05,7.964638466843e-05
1.77591120,0.169329085767,0.169344625010,1.553924257980e-05,9.176948253996e-05
1.78391080,0.167979924380,0.167986572061,6.647681130706e-06,3.957425957452e-05
1.79191040,0.166641512690,0.166659037156,1.752446597980e-05,1.051626674347e-04
1.79991000,0.165313765047,0.165331502251,1.773720357340e-05,1.072941721964e-04
1.80790960,0.163996596484,0.164003967346,7.370861716816e-06,4.494521151563e-05
1.81590920,0.162689922709,0.162691691463,1.768753115000e-06,1.087192793225e-05
1.82390880,0.161393660104,0.161409933623,1.627351887012e-05,1.008312151766e-04
1.83190840,0.160107725716,0.160128175784,2.045006814233e-05,1.277269291716e-04
1.83990800,0.158832037252,0.158831158923,8.783289545955e-07,5.529923117487e-06
1.84790760,0.157566513076,0.157579919127,1.340605149927e-05,8.508185678280e-05
1.85590720,0.156311072202,0.156328679332,1.760712969431e-05,1.126416027111e-04
1.86390680,0.155065634290,0.155077439536,1.180524624064e-05,7.613064167766e-05
1.87190640,0.153830119639,0.153841458762,1.133912351617e-05,7.371198529118e-05
1.87990600,0.152604449184,0.152605477989,1.028805076742e-06,6.741645359910e-06
1.88790560,0.151388544489,0.151400015259,1.147077019950e-05,7.577039754384e-05
1.89590520,0.150182327744,0.150194552529,1.222478562524e-05,8.139962809813e-05
1.90390480,0.148985721757,0.148989089799,3.368041918167e-06,2.260647448922e-05
1.91190440,0.147798649955,0.147814145113,1.549515840535e-05,1.048396477916e-04
1.91990400,0.146621036371,0.146639200427,1.816405669725e-05,1.238843834887e-04
1.92790360,0.145452805644,0.145464255741,1.145009692893e-05,7.872035797601e-05
1.93590320,0.144293883016,0.144289311055,4.571961210564e-06,3.168506602630e-05
1.94390280,0.143144194323,0.143160143435,1.594911199601e-05,1.114199012504e-04
1.95190240,0.142003665990,0.142015716793,1.205080207317e-05,8.486261244818e-05
1.95990200,0.140872225032,0.140886549172,1.432413971794e-05,1.016817879794e-04
1.96790160,0.139749799043,0.139757381552,7.582508400411e-06,5.425774099363e-05
1.97590120,0.138636316195,0.138643472953,7.156758480564e-06,5.162253785295e-05
1.98390080,0.137531705231,0.137544823377,1.311814611502e-05,9.538270534063e-05
1.99190040,0.136435895462,0.136446173800,1.027833781669e-05,7.533455753602e-05
1.99990000,0.135348816765,0.135347524224,1.292541227826e-06,9.549704672124e-06
2.00789961,0.134270399572,0.134279392691,8.993119225614e-06,6.697767530521e-05
2.01589921,0.133200574871,0.133211261158,1.068628755069e-05,8.022703776668e-05
2.02389881,0.132139274199,0.132143129625,3.855426046945e-06,2.917698822175e-05
2.03189841,0.131086429641,0.131090257115,3.827473424478e-06,2.919809041224e-05
2.03989801,0.130041973820,0.130052643626,1.066980535666e-05,8.204893422653e-05
2.04789761,0.129005839898,0.129015030137,9.190238791618e-06,7.123893615126e-05
2.05589721,0.127977961568,0.127992675669,1.471410191997e-05,1.149737168786e-04
2.06389681,0.126958273052,0.126970321202,1.204815083111e-05,9.489850910478e-05
2.07189641,0.125946709096,0.125963225757,1.651666130909e-05,1.311400784320e-04
2.07989601,0.124943204967,0.124956130312,1.292534542209e-05,1.034497668404e-04
2.08789561,0.123947696446,0.123949034867,1.338421354941e-06,1.079827534777e-05
2.09589521,0.122960119826,0.122957198444,2.921382481341e-06,2.375878037102e-05
2.10389481,0.121980411909,0.121980621042,2.091328338422e-07,1.714478829581e-06
2.11189441,0.121008510000,0.121019302663,1.079266267187e-05,8.918928653752e-05
2.11989401,0.120044351902,0.120057984283,1.363238097021e-05,1.135612026238e-04
2.12789361,0.119087875916,0.119096665904,8.789988006061e-06,7.381093951397e-05
2.13589321,0.118139020832,0.118150606546,1.158571434458e-05,9.806848120974e-05
2.14389281,0.117197725929,0.117204547189,6.821259066092e-06,5.820299849673e-05
2.15189241,0.116263930972,0.116273746853,9.815881238426e-06,8.442757058356e-05
2.15989201,0.115337576201,0.115342946517,5.370316185097e-06,4.656172222434e-05
2.16789161,0.114418602336,0.114427405203,8.802866895877e-06,7.693562686593e-05
2.17589121,0.113506950569,0.113527122911,2.017234213084e-05,1.777190033708e-04
2.18389081,0.112602562559,0.112611581598,9.019038286623e-06,8.009620812910e-05
2.19189041,0.111705380431,0.111711299306,5.918874510305e-06,5.298647645670e-05
2.19989001,0.110815346771,0.110826276036,1.092926502261e-05,9.862591546299e-05
2.20788961,0.109932404621,0.109956511788,2.410716658585e-05,2.192908148326e-04
2.21588921,0.109056497479,0.109071488518,1.499103835512e-05,1.374612123223e-04
2.22388881,0.108187569293,0.108201724269,1.415497687443e-05,1.308373685349e-04
2.23188841,0.107325564455,0.107347219043,2.165458828346e-05,2.017654264706e-04
2.23988801,0.106470427803,0.106477454795,7.026991876241e-06,6.599947066264e-05
2.24788761,0.105622104614,0.105622949569,8.449550112227e-07,7.999793360597e-06
2.25588721,0.104780540599,0.104783703365,3.162765233225e-06,3.018466229639e-05
2.26388681,0.103945681905,0.103959716182,1.403427754067e-05,1.350154935107e-04
2.27188641,0.103117475104,0.103135729000,1.825389593556e-05,1.770203926849e-04
2.27988601,0.102295867197,0.102296482795,6.155987390122e-07,6.017826094855e-06
2.28788561,0.101480805605,0.101487754635,6.949029569672e-06,6.847629488374e-05
2.29588521,0.100672238171,0.100694285496,2.204732553478e-05,2.190010467174e-04
2.30388481,0.099870113150,0.099885557336,1.544418625826e-05,1.546427231452e-04
2.31188441,0.099074379210,0.099076829175,2.449964778689e-06,2.472854029683e-05
2.31988401,0.098284985431,0.098298619059,1.363362704089e-05,1.387152572800e-04
2.32788361,0.097501881296,0.097520408942,1.852764567084e-05,1.900234685172e-04
2.33588321,0.096725016690,0.096726939803,1.923112692342e-06,1.988226787799e-05
2.34388281,0.095954341900,0.095948729686,5.612213472908e-06,5.848837438500e-05
2.35188241,0.095189807606,0.095201037613,1.123000758947e-05,1.179748953372e-04
2.35988201,0.094431364883,0.094438086519,6.721635752396e-06,7.118011860499e-05
2.36788161,0.093678965195,0.093690394446,1.142925054873e-05,1.220044491836e-04
2.37588121,0.092932560394,0.092942702373,1.014197910355e-05,1.091326770788e-04
2.38388081,0.092192102713,0.092210269322,1.816660869899e-05,1.970516797468e-04
2.39188041,0.091457544768,0.091462577249,5.032480347264e-06,5.502531650073e-05
2.39988001,0.090728839553,0.090730144198,1.304645100106e-06,1.437960748246e-05
2.40787961,0.090005940433,0.090012970169,7.029735676650e-06,7.810301901004e-05
2.41587921,0.089288801148,0.089295796139,6.994991344406e-06,7.834119457827e-05
2.42387881,0.088577375806,0.088578622110,1.246304672881e-06,1.407023702774e-05
2.43187841,0.087871618879,0.087876707103,5.088224470762e-06,5.790520916419e-05
2.43987801,0.087171485203,0.087174792096,3.306893009009e-06,3.793549004373e-05
2.44787761,0.086476929974,0.086488136110,1.120613649805e-05,1.295852720653e-04
2.45587721,0.085787908745,0.085786221103,1.687641528761e-06,1.967225397442e-05
2.46387681,0.085104377422,0.085099565118,4.812304093577e-06,5.654590562029e-05
2.47187641,0.084426292264,0.084428168154,1.875890667247e-06,2.221927099897e-05
2.47987601,0.083753609877,0.083756771191,3.161314199154e-06,3.774540827322e-05
2.48787561,0.083086287213,0.083085374228,9.129859004087e-07,1.098840652325e-05
2.49587521,0.082424281569,0.082429236286,4.954716872924e-06,6.011234527742e-05
2.50387481,0.081767550579,0.081773098344,5.547764973080e-06,6.784800246267e-05
2.51187441,0.081116052218,0.081116960403,9.081852048037e-07,1.119612185227e-05
2.51987401,0.080469744792,0.080476081483,6.336691412923e-06,7.874625959509e-05
2.52787361,0.079828586942,0.079835202564,6.615621460523e-06,8.287283683633e-05
2.53587321,0.079192537638,0.079194323644,1.786005565718e-06,2.255270027936e-05
2.54387281,0.078561556177,0.078568703746,7.147568927321e-06,9.098049065121e-05
2.55187241,0.077935602180,0.077943083848,7.481668639439e-06,9.599808598629e-05
2.55987201,0.077314635589,0.077317463951,2.828361965745e-06,3.658249106671e-05
2.56787161,0.076698616666,0.076707103075,8.486408902830e-06,1.106461794456e-04
2.57587121,0.076087505990,0.076096742199,9.236209032967e-06,1.213892992393e-04
2.58387081,0.075481264453,0.075486381323,5.116869737240e-06,6.778993137312e-05
2.59187041,0.074879853260,0.074876020447,3.832813198809e-06,5.118617400980e-05
2.59987001,0.074283233924,0.074280918593,2.315331205607e-06,3.116896079088e-05
2.60786961,0.073691368265,0.073701075761,9.707495739822e-06,1.317317885166e-04
2.61586921,0.073104218407,0.073105973907,1.755499660624e-06,2.401365747242e-05
2.62386881,0.072521746777,0.072510872053,1.087472351272e-05,1.499512076869e-04
2.63186841,0.071943916098,0.071946288243,2.372144668847e-06,3.297213715204e-05
2.63986801,0.071370689395,0.071381704433,1.101503807462e-05,1.543355986616e-04
2.64786761,0.070802029983,0.070801861601,1.683821557741e-07,2.378210848120e-06
2.65586721,0.070237901472,0.070237277790,6.236814716759e-07,8.879557313153e-06
2.66386681,0.069678267761,0.069687953002,9.685240934004e-06,1.389994505487e-04
2.67186641,0.069123093038,0.069138628214,1.553517633160e-05,2.247465448797e-04
2.67986601,0.068572341773,0.068574044404,1.702630643349e-06,2.482969954538e-05
2.68786561,0.068025978723,0.068024719615,1.259107593007e-06,1.850921687041e-05
2.69586521,0.067483968924,0.067490653849,6.684925547770e-06,9.905946040821e-05
2.70386481,0.066946277689,0.066956588083,1.031039351246e-05,1.540099594532e-04
2.71186441,0.066412870611,0.066422522316,9.651705282596e-06,1.453288375249e-04
2.71986401,0.065883713554,0.065888456550,4.742995679693e-06,7.199041195193e-05
2.72786361,0.065358772656,0.065369649805,1.087714944632e-05,1.664221802874e-04
2.73586321,0.064838014323,0.064850843061,1.282873772300e-05,1.978582758418e-04
2.74386281,0.064321405231,0.064332036316,1.063108588815e-05,1.652806845566e-04
2.75186241,0.063808912318,0.063813229572,4.317253793990e-06,6.765910336257e-05
2.75986201,0.063300502790,0.063309681849,9.179059778791e-06,1.450076914760e-04
2.76786161,0.062796144110,0.062806134127,9.990017075578e-06,1.590864728593e-04
2.77586121,0.062295804003,0.062302586404,6.782401584346e-06,1.088741319409e-04
2.78386081,0.061799450450,0.061814297704,1.484725393746e-05,2.402489638573e-04
2.79186041,0.061307051687,0.061326009003,1.895731585860e-05,3.092191736016e-04
2.79986001,0.060818576204,0.060837720302,1.914409788546e-05,3.147738582563e-04
2.80785961,0.060333992742,0.060349431601,1.543885948965e-05,2.558899019940e-04
2.81585921,0.059853270290,0.059861142901,7.872611077014e-06,1.315318451091e-04
2.82385881,0.059376378084,0.059388113222,1.173513786889e-05,1.976398400770e-04
2.83185841,0.058903285607,0.058915083543,1.179793618055e-05,2.002933462706e-04
2.83985801,0.058433962583,0.058442053864,8.091281064451e-06,1.384688066109e-04
2.84785761,0.057968378979,0.057969024186,6.452063508258e-07,1.113031556493e-05
2.85585721,0.057506505000,0.057511253529,4.748528466422e-06,8.257376215799e-05
2.86385681,0.057048311089,0.057053482872,5.171782651012e-06,9.065619213397e-05
2.87185641,0.056593767924,0.056595712215,1.944290539076e-06,3.435520571233e-05
2.87985601,0.056142846418,0.056137941558,4.904859860586e-06,8.736393278111e-05
2.88785561,0.055695517713,0.055695429923,8.779040663182e-08,1.576256227362e-06
2.89585521,0.055251753185,0.055252918288,1.165103331251e-06,2.108717396456e-05
2.90385481,0.054811524433,0.054810406653,1.117780405513e-06,2.039316397544e-05
2.91185441,0.054374803288,0.054367895018,6.908269643863e-06,1.270490967540e-04
2.91985401,0.053941561800,0.053940642405,9.193949795094e-07,1.704427808230e-05
2.92785361,0.053511772245,0.053513389792,1.617546521317e-06,3.022786301872e-05
2.93585321,0.053085407120,0.053086137179,7.300587863759e-07,1.375253249406e-05
2.94385281,0.052662439139,0.052658884565,3.554573399331e-06,6.749731796424e-05
2.95185241,0.052242841235,0.052246890974,4.049739249230e-06,7.751759195122e-05
2.95985201,0.051826586557,0.051819638361,6.948195337558e-06,1.340662350969e-04
2.96785161,0.051413648466,0.051407644770,6.003695588640e-06,1.167724090357e-04
2.97585121,0.051004000537,0.051010910201,6.909664032148e-06,1.354729817161e-04
2.98385081,0.050597616555,0.050598916609,1.300054717109e-06,2.569399125159e-05
2.99185041,0.050194470514,0.050202182040,7.711526372474e-06,1.536329857362e-04
2.99985001,0.049794536615,0.049790188449,4.348165890886e-06,8.732214789990e-05
3.00784961,0.049397789265,0.049408712902,1.092363696378e-05,2.211361505528e-04
3.01584921,0.049004203074,0.049011978332,7.775258673189e-06,1.586651386112e-04
3.02384881,0.048613752855,0.048615243763,1.490908265803e-06,3.066844623705e-05
3.03184841,0.048226413621,0.048218509194,7.904427809811e-06,1.639024595913e-04
3.03984801,0.047842160586,0.047837033646,5.126940292623e-06,1.071636445716e-04
3.04784761,0.047460969160,0.047455558099,5.411061212969e-06,1.140107610263e-04
3.05584721,0.047082814948,0.047089341573,6.526625267740e-06,1.386201159586e-04
3.06384681,0.046707673751,0.046707866026,1.922749347516e-07,4.116559856464e-06
3.07184641,0.046335521562,0.046341649500,6.127938345382e-06,1.322514161666e-04
3.07984601,0.045966334566,0.045975432975,9.098409088401e-06,1.979363630878e-04
3.08784561,0.045600089136,0.045609216449,9.127312894951e-06,2.001599792418e-04
3.09584521,0.045236761836,0.045242999924,6.238087253717e-06,1.378986249341e-04
3.10384481,0.044876329415,0.044876783398,4.539829107711e-07,1.011631113075e-05
3.11184441,0.044518768807,0.044525825895,7.057087254139e-06,1.585193715640e-04
3.11984401,0.044164057131,0.044159609369,4.447761796839e-06,1.007099910151e-04
3.12784361,0.043812171686,0.043808651865,3.519821050416e-06,8.033888563216e-05
3.13584321,0.043463089956,0.043457694362,5.395593866621e-06,1.241419759185e-04
3.14384281,0.043116789599,0.043121995880,5.206280767132e-06,1.207483399278e-04
3.15184241,0.042773248456,0.042771038376,2.210079817690e-06,5.166967432810e-05
3.15984201,0.042432444542,0.042435339895,2.895352724193e-06,6.823440778501e-05
3.16784161,0.042094356047,0.042099641413,5.285365881950e-06,1.255599652371e-04
3.17584121,0.041758961336,0.041763942931,4.981595270973e-06,1.192940416044e-04
3.18384081,0.041426238945,0.041428244450,2.005504120904e-06,4.841144578794e-05
3.19184041,0.041096167583,0.041092545968,3.621615350981e-06,8.812537917685e-05
3.19984001,0.040768726127,0.040772106508,3.380381319557e-06,8.291603983541e-05
3.20783961,0.040443893622,0.040451667048,7.773426505271e-06,1.922027235556e-04
3.21583921,0.040121649281,0.040131227588,9.578307518597e-06,2.387316496279e-04
3.22383881,0.039801972482,0.039810788128,8.815646045102e-06,2.214876674515e-04
3.23183841,0.039484842769,0.039490348669,5.505899463215e-06,1.394433680641e-04
3.23983801,0.039170239847,0.039169909209,3.306378466988e-07,8.441047284702e-06
3.24783761,0.038858143582,0.038864728771,6.585188693169e-06,1.694674033833e-04
3.25583721,0.038548534003,0.038544289311,4.244692440411e-06,1.101129407418e-04
3.26383681,0.038241391297,0.038239108873,2.282424316678e-06,5.968465684017e-05
3.27183641,0.037936695809,0.037933928435,2.767373559934e-06,7.294714262637e-05
3.27983601,0.037634428039,0.037644007019,9.578980391896e-06,2.545270618177e-04
3.28783561,0.037334568644,0.037338826581,4.257937051486e-06,1.140481116058e-04
3.29583521,0.037037098436,0.037048905165,1.180672939687e-05,3.187811652509e-04
3.30383481,0.036741998377,0.036743724727,1.726349925811e-06,4.698573844793e-05
3.31183441,0.036449249584,0.036453803311,4.553727047669e-06,1.249333552713e-04
3.31983401,0.036158833322,0.036163881895,5.048573014955e-06,1.396221213770e-04
3.32783361,0.035870731006,0.035873960479,3.229472709039e-06,9.003085854204e-05
3.33583321,0.035584924200,0.035584039063,8.851370672872e-07,2.487393431860e-05
3.34383281,0.035301394613,0.035309376669,7.982055486792e-06,2.261116189372e-04
3.35183241,0.035020124102,0.035019455253,6.688492462728e-07,1.909899703158e-05
3.35983201,0.034741094667,0.034744792859,3.698192135658e-06,1.064500750809e-04
3.36783161,0.034464288451,0.034470130465,5.842013929294e-06,1.695091989974e-04
3.37583121,0.034189687740,0.034180209049,9.478691841196e-06,2.772383273329e-04
3.38383081,0.033917274963,0.033920805676,3.530713296132e-06,1.040977879260e-04
3.39183041,0.033647032686,0.033646143282,8.894035813736e-07,2.643334375661e-05
3.39983001,0.033378943615,0.033371480888,7.462726708506e-06,2.235758804901e-04
3.40782961,0.033112990594,0.033112077516,9.130781121608e-07,2.757461937998e-05
3.41582921,0.032849156604,0.032852674144,3.517539693083e-06,1.070815831134e-04
3.42382881,0.032587424761,0.032593270771,5.846010484235e-06,1.793946753122e-04
3.43182841,0.032327778316,0.032333867399,6.089083513586e-06,1.883545307118e-04
3.43982801,0.032070200652,0.032074464027,4.263374580628e-06,1.329388184020e-04
3.44782761,0.031814675288,0.031830319677,1.564438899206e-05,4.917349886703e-04
3.45582721,0.031561185869,0.031570916304,9.730435029789e-06,3.083038473302e-04
3.46382681,0.031309716176,0.031311512932,1.796756377570e-06,5.738654312580e-05
3.47182641,0.031060250114,0.031067368582,7.118467469026e-06,2.291825546431e-04
3.47982601,0.030812771721,0.030823224231,1.045251072406e-05,3.392265654919e-04
3.48782561,0.030567265158,0.030579079881,1.181472326060e-05,3.865155485659e-04
3.49582521,0.030323714715,0.030319676509,4.038205885407e-06,1.331698943685e-04
3.50382481,0.030082104806,0.030090791180,8.686374729019e-06,2.887555503568e-04
3.51182441,0.029842419969,0.029846646830,4.226860984235e-06,1.416393505832e-04
3.51982401,0.029604644866,0.029602502480,2.142386845590e-06,7.236657812502e-05
3.52782361,0.029368764282,0.029373617151,4.852869302286e-06,1.652391382802e-04
3.53582321,0.029134763120,0.029129472801,5.290319437128e-06,1.815810005146e-04
3.54382281,0.028902626407,0.028900587472,2.038934613743e-06,7.054495965296e-05
3.55182241,0.028672339287,0.028671702144,6.371427809342e-07,2.222151372317e-05
3.55982201,0.028443887022,0.028442816815,1.070206958161e-06,3.762520070898e-05
3.56782161,0.028217254995,0.028213931487,3.323507584523e-06,1.177828100275e-04
3.57582121,0.027992428700,0.028000305180,7.876480313466e-06,2.813789542110e-04
3.58382081,0.027769393752,0.027771419852,2.026100463206e-06,7.296163831789e-05
3.59182041,0.027548135876,0.027557793545,9.657669543583e-06,3.505743396611e-04
3.59982001,0.027328640914,0.027328908217,2.673029248189e-07,9.781054449780e-06
3.60781961,0.027110894820,0.027115281910,4.387090748119e-06,1.618202120328e-04
3.61581921,0.026894883658,0.026886396582,8.487076349057e-06,3.155647169505e-04
3.62381881,0.026680593607,0.026672770275,7.823331167632e-06,2.932217807065e-04
3.63181841,0.026468010951,0.026459143969,8.866982339206e-06,3.350075060627e-04
3.63981801,0.026257122088,0.026260776684,3.654596034991e-06,1.391849427640e-04
3.64781761,0.026047913522,0.026047150378,7.631442288415e-07,2.929771047498e-05
3.65581721,0.025840371864,0.025848783093,8.411228743500e-06,3.255072638925e-04
3.66381681,0.025634483834,0.025635156786,6.729525673758e-07,2.625184777414e-05
3.67181641,0.025430236255,0.025436789502,6.553246622812e-06,2.576950743617e-04
3.67981601,0.025227616058,0.025238422217,1.080615962074e-05,4.283464436793e-04
3.68781561,0.025026610274,0.025024795911,1.814363870391e-06,7.249738780020e-05
3.69581521,0.024827206043,0.024826428626,7.774169048340e-07,3.131310480498e-05
3.70381481,0.024629390602,0.024628061341,1.329260716474e-06,5.397050775454e-05
3.71181441,0.024433151293,0.024429694057,3.457236315542e-06,1.414977656420e-04
3.71981401,0.024238475558,0.024231326772,7.148785575114e-06,2.949354450178e-04
3.72781361,0.024045350938,0.024048218509,2.867571469171e-06,1.192567942384e-04
3.73581321,0.023853765075,0.023849851225,3.913850170394e-06,1.640768305605e-04
3.74381281,0.023663705708,0.023666742962,3.037253634122e-06,1.283507186736e-04
3.75181241,0.023475160675,0.023468375677,6.784998262638e-06,2.890288316431e-04
3.75981201,0.023288117911,0.023285267414,2.850496327433e-06,1.224013180612e-04
3.76781161,0.023102565444,0.023102159152,4.062928531598e-07,1.758648207865e-05
3.77581121,0.022918491402,0.022919050889,5.594863938668e-07,2.441200793029e-05
3.78381081,0.022735884005,0.022735942626,5.862103718765e-08,2.578348709672e-06
3.79181041,0.022554731566,0.022552834363,1.897203156048e-06,8.411552806367e-05
3.79981001,0.022375022494,0.022384985122,9.962628369466e-06,4.452566862045e-04
3.80780961,0.022196745288,0.022201876860,5.131572112228e-06,2.311857907879e-04
3.81580921,0.022019888538,0.022018768597,1.119941369893e-06,5.086044681582e-05
3.82380881,0.021844440928,0.021850919356,6.478427580316e-06,2.965709949512e-04
3.83180841,0.021670391231,0.021667811093,2.580137246407e-06,1.190627902818e-04
3.83980801,0.021497728306,0.021499961852,2.233546069538e-06,1.038968414572e-04
3.84780761,0.021326441107,0.021316853590,9.587516884114e-06,4.495600947296e-04
3.85580721,0.021156518670,0.021149004349,7.514320970892e-06,3.551775737859e-04
3.86380681,0.020987950122,0.020981155108,6.795014080959e-06,3.237578725625e-04
3.87180641,0.020820724676,0.020813305867,7.418808848508e-06,3.563184742114e-04
3.87980601,0.020654831630,0.020660715648,5.884018038627e-06,2.848736868935e-04
3.88780561,0.020490260368,0.020492866407,2.606038936957e-06,1.271842763396e-04
3.89580521,0.020327000359,0.020325017166,1.983192693067e-06,9.756445407744e-05
3.90380481,0.020165041155,0.020157167926,7.873229199949e-06,3.904395304495e-04
3.91180441,0.020004372391,0.020004577707,2.053157209074e-07,1.026354223446e-05
3.91980401,0.019844983786,0.019851987488,7.003702000324e-06,3.529205201672e-04
3.92780361,0.019686865139,0.019684138247,2.726892353266e-06,1.385132845681e-04
3.93580321,0.019530006333,0.019531548028,1.541695088963e-06,7.893981510814e-05
3.94380281,0.019374397328,0.019378957809,4.560480443640e-06,2.353869576611e-04
3.95180241,0.019220028168,0.019226367590,6.339421744331e-06,3.298341547103e-04
3.95980201,0.019066888973,0.019058518349,8.370624214608e-06,4.390136338644e-04
3.96780161,0.018914969944,0.018905928130,9.041813659086e-06,4.780242150009e-04
3.97580121,0.018764261358,0.018753337911,1.092344658826e-05,5.821410382252e-04
3.98380081,0.018614753571,0.018616006714,1.253143331045e-06,6.731989904079e-05
3.99180041,0.018466437015,0.018463416495,3.020520101954e-06,1.635681046367e-04
3.99980001,0.018319302200,0.018310826276,8.475923629559e-06,4.626772099275e-04
4.00779961,0.018173339709,0.018173495079,1.553703817547e-07,8.549357699033e-06
4.01579921,0.018028540201,0.018020904860,7.635341146277e-06,4.235141093560e-04
4.02379881,0.017884894411,0.017883573663,1.320748129002e-06,7.384713035743e-05
4.03179841,0.017742393146,0.017730983444,1.140970189950e-05,6.430757004254e-04
4.03979801,0.017601027286,0.017593652247,7.375039446700e-06,4.190118750867e-04
4.04779761,0.017460787786,0.017456321050,4.466736108728e-06,2.558152681019e-04
4.05579721,0.017321665670,0.017334248875,1.258320448953e-05,7.264430990149e-04
4.06379681,0.017183652036,0.017196917678,1.326564152725e-05,7.719919781559e-04
4.07179641,0.017046738052,0.017059586481,1.284842893762e-05,7.537177434621e-04
4.07979601,0.016910914955,0.016922255283,1.134032838614e-05,6.705922427193e-04
4.08779561,0.016776174055,0.016784924086,8.750031728164e-06,5.215749252282e-04
4.09579521,0.016642506728,0.016647592889,5.086161565016e-06,3.056127089642e-04
4.10379481,0.016509904420,0.016510261692,3.572717958318e-07,2.163984640576e-05
4.11179441,0.016378358647,0.016372930495,5.428151835060e-06,3.314222109831e-04
4.11979401,0.016247860989,0.016250858320,2.997330701592e-06,1.844754028589e-04
4.12779361,0.016118403096,0.016113527123,4.875973328076e-06,3.025097026649e-04
4.13579321,0.015989976683,0.015991454948,1.478264390162e-06,9.244944001083e-05
4.14379281,0.015862573532,0.015869382773,6.809240472010e-06,4.292645489229e-04
4.15179241,0.015736185489,0.015747310597,1.112510794731e-05,7.069761572632e-04
4.15979201,0.015610804467,0.015609979400,8.250670116040e-07,5.285230580721e-05
4.16779161,0.015486422442,0.015487907225,1.484783014493e-06,9.587643757241e-05
4.17579121,0.015363031454,0.015365835050,2.803595824979e-06,1.824897536236e-04
4.18379081,0.015240623607,0.015243762875,3.139267695549e-06,2.059802654063e-04
4.19179041,0.015119191068,0.015121690700,2.499631986851e-06,1.653284210556e-04
4.19979001,0.014998726065,0.014999618524,8.924596457145e-07,5.950236319127e-05
4.20778961,0.014879220890,0.014877546349,1.674540297477e-06,1.125422029758e-04
4.21578921,0.014760667894,0.014755474174,5.193720235495e-06,3.518621428700e-04
4.22378881,0.014643059492,0.014633401999,9.657493494875e-06,6.595270271127e-04
4.23178841,0.014526388158,0.014526588846,2.006880463062e-07,1.381541262211e-05
4.23978801,0.014410646424,0.014404516670,6.129753146745e-06,4.253628162505e-04
4.24778761,0.014295826884,0.014297703517,1.876633489146e-06,1.312714195836e-04
4.25578721,0.014181922190,0.014190890364,8.968173812247e-06,6.323665926258e-04
4.26378681,0.014068925054,0.014068818189,1.068648638365e-07,7.595808736577e-06
4.27178641,0.013956828243,0.013962005035,5.176792386468e-06,3.709146731838e-04
4.27978601,0.013845624585,0.013839932860,5.691724713470e-06,4.110847205571e-04
4.28778561,0.013735306963,0.013733119707,2.187256009836e-06,1.592433293061e-04
4.29578521,0.013625868317,0.013626306554,4.382362601436e-07,3.216207950440e-05
4.30378481,0.013517301645,0.013519493400,2.191755506779e-06,1.621444548879e-04
4.31178441,0.013409599998,0.013412680247,3.080249339385e-06,2.297047890972e-04
4.31978401,0.013302756484,0.013305867094,3.110610010909e-06,2.338319892326e-04
4.32778361,0.013196764266,0.013199053941,2.289674858928e-06,1.735027475534e-04
4.33578321,0.013091616561,0.013092240787,6.242267432937e-07,4.768141049680e-05
4.34378281,0.012987306640,0.012985427634,1.879005519881e-06,1.446801536317e-04
4.35178241,0.012883827828,0.012878614481,5.213346727588e-06,4.046426882890e-04
4.35978201,0.012781173502,0.012787060349,5.886847033947e-06,4.605873656939e-04
4.36778161,0.012679337095,0.012680247196,9.101012262303e-07,7.177829719460e-05
4.37578121,0.012578312088,0.012573434043,4.878045340915e-06,3.878139854300e-04
4.38378081,0.012478092017,0.012481879911,3.787894217615e-06,3.035635746530e-04
4.39178041,0.012378670469,0.012390325780,1.165531148248e-05,9.415640808930e-04
4.39978001,0.012280041080,0.012283512627,3.471546933788e-06,2.826983160071e-04
4.40777961,0.012182197539,0.012191958495,9.760956048290e-06,8.012475595402e-04
4.41577921,0.012085133586,0.012085145342,1.175642642265e-08,9.728007008962e-07
4.42377881,0.011988843007,0.011993591211,4.748203366576e-06,3.960518428368e-04
4.43177841,0.011893319642,0.011902037079,8.717436985710e-06,7.329692001722e-04
4.43977801,0.011798557378,0.011795223926,3.333451696211e-06,2.825304475335e-04
4.44777761,0.011704550149,0.011703669795,8.803546749491e-07,7.521473817523e-05
4.45577721,0.011611291941,0.011612115663,8.237220458784e-07,7.094146370962e-05
4.46377681,0.011518776786,0.011520561532,1.784746426620e-06,1.549423571480e-04
4.47177641,0.011426998762,0.011429007401,2.008638876762e-06,1.757800905243e-04
4.47977601,0.011335951997,0.011337453269,1.501272633816e-06,1.324346322448e-04
4.48777561,0.011245630664,0.011245899138,2.684741391649e-07,2.387364010014e-05
4.49577521,0.011156028983,0.011154345006,1.683976589074e-06,1.509476706836e-04
4.50377481,0.011067141221,0.011062790875,4.350345586169e-06,3.930866607210e-04
4.51177441,0.010978961688,0.010986495766,7.534077322872e-06,6.862285830637e-04
4.51977401,0.010891484743,0.010894941634,3.456891300494e-06,3.173939441759e-04
4.52777361,0.010804704787,0.010803387503,1.317283762046e-06,1.219176079366e-04
4.53577321,0.010718616266,0.010727092393,8.476127423416e-06,7.907856026471e-04
4.54377281,0.010633213672,0.010635538262,2.324590207261e-06,2.186159592963e-04
4.55177241,0.010548491539,0.010559243153,1.075161363152e-05,1.019256032191e-03
4.55977201,0.010464444446,0.010467689021,3.244575606038e-06,3.100571294470e-04
4.56777161,0.010381067013,0.010376134890,4.932123467692e-06,4.751075647051e-04
4.57577121,0.010298353906,0.010299839780,1.485873957579e-06,1.442826660548e-04
4.58377081,0.010216299832,0.010223544671,7.244839122884e-06,7.091451153802e-04
4.59177041,0.010134899538,0.010131990539,2.908998904793e-06,2.870278973952e-04
4.59977001,0.010054147817,0.010055695430,1.547612793574e-06,1.539277939536e-04
4.60776961,0.009974039500,0.009979400320,5.360819942225e-06,5.374773121720e-04
4.61576921,0.009894569462,0.009887846189,6.723272908583e-06,6.794912031722e-04
4.62376881,0.009815732616,0.009811551080,4.181536364443e-06,4.260034913393e-04
4.63176841,0.009737523917,0.009735255970,2.267947241511e-06,2.329080021538e-04
4.63976801,0.009659938361,0.009658960861,9.775006569023e-07,1.011911898757e-04
4.64776761,0.009582970983,0.009582665751,3.052316050502e-07,3.185145875953e-05
4.65576721,0.009506616856,0.009506370642,2.462146400217e-07,2.589929138240e-05
4.66376681,0.009430871096,0.009430075532,7.955635602918e-07,8.435737825459e-05
4.67176641,0.009355728854,0.009369039445,1.331059080062e-05,1.422720881362e-03
4.67976601,0.009281185322,0.009292744335,1.155901329758e-05,1.245424253134e-03
4.68776561,0.009207235729,0.009216449226,9.213496161732e-06,1.000679946998e-03
4.69576521,0.009133875344,0.009140154116,6.278771718977e-06,6.874159633485e-04
4.70376481,0.009061099472,0.009063859007,2.759534589513e-06,3.045474335676e-04
4.71176441,0.008988903455,0.008987563897,1.339558011721e-06,1.490235175406e-04
4.71976401,0.008917282674,0.008911268788,6.013885977022e-06,6.744079106962e-04
4.72776361,0.008846232544,0.008850232700,4.000155886426e-06,4.521875121912e-04
4.73576321,0.008775748520,0.008773937591,1.810929436925e-06,2.063561225336e-04
4.74376281,0.008705826091,0.008712901503,7.075412396853e-06,8.127215410929e-04
4.75176241,0.008636460781,0.008636606394,1.456122062440e-07,1.686017107366e-05
4.75976201,0.008567648153,0.008575570306,7.922152744208e-06,9.246589732154e-04
4.76776161,0.008499383803,0.008499275196,1.086061913458e-07,1.277812531679e-05
4.77576121,0.008431663361,0.008438239109,6.575747697855e-06,7.798873622177e-04
4.78376081,0.008364482495,0.008377203021,1.272052621310e-05,1.520778628037e-03
4.79176041,0.008297836905,0.008300907912,3.071006626127e-06,3.700972507921e-04
4.79976001,0.008231722327,0.008239871824,8.149497644324e-06,9.900112419995e-04
4.80775961,0.008166134528,0.008178835737,1.270120830349e-05,1.555351342723e-03
4.81575921,0.008101069313,0.008102540627,1.471313928660e-06,1.816197185549e-04
4.82375881,0.008036522517,0.008041504540,4.982022092826e-06,6.199226197648e-04
4.83175841,0.007972490010,0.007980468452,7.978441503166e-06,1.000746503625e-03
4.83975801,0.007908967695,0.007904173342,4.794352044490e-06,6.061918861805e-04
4.84775761,0.007845951505,0.007843137255,2.814249713361e-06,3.586881351109e-04
4.85575721,0.007783437408,0.007782101167,1.336240745761e-06,1.716774576201e-04
4.86375681,0.007721421404,0.007721065080,3.563246182333e-07,4.614754195811e-05
4.87175641,0.007659899525,0.007660028992,1.294673177494e-07,1.690196031029e-05
4.87975601,0.007598867832,0.007598992905,1.250720897631e-07,1.645930584932e-05
4.88775561,0.007538322422,0.007537956817,3.656046436212e-07,4.849947019685e-05
4.89575521,0.007478259418,0.007476920729,1.338688342922e-06,1.790106852604e-04
4.90375481,0.007418674977,0.007415884642,2.790335339760e-06,3.761231417147e-04
4.91175441,0.007359565287,0.007354848554,4.716732590916e-06,6.408982605775e-04
4.91975401,0.007300926564,0.007309071489,8.144924462387e-06,1.115601477556e-03
4.92775361,0.007242755056,0.007248035401,5.280344549764e-06,7.290519296399e-04
4.93575321,0.007185047041,0.007186999313,1.952272191982e-06,2.717132095031e-04
4.94375281,0.007127798825,0.007125963226,1.835599647590e-06,2.575268596312e-04
4.95175241,0.007071006746,0.007080186160,9.179414466732e-06,1.298176454498e-03
4.95975201,0.007014667167,0.007019150072,4.482905090589e-06,6.390759509487e-04
4.96775161,0.006958776485,0.006958113985,6.625004876307e-07,9.520358773162e-05
4.97575121,0.006903331123,0.006912336919,9.005796293819e-06,1.304558065299e-03
4.98375081,0.006848327532,0.006851300832,2.973299808842e-06,4.341643700643e-04
4.99175041,0.006793762192,0.006805523766,1.176157374743e-05,1.731231299349e-03
4.99975001,0.006739631612,0.006744487678,4.856066167369e-06,7.205239762065e-04
5.00774961,0.006685932328,0.006698710613,1.277828489122e-05,1.911219597328e-03
5.01574921,0.006632660903,0.006637674525,5.013622554488e-06,7.558991222651e-04
5.02374881,0.006579813927,0.006576638437,3.175489897668e-06,4.826108964050e-04
5.03174841,0.006527388020,0.006530861372,3.473351317707e-06,5.321196329704e-04
5.03974801,0.006475379827,0.006469825284,5.554542652349e-06,8.577941064269e-04
5.04774761,0.006423786018,0.006424048219,2.622001948694e-07,4.081708109857e-05
5.05574721,0.006372603293,0.006378271153,5.667859653846e-06,8.894104015426e-04
5.06374681,0.006321828376,0.006317235065,4.593310787786e-06,7.265794821652e-04
5.07174641,0.006271458018,0.006271458000,1.804954363055e-11,2.878045835581e-09
5.07974601,0.006221488994,0.006225680934,4.191939369666e-06,6.737839403692e-04
5.08774561,0.006171918109,0.006164644846,7.273262712113e-06,1.178444461461e-03
5.09574521,0.006122742189,0.006118867781,3.874408265120e-06,6.327897118029e-04
5.10374481,0.006073958087,0.006073090715,8.673722250831e-07,1.428018126967e-04
5.11174441,0.006025562682,0.006027313649,1.750967294960e-06,2.905898398866e-04
5.11974401,0.005977552876,0.005981536584,3.983707307753e-06,6.664445117025e-04
5.12774361,0.005929925598,0.005935759518,5.833920150003e-06,9.838100080548e-04
5.13574321,0.005882677798,0.005889982452,7.304653679006e-06,1.241722550389e-03
5.14374281,0.005835806455,0.005844205386,8.398931467660e-06,1.439206651638e-03
5.15174241,0.005789308568,0.005798428321,9.119752997996e-06,1.575274990316e-03
5.15974201,0.005743181161,0.005752651255,9.470093853098e-06,1.648928283348e-03
5.16774161,0.005697421283,0.005706874189,9.452905907535e-06,1.659155157612e-03
5.17574121,0.005652026006,0.005661097124,9.071117516257e-06,1.604932020195e-03
5.18374081,0.005606992424,0.005600061036,6.931388194699e-06,1.236204308870e-03
5.19174041,0.005562317656,0.005569542992,7.225336341168e-06,1.298979452106e-03
5.19974001,0.005517998842,0.005523765927,5.767084348297e-06,1.045140550617e-03
5.20773961,0.005474033147,0.005477988861,3.955713858955e-06,7.226324270768e-04
5.21573921,0.005430417757,0.005432211795,1.794038411288e-06,3.303683973554e-04
5.22373881,0.005387149880,0.005386434730,7.151508739636e-07,1.327512487753e-04
5.23173841,0.005344226749,0.005340657664,3.569085114839e-06,6.678393867802e-04
5.23973801,0.005301645616,0.005310139620,8.494004405734e-06,1.602144885103e-03
5.24773761,0.005259403756,0.005264362554,4.958798828926e-06,9.428442955555e-04
5.25573721,0.005217498465,0.005218585489,1.087023274568e-06,2.083418484505e-04
5.26373681,0.005175927064,0.005172808423,3.118640572636e-06,6.025279209587e-04
5.27173641,0.005134686890,0.005127031357,7.655532394832e-06,1.490944347592e-03
5.27973601,0.005093775305,0.005096513313,2.738008825967e-06,5.375205348098e-04
5.28773561,0.005053189690,0.005050736248,2.453442610043e-06,4.855235525189e-04
5.29573521,0.005012927450,0.005004959182,7.968267572731e-06,1.589543765136e-03
5.30373481,0.004972986006,0.004974441138,1.455132374085e-06,2.926073735868e-04
5.31173441,0.004933362803,0.004928664073,4.698730552562e-06,9.524396927645e-04
5.31973401,0.004894055306,0.004898146029,4.090723085649e-06,8.358555083837e-04
5.32773361,0.004855060998,0.004852368963,2.692035062968e-06,5.544801731553e-04
5.33573321,0.004816377385,0.004821850919,5.473534194414e-06,1.136442134139e-03
5.34373281,0.004778001991,0.004776073854,1.928137418711e-06,4.035447080827e-04
5.35173241,0.004739932360,0.004730296788,9.635572212916e-06,2.032850150742e-03
5.35973201,0.004702166056,0.004699778744,2.387312065760e-06,5.077047550432e-04
5.36773161,0.004664700662,0.004654001678,1.069898395598e-05,2.293605684522e-03
5.37573121,0.004627533781,0.004623483635,4.050146531965e-06,8.752278694090e-04
5.38373081,0.004590663034,0.004577706569,1.295646513186e-05,2.822351593987e-03
5.39173041,0.004554086062,0.004547188525,6.897536457846e-06,1.514581930257e-03
5.39973001,0.004517800523,0.004516670481,1.130041701967e-06,2.501309422987e-04
5.40772961,0.004481804096,0.004486152438,4.348341190416e-06,9.702211647027e-04
5.41572921,0.004446094478,0.004440375372,5.719106124161e-06,1.286321321416e-03
5.42372881,0.004410669383,0.004409857328,8.120546530661e-07,1.841114313018e-04
5.43172841,0.004375526544,0.004379339284,3.812740698486e-06,8.713787153265e-04
5.43972801,0.004340663712,0.004333562219,7.101493037401e-06,1.636038520621e-03
5.44772761,0.004306078656,0.004303044175,3.034481057295e-06,7.046970805140e-04
5.45572721,0.004271769163,0.004272526131,7.569679761543e-07,1.772024534222e-04
5.46372681,0.004237733038,0.004226749065,1.098397223407e-05,2.591945301076e-03
5.47172641,0.004203968101,0.004196231022,7.737079788744e-06,1.840423048454e-03
5.47972601,0.004170472194,0.004165712978,4.759215833198e-06,1.141169539618e-03
5.48772561,0.004137243171,0.004135194934,2.048236832262e-06,4.950728655981e-04
5.49572521,0.004104278907,0.004104676890,3.979836702096e-07,9.696798859729e-05
5.50372481,0.004071577291,0.004074158846,2.581555187429e-06,6.340430262712e-04
5.51172441,0.004039136232,0.004043640803,4.504570424660e-06,1.115231120146e-03
5.51972401,0.004006953653,0.004013122759,6.169105413146e-06,1.539599892273e-03
5.52772361,0.003975027495,0.003982604715,7.577219642955e-06,1.906205592724e-03
5.53572321,0.003943355715,0.003952086671,8.730956194786e-06,2.214092977071e-03
5.54372281,0.003911936286,0.003921568627,9.632341870704e-06,2.462295182621e-03
5.55172241,0.003880767196,0.003891050584,1.028338732385e-05,2.649833603409e-03
5.55972201,0.003849846453,0.003860532540,1.068608718711e-05,2.775717763932e-03
5.56772161,0.003819172076,0.003830014496,1.084242020074e-05,2.838945191614e-03
5.57572121,0.003788742103,0.003799496452,1.075434933903e-05,2.838501287984e-03
5.58372081,0.003758554587,0.003768978408,1.042382193590e-05,2.773359198562e-03
5.59172041,0.003728607595,0.003738460365,9.852769809509e-06,2.642479681433e-03
5.59972001,0.003698899212,0.003692683299,6.215912510800e-06,1.680476313454e-03
5.60771961,0.003669427535,0.003662165255,7.262280075077e-06,1.979131623461e-03
5.61571921,0.003640190680,0.003631647211,8.543468771288e-06,2.346983859333e-03
5.62371881,0.003611186775,0.003601129168,1.005760761783e-05,2.785125290886e-03
5.63171841,0.003582413964,0.003570611124,1.180284054050e-05,3.294661269718e-03
5.63971801,0.003553870406,0.003555352102,1.481695642986e-06,4.169245002195e-04
5.64771761,0.003525554274,0.003524834058,7.202162459804e-07,2.042845436287e-04
5.65571721,0.003497463757,0.003494316014,3.147742249803e-06,9.000071105438e-04
5.66371681,0.003469597055,0.003463797971,5.799084745523e-06,1.671400065513e-03
5.67171641,0.003441952387,0.003448538949,6.586561463615e-06,1.913612020936e-03
5.67971601,0.003414527983,0.003418020905,3.492921675499e-06,1.022958866555e-03
5.68771561,0.003387322088,0.003387502861,1.807727825387e-07,5.336746191452e-05
5.69571521,0.003360332961,0.003356984817,3.348144202814e-06,9.963727526999e-04
5.70371481,0.003333558876,0.003326466773,7.092102139947e-06,2.127486690520e-03
5.71171441,0.003306998117,0.003311207752,4.209634247121e-06,1.272947276581e-03
5.71971401,0.003280648987,0.003280689708,4.072089261880e-08,1.241245033572e-05
5.72771361,0.003254509798,0.003250171664,4.338134122039e-06,1.332960842382e-03
5.73571321,0.003228578878,0.003234912642,6.333763849567e-06,1.961780736483e-03
5.74371281,0.003202854568,0.003204394598,1.540030435820e-06,4.808305850879e-04
5.75171241,0.003177335221,0.003189135576,1.180035563013e-05,3.713915847771e-03
5.75971201,0.003152019204,0.003158617533,6.598328722726e-06,2.093365647828e-03
5.76771161,0.003126904897,0.003128099489,1.194591682005e-06,3.820364613894e-04
5.77571121,0.003101990693,0.003097581445,4.409248328551e-06,1.421425389184e-03
5.78371081,0.003077274998,0.003082322423,5.047424945863e-06,1.640225507579e-03
5.79171041,0.003052756230,0.003051804379,9.518506333896e-07,3.118004064799e-04
5.79971001,0.003028432820,0.003021286336,7.146484116986e-06,2.359796152844e-03
5.80770961,0.003004303211,0.003006027314,1.724102942670e-06,5.738778085135e-04
5.81570921,0.002980365859,0.002975509270,4.856589099022e-06,1.629527826065e-03
5.82370881,0.002956619233,0.002960250248,3.631015396823e-06,1.228097063306e-03
5.83170841,0.002933061812,0.002929732204,3.329607722959e-06,1.135198620589e-03
5.83970801,0.002909692089,0.002914473182,4.781092867227e-06,1.643161104449e-03
5.84770761,0.002886508570,0.002883955138,2.553431105352e-06,8.846088774032e-04
5.85570721,0.002863509769,0.002868696117,5.186347757516e-06,1.811185634492e-03
5.86370681,0.002840694215,0.002838178073,2.516142553647e-06,8.857491735861e-04
5.87170641,0.002818060449,0.002822919051,4.858601811752e-06,1.724094248348e-03
5.87970601,0.002795607022,0.002792401007,3.206014515759e-06,1.146804429584e-03
5.88770561,0.002773332496,0.002777141985,3.809489140541e-06,1.373614287488e-03
5.89570521,0.002751235447,0.002746623941,4.611505578048e-06,1.676158099484e-03
5.90370481,0.002729314460,0.002716105898,1.320856269756e-05,4.839516622084e-03
5.91170441,0.002707568133,0.002700846876,6.721257510959e-06,2.482396445902e-03
5.91970401,0.002685995074,0.002685587854,4.072202817455e-07,1.516087224702e-04
5.92770361,0.002664593902,0.002670328832,5.734929535166e-06,2.152271507500e-03
5.93570321,0.002643363249,0.002639810788,3.552460411584e-06,1.343916850454e-03
5.94370281,0.002622301754,0.002624551766,2.250012304622e-06,8.580295159596e-04
5.95170241,0.002601408071,0.002609292744,7.884673595147e-06,3.030925322264e-03
5.95970201,0.002580680862,0.002578774701,1.906161367557e-06,7.386273117655e-04
5.96770161,0.002560118801,0.002563515679,3.396877625691e-06,1.326843748165e-03
5.97570121,0.002539720572,0.002548256657,8.536084525525e-06,3.361032949406e-03
5.98370081,0.002519484870,0.002517738613,1.746257201687e-06,6.931008883490e-04
5.99170041,0.002499410400,0.002502479591,3.069191199787e-06,1.227966083505e-03
5.99970001,0.002479495877,0.002471961547,7.534329418963e-06,3.038653739985e-03
6.00769962,0.002459740026,0.002456702525,3.037500855708e-06,1.234886948753e-03
6.01569922,0.002440141584,0.002426184482,1.395710264910e-05,5.719792138019e-03
6.02369882,0.002420699297,0.002410925460,9.773836824180e-06,4.037608817544e-03
6.03169842,0.002401411919,0.002395666438,5.745481089029e-06,2.392542921887e-03
6.03969802,0.002382278217,0.002380407416,1.870801168322e-06,7.852991959251e-04
6.04769762,0.002363296967,0.002365148394,1.851427378941e-06,7.834086892589e-04
6.05569722,0.002344466953,0.002349889372,5.422419237794e-06,2.312858038453e-03
6.06369682,0.002325786971,0.002334630350,8.843379415042e-06,3.802317033395e-03
6.07169642,0.002307255825,0.002319371328,1.211550331637e-05,5.251044632845e-03
6.07969602,0.002288872330,0.002288853285,1.904507385738e-08,8.320723533273e-06
6.08769562,0.002270635308,0.002273594263,2.958954470092e-06,1.303139460347e-03
6.09569522,0.002252543594,0.002258335241,5.791647110405e-06,2.571158723347e-03
6.10369482,0.002234596028,0.002227817197,6.778831289488e-06,3.033582447977e-03
6.11169442,0.002216791463,0.002212558175,4.233288400738e-06,1.909646654000e-03
6.11969402,0.002199128760,0.002197299153,1.829606735761e-06,8.319689002101e-04
6.12769362,0.002181606787,0.002182040131,4.333440114662e-07,1.986352508644e-04
6.13569322,0.002164224424,0.002166781109,2.556685141040e-06,1.181340120028e-03
6.14369282,0.002146980558,0.002151522087,4.541529018889e-06,2.115309801520e-03
6.15169242,0.002129874086,0.002136263066,6.388979147952e-06,2.999698052002e-03
6.15969202,0.002112903913,0.002121004044,8.100130238804e-06,3.833648178427e-03
6.16769162,0.002096068953,0.002105745022,9.676068279708e-06,4.616292924770e-03
6.17569122,0.002079368129,0.002090486000,1.111787060611e-05,5.346754357616e-03
6.18369082,0.002062800372,0.002059967956,2.832415927117e-06,1.373092600520e-03
6.19169042,0.002046364621,0.002044708934,1.655687290485e-06,8.090871358562e-04
6.19969002,0.002030059826,0.002029449912,6.099135922279e-07,3.004411911711e-04
6.20768962,0.002013884942,0.002014190890,3.059485757947e-07,1.519195905616e-04
6.21568922,0.001997838934,0.001998931868,1.092934308168e-06,5.470582685524e-04
6.22368882,0.001981920776,0.001983672847,1.752070452171e-06,8.840264824322e-04
6.23168842,0.001966129449,0.001968413825,2.284375673483e-06,1.161864329251e-03
6.23968802,0.001950463942,0.001953154803,2.690860521371e-06,1.379600239243e-03
6.24768762,0.001934923253,0.001937895781,2.972527493360e-06,1.536250850341e-03
6.25568722,0.001919506388,0.001922636759,3.130371099390e-06,1.630820881425e-03
6.26368682,0.001904212359,0.001907377737,3.165377925453e-06,1.662303004297e-03
6.27168642,0.001889040188,0.001892118715,3.078526696734e-06,1.629677714368e-03
6.27968602,0.001873988905,0.001876859693,2.870788340236e-06,1.531913200045e-03
6.28768562,0.001859057545,0.001861600671,2.543126046921e-06,1.367965210804e-03
6.29568522,0.001844245154,0.001846341650,2.096495333348e-06,1.136776923941e-03
6.30368482,0.001829550784,0.001831082628,1.531844102814e-06,8.372788099833e-04
6.31168442,0.001814973493,0.001815823606,8.501127060192e-07,4.683884967453e-04
6.31968402,0.001800512350,0.001800564584,5.223400124346e-08,2.901063202871e-05
6.32768362,0.001786166428,0.001785305562,8.608665859587e-07,4.819632550601e-04
6.33568322,0.001771934811,0.001770046540,1.888271003533e-06,1.065654894180e-03
6.34368282,0.001757816587,0.001754787518,3.029068514182e-06,1.723199415237e-03
6.35168242,0.001743810852,0.001739528496,4.282355637076e-06,2.455745491265e-03
6.35968202,0.001729916710,0.001724269474,5.647236090040e-06,3.264455482761e-03
6.36768162,0.001716133273,0.001724269474,8.136201164501e-06,4.741007759560e-03
6.37568122,0.001702459658,0.001709010452,6.550794389636e-06,3.847841185956e-03
6.38368082,0.001688894990,0.001693751431,4.856440510588e-06,2.875513598701e-03
6.39168042,0.001675438401,0.001678492409,3.054007583935e-06,1.822811021889e-03
6.39968002,0.001662089030,0.001663233387,1.144356749848e-06,6.885050855878e-04
6.40767962,0.001648846023,0.001647974365,8.716577128026e-07,5.286471270685e-04
6.41567922,0.001635708531,0.001632715343,2.993188331768e-06,1.829903234306e-03
6.42367882,0.001622675715,0.001617456321,5.219394387197e-06,3.216535711691e-03
6.43167842,0.001609746741,0.001617456321,7.709580038864e-06,4.789312407008e-03
6.43967802,0.001596920781,0.001602197299,5.276518529059e-06,3.304183020899e-03
6.44767762,0.001584197013,0.001586938277,2.741263763846e-06,1.730380590608e-03
6.45567722,0.001571574625,0.001571679255,1.046299872383e-07,6.657653130120e-05
6.46367682,0.001559052809,0.001556420233,2.632575044393e-06,1.688573363281e-03
6.47167642,0.001546630762,0.001556420233,9.789471886063e-06,6.329546863585e-03
6.47967602,0.001534307690,0.001541161212,6.853521920965e-06,4.466849750684e-03
6.48767562,0.001522082804,0.001525902190,3.819385558956e-06,2.509315228213e-03
6.49567522,0.001509955323,0.001510643168,6.878451186483e-07,4.555400469990e-04
6.50367482,0.001497924469,0.001510643168,1.271869858208e-05,8.490881111616e-03
6.51167442,0.001485989474,0.001495384146,9.394672057595e-06,6.322165952800e-03
6.51967402,0.001474149573,0.001464866102,9.283470687409e-06,6.297509329371e-03
6.52767362,0.001462404008,0.001449607080,1.279692817760e-05,8.750610709771e-03
6.53567322,0.001450752029,0.001449607080,1.144948768016e-06,7.892105233457e-04
6.54367282,0.001439192889,0.001434348058,4.844830595957e-06,3.366352511447e-03
6.55167242,0.001427725848,0.001434348058,6.622209846907e-06,4.638292326311e-03
6.55967202,0.001416350174,0.001419089036,2.738862588300e-06,1.933746780249e-03
6.56767162,0.001405065137,0.001419089036,1.402389939588e-05,9.980960331739e-03
6.57567122,0.001393870016,0.001403830014,9.959998650228e-06,7.145572066979e-03
6.58367082,0.001382764094,0.001388570993,5.806898667986e-06,4.199486154920e-03
6.59167042,0.001371746661,0.001373311971,1.565310160870e-06,1.141107323893e-03
6.59967002,0.001360817011,0.001358052949,2.764061822133e-06,2.031178182331e-03
6.60766962,0.001349974445,0.001358052949,8.078504047057e-06,5.984190351470e-03
6.61566922,0.001339218269,0.001342793927,3.575657833574e-06,2.669958972440e-03
6.62366882,0.001328547795,0.001327534905,1.012890235806e-06,7.624040621107e-04
6.63166842,0.001317962340,0.001312275883,5.686457315400e-06,4.314582549862e-03
6.63966802,0.001307461227,0.001312275883,4.814655896465e-06,3.682446405469e-03
6.64766762,0.001297043784,0.001297016861,2.692238597660e-08,2.075672873723e-05
6.65566722,0.001286709343,0.001281757839,4.951503612746e-06,3.848191232879e-03
6.66366682,0.001276457244,0.001281757839,5.300595454444e-06,4.152583629344e-03
6.67166642,0.001266286830,0.001266498817,2.119870944324e-07,1.674084333460e-04
6.67966602,0.001256197451,0.001266498817,1.030136594546e-05,8.200435316378e-03
6.68766562,0.001246188462,0.001251239796,5.051333873268e-06,4.053426932356e-03
6.69566522,0.001236259220,0.001235980774,2.784467107483e-07,2.252332732216e-04
6.70366482,0.001226409092,0.001220721752,5.687340395293e-06,4.637392556680e-03
6.71166442,0.001216637447,0.001220721752,4.084305064861e-06,3.357043691230e-03
6.71966402,0.001206943659,0.001205462730,1.480928797570e-06,1.227007397548e-03
6.72766362,0.001197327108,0.001190203708,7.123399742183e-06,5.949418247081e-03
6.73566322,0.001187787178,0.001190203708,2.416529528721e-06,2.034480227298e-03
6.74366282,0.001178323260,0.001174944686,3.378574280573e-06,2.867272839575e-03
6.75166242,0.001168934748,0.001174944686,6.009938256750e-06,5.141380447556e-03
6.75966202,0.001159621040,0.001159685664,6.462415522244e-08,5.572868462510e-05
6.76766162,0.001150381541,0.001144426642,5.954898667586e-06,5.176455337439e-03
6.77566122,0.001141215659,0.001144426642,3.210982956988e-06,2.813651329470e-03
6.78366082,0.001132122809,0.001129167620,2.955188203555e-06,2.610307098499e-03
6.79166042,0.001123102407,0.001113908598,9.193808365159e-06,8.186081971953e-03
6.79966002,0.001114153877,0.001113908598,2.452783800628e-07,2.201476700496e-04
6.80765962,0.001105276646,0.001098649577,6.627069389953e-06,5.995846754045e-03
6.81565922,0.001096470146,0.001098649577,2.179430487558e-06,1.987678821317e-03
6.82365882,0.001087733814,0.001083390555,4.343258978280e-06,3.992942872421e-03
6.83165842,0.001079067090,0.001083390555,4.323465078273e-06,4.006669390618e-03
6.83965802,0.001070469419,0.001068131533,2.337886518341e-06,2.183982537211e-03
6.84765762,0.001061940253,0.001068131533,6.191280224082e-06,5.830158720556e-03
6.85565722,0.001053479044,0.001052872511,6.065326728498e-07,5.757425138794e-04
6.86365682,0.001045085251,0.001052872511,7.787260050372e-06,7.451315616835e-03
6.87165642,0.001036758337,0.001037613489,8.551517522363e-07,8.248322888117e-04
6.87965602,0.001028497770,0.001037613489,9.115719098161e-06,8.863139391395e-03
6.88765562,0.001020303020,0.001022354467,2.051446921018e-06,2.010625157907e-03
6.89565522,0.001012173564,0.001022354467,1.018090342854e-05,1.005845617210e-02
6.90365482,0.001004108880,0.001007095445,2.986565063290e-06,2.974343841015e-03
6.91165442,0.000996108453,0.001007095445,1.098699170956e-05,1.102991513751e-02
6.91965402,0.000988171772,0.000991836423,3.664651552786e-06,3.708516735265e-03
6.92765362,0.000980298327,0.000991836423,1.153809628592e-05,1.176998467521e-02
6.93565322,0.000972487615,0.000976577401,4.089785968318e-06,4.205488999004e-03
6.94365282,0.000964739137,0.000976577401,1.183826423161e-05,1.227094846229e-02
6.95165242,0.000957052396,0.000961318379,4.265983138055e-06,4.457418584717e-03
6.95965202,0.000949426901,0.000961318379,1.189147838590e-05,1.252490146640e-02
6.96765162,0.000941862163,0.000946059358,4.197194167249e-06,4.456272191648e-03
6.97565122,0.000934357699,0.000946059358,1.170165837287e-05,1.252374586586e-02
6.98365082,0.000926913028,0.000930800336,3.887307449629e-06,4.193821136567e-03
6.99165042,0.000919527674,0.000930800336,1.127266160475e-05,1.225918688729e-02
6.99965002,0.000912201164,0.000915541314,3.340149662760e-06,3.661637141093e-03
7.00764962,0.000904933030,0.000915541314,1.060828426931e-05,1.172272855903e-02
7.01564922,0.000897722805,0.000900282292,2.559486747589e-06,2.851088033950e-03
7.02364882,0.000890570030,0.000885023270,5.546759595030e-06,6.228325017293e-03
7.03164842,0.000883474245,0.000885023270,1.549024872453e-06,1.753333366515e-03
7.03964802,0.000876434998,0.000869764248,6.670749556138e-06,7.611231379267e-03
7.04764762,0.000869451837,0.000869764248,3.124113817832e-07,3.593199399730e-04
7.05564722,0.000862524315,0.000854505226,8.019089227183e-06,9.297232650272e-03
7.06364682,0.000855651990,0.000854505226,1.146764270249e-06,1.340222757618e-03
7.07164642,0.000848834422,0.000839246204,9.588217753646e-06,1.129574567704e-02
7.07964602,0.000842071174,0.000839246204,2.824969600904e-06,3.354787206117e-03
7.08764562,0.000835361813,0.000823987182,1.137463079851e-05,1.361641221624e-02
7.09564522,0.000828705911,0.000823987182,4.718728194627e-06,5.694092601702e-03
7.10364482,0.000822103040,0.000823987182,1.884142251486e-06,2.291856567147e-03
7.11164442,0.000815552779,0.000808728161,6.824618813160e-06,8.368089700705e-03
7.11964402,0.000809054709,0.000808728161,3.265484181612e-07,4.036172270572e-04
7.12764362,0.000802608413,0.000808728161,6.119747376925e-06,7.624823359279e-03
7.13564322,0.000796213479,0.000793469139,2.744340800722e-06,3.446739940512e-03
7.14364282,0.000789869499,0.000793469139,3.599640079308e-06,4.557259250954e-03
7.15164242,0.000783576065,0.000778210117,5.365947800035e-06,6.848024133104e-03
7.15964202,0.000777332775,0.000778210117,8.773420962925e-07,1.128657024277e-03
7.16764162,0.000771139229,0.000778210117,7.070887404322e-06,9.169404350614e-03
7.17564122,0.000764995032,0.000762951095,2.043937423265e-06,2.671830975466e-03
7.18364082,0.000758899790,0.000762951095,4.051304598315e-06,5.338392038628e-03
7.19164042,0.000752853113,0.000762951095,1.009798163093e-05,1.341295061922e-02
7.19964002,0.000746854614,0.000747692073,8.374587285741e-07,1.121314259349e-03
7.20763962,0.000740903909,0.000747692073,6.788163552243e-06,9.162002610931e-03
7.21563922,0.000735000618,0.000732433051,2.567566882401e-06,3.493285338526e-03
7.22363882,0.000729144362,0.000732433051,3.288688992925e-06,4.510340015090e-03
7.23163842,0.000723334767,0.000732433051,9.098284046421e-06,1.257824794489e-02
7.23963802,0.000717571461,0.000717174029,3.974318397202e-07,5.538568091531e-04
7.24763762,0.000711854075,0.000717174029,5.319953944562e-06,7.473377100589e-03
7.25563722,0.000706182244,0.000717174029,1.099178538062e-05,1.556508320294e-02
7.26363682,0.000700555604,0.000701915007,1.359403534621e-06,1.940464864480e-03
7.27163642,0.000694973795,0.000701915007,6.941212270820e-06,9.987732373488e-03
7.27963602,0.000689436460,0.000686655985,2.780475002227e-06,4.032967738320e-03
7.28763562,0.000683943245,0.000686655985,2.712739864740e-06,3.966323057712e-03
7.29563522,0.000678493799,0.000686655985,8.162186507498e-06,1.202986161614e-02
7.30363482,0.000673087772,0.000671396963,1.690808239078e-06,2.512017466643e-03
7.31163442,0.000667724818,0.000671396963,3.672145371390e-06,5.499489118783e-03
7.31963402,0.000662404595,0.000671396963,8.992368638748e-06,1.357534157994e-02
7.32763362,0.000657126761,0.000656137942,9.888198716427e-07,1.504762748502e-03
7.33563322,0.000651890980,0.000656137942,4.246961382972e-06,6.514833786827e-03
7.34363282,0.000646696916,0.000640878920,5.817996332519e-06,8.996480713966e-03
7.35163242,0.000641544236,0.000640878920,6.653168360838e-07,1.037055277304e-03
7.35963202,0.000636432612,0.000625619898,1.081271418084e-05,1.698956649596e-02
7.36763162,0.000631361715,0.000625619898,5.741817460399e-06,9.094338984987e-03
7.37563122,0.000626331222,0.000625619898,7.113240647794e-07,1.135699514870e-03
7.38363082,0.000621340810,0.000625619898,4.279087927116e-06,6.886861219105e-03
7.39163042,0.000616390160,0.000610360876,6.029284025273e-06,9.781603305151e-03
7.39963002,0.000611478955,0.000610360876,1.118079316951e-06,1.828483723717e-03
7.40762962,0.000606606881,0.000610360876,3.753994442735e-06,6.188512787582e-03
7.41562922,0.000601773627,0.000610360876,8.587249036987e-06,1.426989926795e-02
7.42362882,0.000596978882,0.000595101854,1.877028131876e-06,3.144211944757e-03
7.43162842,0.000592222340,0.000595101854,2.879513564152e-06,4.862217055461e-03
7.43962802,0.000587503697,0.000595101854,7.598156618228e-06,1.293295114986e-02
7.44762762,0.000582822651,0.000579842832,2.979818901776e-06,5.112736947998e-03
7.45562722,0.000578178902,0.000579842832,1.663930356141e-06,2.877881484772e-03
7.46362682,0.000573572152,0.000564583810,8.988342229593e-06,1.567081350074e-02
7.47162642,0.000569002108,0.000564583810,4.418298061539e-06,7.764994184663e-03
7.47962602,0.000564468477,0.000564583810,1.153334187470e-07,2.043221605734e-04
7.48762562,0.000559970968,0.000549324788,1.064617956048e-05,1.901202057228e-02
7.49562522,0.000555509294,0.000549324788,6.184505392511e-06,1.113303676994e-02
7.50362482,0.000551083169,0.000549324788,1.758380453918e-06,3.190771472760e-03
7.51162442,0.000546692310,0.000549324788,2.632478500478e-06,4.815283576121e-03
7.51962402,0.000542336436,0.000534065766,8.270669437647e-06,1.525007152638e-02
7.52762362,0.000538015268,0.000534065766,3.949501725357e-06,7.340872944430e-03
7.53562322,0.000533728530,0.000534065766,3.372362692082e-07,6.318498078703e-04
7.54362282,0.000529475948,0.000534065766,4.589818871309e-06,8.668606936475e-03
7.55162242,0.000525257248,0.000518806744,6.450503676229e-06,1.228065619042e-02
7.55962202,0.000521072162,0.000518806744,2.265417608810e-06,4.347608207844e-03
7.56762162,0.000516920421,0.000518806744,1.886322997023e-06,3.649155495895e-03
7.57562122,0.000512801761,0.000518806744,6.004983827515e-06,1.171014666522e-02
7.58362082,0.000508715916,0.000503547723,5.168193444688e-06,1.015929182040e-02
7.59162042,0.000504662626,0.000503547723,1.114903556890e-06,2.209205713132e-03
7.59962002,0.000500641632,0.000503547723,2.906090980209e-06,5.804732960099e-03
7.60761962,0.000496652675,0.000503547723,6.895047485898e-06,1.388303704282e-02
7.61561922,0.000492695501,0.000488288701,4.406800667467e-06,8.944268123592e-03
7.62361882,0.000488769857,0.000488288701,4.811564513482e-07,9.844233319912e-04
7.63161842,0.000484875491,0.000488288701,3.413209455005e-06,7.039352404225e-03
7.63961802,0.000481012154,0.000488288701,7.276546267418e-06,1.512757255810e-02
7.64761762,0.000477179599,0.000473029679,4.149920680655e-06,8.696768858501e-03
7.65561722,0.000473377581,0.000473029679,3.479023355222e-07,7.349362314316e-04
7.66361682,0.000469605856,0.000473029679,3.423822712260e-06,7.290843305919e-03
7.67161642,0.000465864183,0.000473029679,7.165495830244e-06,1.538108335482e-02
7.67961602,0.000462152322,0.000457770657,4.381665433855e-06,9.480998411345e-03
7.68761562,0.000458470037,0.000457770657,6.993797500509e-07,1.525464466903e-03
7.69561522,0.000454817090,0.000457770657,2.953566628936e-06,6.493965798800e-03
7.70361482,0.000451193249,0.000442511635,8.681614427154e-06,1.924145460531e-02
7.71161442,0.000447598282,0.000442511635,5.086647221067e-06,1.136431354423e-02
7.71961402,0.000444031959,0.000442511635,1.520323593378e-06,3.423905788628e-03
7.72761362,0.000440494050,0.000442511635,2.017584679019e-06,4.580276799492e-03
7.73561322,0.000436984331,0.000427252613,9.731717895877e-06,2.227017585169e-02
7.74361282,0.000433502576,0.000427252613,6.249962923898e-06,1.441736051747e-02
7.75161242,0.000430048563,0.000427252613,2.795949490516e-06,6.501473865243e-03
7.75961202,0.000426622070,0.000427252613,6.305434402026e-07,1.477990673793e-03
7.76761162,0.000423222878,0.000411993591,1.122928675365e-05,2.653279711073e-02
7.77561122,0.000419850770,0.000411993591,7.857178751002e-06,1.871421779628e-02
7.78361082,0.000416505530,0.000411993591,4.511938654069e-06,1.083284213665e-02
7.79161042,0.000413186944,0.000411993591,1.193352387751e-06,2.888165771547e-03
7.79961002,0.000409894799,0.000411993591,2.098792417367e-06,5.120319710192e-03
7.80760962,0.000406628885,0.000411993591,5.364706438610e-06,1.319312680312e-02
7.81560922,0.000403388993,0.000411993591,8.604598674688e-06,2.133077211798e-02
7.82360882,0.000400174915,0.000411993591,1.181867645908e-05,2.953377641477e-02
7.83160842,0.000396986446,0.000396734569,2.518764234123e-07,6.344710911839e-04
7.83960802,0.000393823381,0.000396734569,2.911187863312e-06,7.392115350255e-03
7.84760762,0.000390685519,0.000396734569,6.049049839506e-06,1.548316878404e-02
7.85560722,0.000387572659,0.000396734569,9.161910309325e-06,2.363920698857e-02
7.86360682,0.000384484601,0.000381475547,3.009053419715e-06,7.826200095305e-03
7.87160642,0.000381421147,0.000381475547,5.440006279364e-08,1.426246635011e-04
7.87960602,0.000378382103,0.000381475547,3.093444902618e-06,8.175452491167e-03
7.88760562,0.000375367272,0.000381475547,6.108275580216e-06,1.627279744001e-02
7.89560522,0.000372376462,0.000366216526,6.159936870210e-06,1.654222941659e-02
7.90360482,0.000369409483,0.000366216526,3.192957261580e-06,8.643409036314e-03
7.91160442,0.000366466143,0.000366216526,2.496176218724e-07,6.811478401028e-04
7.91960402,0.000363546255,0.000366216526,2.670270404819e-06,7.345063708517e-03
7.92760362,0.000360649632,0.000350957504,9.692128223057e-06,2.687408322981e-02
7.93560322,0.000357776088,0.000350957504,6.818584345769e-06,1.905824501705e-02
7.94360282,0.000354925440,0.000350957504,3.967935970611e-06,1.117963247476e-02
7.95160242,0.000352097504,0.000350957504,1.140000673360e-06,3.237741419482e-03
7.95960202,0.000349292101,0.000350957504,1.665402516713e-06,4.767936381709e-03
7.96760162,0.000346509050,0.000350957504,4.448453128416e-06,1.283791324369e-02
7.97560122,0.000343748174,0.000350957504,7.209329260126e-06,2.097270559609e-02
7.98360082,0.000341009296,0.000350957504,9.948207591191e-06,2.917283401633e-02
7.99160042,0.000338292240,0.000350957504,1.266526339323e-05,3.743882326296e-02
7.99960002,0.000335596833,0.000350957504,1.536067054136e-05,4.577120230921e-02
