category,path,bytes,sha256
documentation,docs/rl/p2_environment_contract.md,1813,c1bd4be06d0f314f2806c6ca48767870ab208c707630f0c71a3d7bd97ab2c9ad
documentation,docs/rl/p2_exit_gate.md,1200,21552d73a649c8ddb44d45981277a2d367914968ca38a3eddee1958146a5f50e
documentation,docs/rl/p2_forced_fixed_gate.md,1788,4e791f5d1dd12d24ea710011ef4f08e18d3206a50e644826b7ad906c8d041cf7
documentation,docs/rl/p2_h2_boundary.md,1364,de356f3709a059f98e7ffc27c7383952beb9bc433f19fc0257973c3b4ce4271e
documentation,docs/rl/p2_hardware_coefficient_audit.md,2042,96c48917a48b84aa17eae254841c1eaf0f5791267be37ac738190c44123a3094
documentation,docs/rl/p2_mdp_contract.md,2586,3325af7465d7360b4f84fe919c8e8f688d8867b8af158858cb4af3b80bca54f0
documentation,docs/rl/p2_sensitivity_protocol.md,2500,c91de047a9659745abbfa552b1cbc5e6d618add85dafa22eca03ad8206fae556
documentation,docs/rl/p2_status.md,1625,9e44b54c7e8f7a9fa72da091736d9f5f2e3d687d120ad4ba49fe0606cb44c950
implementation_source,reference_model.py,63001,82d6935240a05b51ef989c4f55b0de26f630d74dcd52bbc88b352a1860db75e2
generated_evidence,results/rl/p2_contract/SHA256SUMS,91,17f2d822959d1896630e547edb6864bad6aae0a36070ffa8806080e6fd46b1c0
generated_evidence,results/rl/p2_contract/contract_validation.json,566,3b308947171316880c4bf3f9b6eb58449baee3dbe136194e96757a2aa42304a7
generated_evidence,results/rl/p2_environment/SHA256SUMS,256,84e3ec3481d7099fb01b88a235669bd9386086cdbe050c4525f9049d7d730be7
generated_evidence,results/rl/p2_environment/manual_step_log.csv,565,1f18e6486196cafc8f41b677f4d231ef50810e0d2a935516fa66c35677ebd6bf
generated_evidence,results/rl/p2_environment/manual_trace.json,14693,78c32e67363f4568c427c59553fdbfd49adfad548617e89ca616f67a2526bd48
generated_evidence,results/rl/p2_environment/trace_manifest.json,3792,25695d525f38ef4a95162edfe6213dcc8c88ade8999983c110d43b2b47dadfbd
generated_evidence,results/rl/p2_forced_fixed/SHA256SUMS,364,f8085a8d2a0758cae7514f8180b884a1d4e31ee3791a822234a1ba8e3c505a59
generated_evidence,results/rl/p2_forced_fixed/forced_balanced_manual.csv,511,8a33b950bb29bee8e69adc2eddc5f4f68ddafbe96e696b48b83c2e2ad985f55f
generated_evidence,results/rl/p2_forced_fixed/forced_balanced_trace_summary.csv,2951,381e6969ebc414d4674eafdd4e2ddaa9d87d9fceb3e9975a1efd3968ca950ddc
generated_evidence,results/rl/p2_forced_fixed/h2_regression.json,628,853bc5f5b67a9e65b5f237c54b1a507a1a1b19c5d494cc705e6a13e93cc22cb0
generated_evidence,results/rl/p2_forced_fixed/replay_summary.json,580,5c945ff9b84f9ec6dcc952fb11d6a07ef25e17da3d43449666872684ed6dc6bd
generated_evidence,results/rl/p2_hardware_audit/SHA256SUMS,275,02b52ea391b43af4e346ea8358c667c73c891e95dd30d8bdcafef5888410b780
generated_evidence,results/rl/p2_hardware_audit/hardware_audit_summary.json,726,25c8b30d1f41fb9f3aced24d1b93c7cfc88cb830bfb2b7495a4660ee1b660f2b
generated_evidence,results/rl/p2_hardware_audit/profile_encoding_audit.csv,801,35b35c9aef43b36b99c9587e0f4af53617d55a53f6cd9fa6dc74b5248bc89a21
generated_evidence,results/rl/p2_hardware_audit/route_equivalence.csv,2448,0fa72b67d8ed7bb9c4c71f9f8c379d07f7b7915e8a71eb8b14a134c456a77f64
generated_evidence,results/rl/p2_sensitivity/SHA256SUMS,272,33b88a674542b2ff9bf7df2d4142973cef76751f598845f8c62e528700b41ec2
generated_evidence,results/rl/p2_sensitivity/candidate_ranking.csv,15094,c347029bd9c8791bc6fedefc1f8f9877c7500e703eb9407003c8ed856a0cc5a4
generated_evidence,results/rl/p2_sensitivity/selected_scenario_matrix.csv,1837,dd0ca101e9415b994f29f92d1b867037032f7496bfbcbc0807f00a0d98653af6
generated_evidence,results/rl/p2_sensitivity/selection_summary.json,1371,f39120aa95de7dcf40a6bf39557057cca6457c1da936e76bd50347fbad265855
implementation_source,rl/__init__.py,44,f4f208bb88278e7919013be74b0625154a77f94faee07c5def7509fe64ace545
frozen_configuration,rl/config/mdp_v0.yaml,3903,799cb37a8fd1c819def69801a8d03c762b922a478d717f4991eff91fc02fd078
frozen_configuration,rl/config/profile_codebook_v0.json,2135,a6faf2b8fdb760213fa92ad0f43fa8a3ce812b50e9210a75afac6f5150dd3fa1
implementation_source,rl/forced_fixed_regression.py,8324,e388cbae97ee8570a2e1ab7ccccc18844149dd6275b52f778689967d2bd71867
implementation_source,rl/h2_profile_adapter.py,1524,99ed5e06787a240146f9b18866919e72cbde7886813235e48980705cc0977689
implementation_source,rl/hardware_profile_audit.py,12355,e655e7531d1288f848ba3c0c2513bedbd6359dd9ef57f6d32d7a7545ac37bcbf
implementation_source,rl/mdp_contract.py,9136,ae95ef87bd021f2355529f92ac97dc76da6bbc498538b5680d306fb1220b87bf
implementation_source,rl/p2_exit_gate.py,14031,9bf75838aab8c42f6a5a4c221805228777075f97250e3e8ec7605e75aaf35a46
implementation_source,rl/profile_codebook.py,3123,da3c31cc7386fb94d8f3dd47a92a16030dc107ec93b9ea243223361beed1221f
implementation_source,rl/ring6_environment.py,14902,c10a07078c52dbd43f25adc83858b3be6e81fe5b2ad2d1cc0da0e0113300ef30
implementation_source,rl/route_selector.py,3557,3179532fe2f42eacca93a982caff1ecc4642545614ce2f595a3fb8f7053d1e71
implementation_source,rl/sensitivity_sweep.py,15230,87f2b9a15b052f65824894d3bd409e65d84f65a62d299f24f159810dc2177a9d
implementation_source,rl/trace_generator.py,6115,7f7c848d518eba4a36df9f3dfd0db37f6e4deb9930f10fcb5920a95d3aebaaf1
test_source,sim/rl/test_p2_environment.py,4507,7997bb79e3e5cd2b95e7d474a74e4d5c52bfcc39e9fc3873b2ff0911f7fdcc05
test_source,sim/rl/test_p2_exit_gate.py,4153,38f2eb6fd88a112e0a88896b0c7da0affb06bf6aa651d441c740f49b28a0787b
test_source,sim/rl/test_p2_forced_fixed.py,8114,fa63835c6210d7a743692ffa8749fe7491c829dd1b4cbeebb33f7eb64302f0a5
test_source,sim/rl/test_p2_hardware_profile_audit.py,4056,5545866fdeab8134a9077b2578cbee099c47ec78a1d15ee9e076479e79f27a55
test_source,sim/rl/test_p2_mdp_contract.py,5523,46c5536e9dc0c76c67265190fa97270493e78943f28ea86c9782ae30d0ccc2b6
test_source,sim/rl/test_p2_profile_adapter.py,2565,bd716a87021a3f967666df3ee1baf0e141cdc953b2c4e3d68bacdb7cde92c933
test_source,sim/rl/test_p2_sensitivity.py,3056,407cd33c3c7839937592236e9348aabdb9fac1bee8509d5dbb69b13dfc08e24b
implementation_source,tools/reference_model.py,63001,82d6935240a05b51ef989c4f55b0de26f630d74dcd52bbc88b352a1860db75e2
