row_index,test_id,field,golden,physical,match
0,0,test_id,0,0,PASS
0,0,policy_id,0,0,PASS
0,0,state_id,0,0,PASS
0,0,profile_id,0,0,PASS
0,0,selected_path,0,0,PASS
0,0,score,0,0,PASS
0,0,bottleneck_fidelity,62000,62000,PASS
0,0,cycles,2,2,PASS
0,0,status,0,0,PASS
1,1,test_id,1,1,PASS
1,1,policy_id,0,0,PASS
1,1,state_id,0,0,PASS
1,1,profile_id,0,0,PASS
1,1,selected_path,1,1,PASS
1,1,score,0,0,PASS
1,1,bottleneck_fidelity,62000,62000,PASS
1,1,cycles,2,2,PASS
1,1,status,0,0,PASS
2,2,test_id,2,2,PASS
2,2,policy_id,0,0,PASS
2,2,state_id,0,0,PASS
2,2,profile_id,0,0,PASS
2,2,selected_path,1,1,PASS
2,2,score,0,0,PASS
2,2,bottleneck_fidelity,62000,62000,PASS
2,2,cycles,2,2,PASS
2,2,status,0,0,PASS
3,3,test_id,3,3,PASS
3,3,policy_id,0,0,PASS
3,3,state_id,0,0,PASS
3,3,profile_id,0,0,PASS
3,3,selected_path,255,255,PASS
3,3,score,0,0,PASS
3,3,bottleneck_fidelity,0,0,PASS
3,3,cycles,2,2,PASS
3,3,status,1,1,PASS
4,4,test_id,4,4,PASS
4,4,policy_id,0,0,PASS
4,4,state_id,0,0,PASS
4,4,profile_id,0,0,PASS
4,4,selected_path,255,255,PASS
4,4,score,0,0,PASS
4,4,bottleneck_fidelity,0,0,PASS
4,4,cycles,1,1,PASS
4,4,status,2,2,PASS
5,5,test_id,5,5,PASS
5,5,policy_id,0,0,PASS
5,5,state_id,0,0,PASS
5,5,profile_id,0,0,PASS
5,5,selected_path,0,0,PASS
5,5,score,0,0,PASS
5,5,bottleneck_fidelity,62000,62000,PASS
5,5,cycles,2,2,PASS
5,5,status,0,0,PASS
6,6,test_id,6,6,PASS
6,6,policy_id,0,0,PASS
6,6,state_id,80,80,PASS
6,6,profile_id,0,0,PASS
6,6,selected_path,0,0,PASS
6,6,score,0,0,PASS
6,6,bottleneck_fidelity,62000,62000,PASS
6,6,cycles,2,2,PASS
6,6,status,0,0,PASS
7,7,test_id,7,7,PASS
7,7,policy_id,0,0,PASS
7,7,state_id,98,98,PASS
7,7,profile_id,0,0,PASS
7,7,selected_path,0,0,PASS
7,7,score,0,0,PASS
7,7,bottleneck_fidelity,62000,62000,PASS
7,7,cycles,2,2,PASS
7,7,status,0,0,PASS
8,8,test_id,8,8,PASS
8,8,policy_id,0,0,PASS
8,8,state_id,173,173,PASS
8,8,profile_id,0,0,PASS
8,8,selected_path,0,0,PASS
8,8,score,0,0,PASS
8,8,bottleneck_fidelity,62000,62000,PASS
8,8,cycles,2,2,PASS
8,8,status,0,0,PASS
9,9,test_id,9,9,PASS
9,9,policy_id,0,0,PASS
9,9,state_id,164,164,PASS
9,9,profile_id,0,0,PASS
9,9,selected_path,0,0,PASS
9,9,score,0,0,PASS
9,9,bottleneck_fidelity,62000,62000,PASS
9,9,cycles,2,2,PASS
9,9,status,0,0,PASS
10,10,test_id,10,10,PASS
10,10,policy_id,0,0,PASS
10,10,state_id,0,0,PASS
10,10,profile_id,0,0,PASS
10,10,selected_path,0,0,PASS
10,10,score,0,0,PASS
10,10,bottleneck_fidelity,62000,62000,PASS
10,10,cycles,2,2,PASS
10,10,status,0,0,PASS
11,11,test_id,11,11,PASS
11,11,policy_id,0,0,PASS
11,11,state_id,25,25,PASS
11,11,profile_id,0,0,PASS
11,11,selected_path,0,0,PASS
11,11,score,0,0,PASS
11,11,bottleneck_fidelity,62000,62000,PASS
11,11,cycles,2,2,PASS
11,11,status,0,0,PASS
12,12,test_id,12,12,PASS
12,12,policy_id,0,0,PASS
12,12,state_id,25,25,PASS
12,12,profile_id,0,0,PASS
12,12,selected_path,0,0,PASS
12,12,score,0,0,PASS
12,12,bottleneck_fidelity,62000,62000,PASS
12,12,cycles,2,2,PASS
12,12,status,0,0,PASS
13,13,test_id,13,13,PASS
13,13,policy_id,0,0,PASS
13,13,state_id,25,25,PASS
13,13,profile_id,0,0,PASS
13,13,selected_path,0,0,PASS
13,13,score,0,0,PASS
13,13,bottleneck_fidelity,62000,62000,PASS
13,13,cycles,2,2,PASS
13,13,status,0,0,PASS
14,14,test_id,14,14,PASS
14,14,policy_id,0,0,PASS
14,14,state_id,17,17,PASS
14,14,profile_id,0,0,PASS
14,14,selected_path,0,0,PASS
14,14,score,0,0,PASS
14,14,bottleneck_fidelity,62000,62000,PASS
14,14,cycles,2,2,PASS
14,14,status,0,0,PASS
15,15,test_id,15,15,PASS
15,15,policy_id,0,0,PASS
15,15,state_id,17,17,PASS
15,15,profile_id,0,0,PASS
15,15,selected_path,0,0,PASS
15,15,score,0,0,PASS
15,15,bottleneck_fidelity,62000,62000,PASS
15,15,cycles,2,2,PASS
15,15,status,0,0,PASS
16,16,test_id,16,16,PASS
16,16,policy_id,0,0,PASS
16,16,state_id,17,17,PASS
16,16,profile_id,0,0,PASS
16,16,selected_path,0,0,PASS
16,16,score,0,0,PASS
16,16,bottleneck_fidelity,62000,62000,PASS
16,16,cycles,2,2,PASS
16,16,status,0,0,PASS
17,17,test_id,17,17,PASS
17,17,policy_id,0,0,PASS
17,17,state_id,104,104,PASS
17,17,profile_id,0,0,PASS
17,17,selected_path,0,0,PASS
17,17,score,0,0,PASS
17,17,bottleneck_fidelity,62000,62000,PASS
17,17,cycles,2,2,PASS
17,17,status,0,0,PASS
18,18,test_id,18,18,PASS
18,18,policy_id,0,0,PASS
18,18,state_id,104,104,PASS
18,18,profile_id,0,0,PASS
18,18,selected_path,0,0,PASS
18,18,score,0,0,PASS
18,18,bottleneck_fidelity,62000,62000,PASS
18,18,cycles,2,2,PASS
18,18,status,0,0,PASS
19,19,test_id,19,19,PASS
19,19,policy_id,0,0,PASS
19,19,state_id,104,104,PASS
19,19,profile_id,0,0,PASS
19,19,selected_path,0,0,PASS
19,19,score,0,0,PASS
19,19,bottleneck_fidelity,62000,62000,PASS
19,19,cycles,2,2,PASS
19,19,status,0,0,PASS
20,1000,test_id,1000,1000,PASS
20,1000,policy_id,0,0,PASS
20,1000,state_id,40,40,PASS
20,1000,profile_id,0,0,PASS
20,1000,selected_path,0,0,PASS
20,1000,score,0,0,PASS
20,1000,bottleneck_fidelity,61286,61286,PASS
20,1000,cycles,2,2,PASS
20,1000,status,0,0,PASS
21,1001,test_id,1001,1001,PASS
21,1001,policy_id,0,0,PASS
21,1001,state_id,36,36,PASS
21,1001,profile_id,0,0,PASS
21,1001,selected_path,0,0,PASS
21,1001,score,0,0,PASS
21,1001,bottleneck_fidelity,62212,62212,PASS
21,1001,cycles,2,2,PASS
21,1001,status,0,0,PASS
22,1002,test_id,1002,1002,PASS
22,1002,policy_id,0,0,PASS
22,1002,state_id,100,100,PASS
22,1002,profile_id,0,0,PASS
22,1002,selected_path,1,1,PASS
22,1002,score,0,0,PASS
22,1002,bottleneck_fidelity,61275,61275,PASS
22,1002,cycles,2,2,PASS
22,1002,status,0,0,PASS
23,1003,test_id,1003,1003,PASS
23,1003,policy_id,0,0,PASS
23,1003,state_id,100,100,PASS
23,1003,profile_id,0,0,PASS
23,1003,selected_path,0,0,PASS
23,1003,score,0,0,PASS
23,1003,bottleneck_fidelity,61520,61520,PASS
23,1003,cycles,2,2,PASS
23,1003,status,0,0,PASS
24,1004,test_id,1004,1004,PASS
24,1004,policy_id,0,0,PASS
24,1004,state_id,54,54,PASS
24,1004,profile_id,0,0,PASS
24,1004,selected_path,0,0,PASS
24,1004,score,0,0,PASS
24,1004,bottleneck_fidelity,62449,62449,PASS
24,1004,cycles,2,2,PASS
24,1004,status,0,0,PASS
25,1005,test_id,1005,1005,PASS
25,1005,policy_id,0,0,PASS
25,1005,state_id,117,117,PASS
25,1005,profile_id,0,0,PASS
25,1005,selected_path,0,0,PASS
25,1005,score,0,0,PASS
25,1005,bottleneck_fidelity,63702,63702,PASS
25,1005,cycles,2,2,PASS
25,1005,status,0,0,PASS
26,1006,test_id,1006,1006,PASS
26,1006,policy_id,0,0,PASS
26,1006,state_id,37,37,PASS
26,1006,profile_id,0,0,PASS
26,1006,selected_path,0,0,PASS
26,1006,score,0,0,PASS
26,1006,bottleneck_fidelity,63058,63058,PASS
26,1006,cycles,2,2,PASS
26,1006,status,0,0,PASS
27,1007,test_id,1007,1007,PASS
27,1007,policy_id,0,0,PASS
27,1007,state_id,166,166,PASS
27,1007,profile_id,0,0,PASS
27,1007,selected_path,255,255,PASS
27,1007,score,0,0,PASS
27,1007,bottleneck_fidelity,0,0,PASS
27,1007,cycles,2,2,PASS
27,1007,status,1,1,PASS
28,1008,test_id,1008,1008,PASS
28,1008,policy_id,0,0,PASS
28,1008,state_id,37,37,PASS
28,1008,profile_id,0,0,PASS
28,1008,selected_path,0,0,PASS
28,1008,score,0,0,PASS
28,1008,bottleneck_fidelity,62463,62463,PASS
28,1008,cycles,2,2,PASS
28,1008,status,0,0,PASS
29,1009,test_id,1009,1009,PASS
29,1009,policy_id,0,0,PASS
29,1009,state_id,57,57,PASS
29,1009,profile_id,0,0,PASS
29,1009,selected_path,1,1,PASS
29,1009,score,0,0,PASS
29,1009,bottleneck_fidelity,64393,64393,PASS
29,1009,cycles,2,2,PASS
29,1009,status,0,0,PASS
30,1010,test_id,1010,1010,PASS
30,1010,policy_id,0,0,PASS
30,1010,state_id,85,85,PASS
30,1010,profile_id,0,0,PASS
30,1010,selected_path,0,0,PASS
30,1010,score,0,0,PASS
30,1010,bottleneck_fidelity,60475,60475,PASS
30,1010,cycles,2,2,PASS
30,1010,status,0,0,PASS
31,1011,test_id,1011,1011,PASS
31,1011,policy_id,0,0,PASS
31,1011,state_id,166,166,PASS
31,1011,profile_id,0,0,PASS
31,1011,selected_path,1,1,PASS
31,1011,score,0,0,PASS
31,1011,bottleneck_fidelity,63744,63744,PASS
31,1011,cycles,2,2,PASS
31,1011,status,0,0,PASS
32,1012,test_id,1012,1012,PASS
32,1012,policy_id,0,0,PASS
32,1012,state_id,38,38,PASS
32,1012,profile_id,0,0,PASS
32,1012,selected_path,1,1,PASS
32,1012,score,0,0,PASS
32,1012,bottleneck_fidelity,62094,62094,PASS
32,1012,cycles,2,2,PASS
32,1012,status,0,0,PASS
33,1013,test_id,1013,1013,PASS
33,1013,policy_id,0,0,PASS
33,1013,state_id,101,101,PASS
33,1013,profile_id,0,0,PASS
33,1013,selected_path,0,0,PASS
33,1013,score,0,0,PASS
33,1013,bottleneck_fidelity,62457,62457,PASS
33,1013,cycles,2,2,PASS
33,1013,status,0,0,PASS
34,1014,test_id,1014,1014,PASS
34,1014,policy_id,0,0,PASS
34,1014,state_id,85,85,PASS
34,1014,profile_id,0,0,PASS
34,1014,selected_path,1,1,PASS
34,1014,score,0,0,PASS
34,1014,bottleneck_fidelity,60269,60269,PASS
34,1014,cycles,2,2,PASS
34,1014,status,0,0,PASS
35,1015,test_id,1015,1015,PASS
35,1015,policy_id,0,0,PASS
35,1015,state_id,0,0,PASS
35,1015,profile_id,0,0,PASS
35,1015,selected_path,255,255,PASS
35,1015,score,0,0,PASS
35,1015,bottleneck_fidelity,0,0,PASS
35,1015,cycles,1,1,PASS
35,1015,status,2,2,PASS
36,1016,test_id,1016,1016,PASS
36,1016,policy_id,0,0,PASS
36,1016,state_id,133,133,PASS
36,1016,profile_id,0,0,PASS
36,1016,selected_path,0,0,PASS
36,1016,score,0,0,PASS
36,1016,bottleneck_fidelity,59981,59981,PASS
36,1016,cycles,2,2,PASS
36,1016,status,0,0,PASS
37,1017,test_id,1017,1017,PASS
37,1017,policy_id,0,0,PASS
37,1017,state_id,138,138,PASS
37,1017,profile_id,0,0,PASS
37,1017,selected_path,1,1,PASS
37,1017,score,0,0,PASS
37,1017,bottleneck_fidelity,59847,59847,PASS
37,1017,cycles,2,2,PASS
37,1017,status,0,0,PASS
38,1018,test_id,1018,1018,PASS
38,1018,policy_id,0,0,PASS
38,1018,state_id,154,154,PASS
38,1018,profile_id,0,0,PASS
38,1018,selected_path,1,1,PASS
38,1018,score,0,0,PASS
38,1018,bottleneck_fidelity,59232,59232,PASS
38,1018,cycles,2,2,PASS
38,1018,status,0,0,PASS
39,1019,test_id,1019,1019,PASS
39,1019,policy_id,0,0,PASS
39,1019,state_id,182,182,PASS
39,1019,profile_id,0,0,PASS
39,1019,selected_path,0,0,PASS
39,1019,score,0,0,PASS
39,1019,bottleneck_fidelity,65080,65080,PASS
39,1019,cycles,2,2,PASS
39,1019,status,0,0,PASS
40,1020,test_id,1020,1020,PASS
40,1020,policy_id,0,0,PASS
40,1020,state_id,134,134,PASS
40,1020,profile_id,0,0,PASS
40,1020,selected_path,1,1,PASS
40,1020,score,0,0,PASS
40,1020,bottleneck_fidelity,59499,59499,PASS
40,1020,cycles,2,2,PASS
40,1020,status,0,0,PASS
41,1021,test_id,1021,1021,PASS
41,1021,policy_id,0,0,PASS
41,1021,state_id,148,148,PASS
41,1021,profile_id,0,0,PASS
41,1021,selected_path,0,0,PASS
41,1021,score,0,0,PASS
41,1021,bottleneck_fidelity,61252,61252,PASS
41,1021,cycles,2,2,PASS
41,1021,status,0,0,PASS
42,1022,test_id,1022,1022,PASS
42,1022,policy_id,0,0,PASS
42,1022,state_id,164,164,PASS
42,1022,profile_id,0,0,PASS
42,1022,selected_path,1,1,PASS
42,1022,score,0,0,PASS
42,1022,bottleneck_fidelity,62213,62213,PASS
42,1022,cycles,2,2,PASS
42,1022,status,0,0,PASS
43,1023,test_id,1023,1023,PASS
43,1023,policy_id,0,0,PASS
43,1023,state_id,181,181,PASS
43,1023,profile_id,0,0,PASS
43,1023,selected_path,255,255,PASS
43,1023,score,0,0,PASS
43,1023,bottleneck_fidelity,0,0,PASS
43,1023,cycles,2,2,PASS
43,1023,status,1,1,PASS
44,1024,test_id,1024,1024,PASS
44,1024,policy_id,0,0,PASS
44,1024,state_id,133,133,PASS
44,1024,profile_id,0,0,PASS
44,1024,selected_path,1,1,PASS
44,1024,score,0,0,PASS
44,1024,bottleneck_fidelity,59372,59372,PASS
44,1024,cycles,2,2,PASS
44,1024,status,0,0,PASS
45,1025,test_id,1025,1025,PASS
45,1025,policy_id,0,0,PASS
45,1025,state_id,150,150,PASS
45,1025,profile_id,0,0,PASS
45,1025,selected_path,0,0,PASS
45,1025,score,0,0,PASS
45,1025,bottleneck_fidelity,58982,58982,PASS
45,1025,cycles,2,2,PASS
45,1025,status,0,0,PASS
46,1026,test_id,1026,1026,PASS
46,1026,policy_id,0,0,PASS
46,1026,state_id,168,168,PASS
46,1026,profile_id,0,0,PASS
46,1026,selected_path,0,0,PASS
46,1026,score,0,0,PASS
46,1026,bottleneck_fidelity,62312,62312,PASS
46,1026,cycles,2,2,PASS
46,1026,status,0,0,PASS
47,1027,test_id,1027,1027,PASS
47,1027,policy_id,0,0,PASS
47,1027,state_id,185,185,PASS
47,1027,profile_id,0,0,PASS
47,1027,selected_path,1,1,PASS
47,1027,score,0,0,PASS
47,1027,bottleneck_fidelity,63446,63446,PASS
47,1027,cycles,2,2,PASS
47,1027,status,0,0,PASS
48,1028,test_id,1028,1028,PASS
48,1028,policy_id,0,0,PASS
48,1028,state_id,70,70,PASS
48,1028,profile_id,0,0,PASS
48,1028,selected_path,1,1,PASS
48,1028,score,0,0,PASS
48,1028,bottleneck_fidelity,58982,58982,PASS
48,1028,cycles,2,2,PASS
48,1028,status,0,0,PASS
49,1029,test_id,1029,1029,PASS
49,1029,policy_id,0,0,PASS
49,1029,state_id,89,89,PASS
49,1029,profile_id,0,0,PASS
49,1029,selected_path,0,0,PASS
49,1029,score,0,0,PASS
49,1029,bottleneck_fidelity,59515,59515,PASS
49,1029,cycles,2,2,PASS
49,1029,status,0,0,PASS
50,1030,test_id,1030,1030,PASS
50,1030,policy_id,0,0,PASS
50,1030,state_id,166,166,PASS
50,1030,profile_id,0,0,PASS
50,1030,selected_path,0,0,PASS
50,1030,score,0,0,PASS
50,1030,bottleneck_fidelity,62328,62328,PASS
50,1030,cycles,2,2,PASS
50,1030,status,0,0,PASS
51,1031,test_id,1031,1031,PASS
51,1031,policy_id,0,0,PASS
51,1031,state_id,180,180,PASS
51,1031,profile_id,0,0,PASS
51,1031,selected_path,1,1,PASS
51,1031,score,0,0,PASS
51,1031,bottleneck_fidelity,61982,61982,PASS
51,1031,cycles,2,2,PASS
51,1031,status,0,0,PASS
52,1032,test_id,1032,1032,PASS
52,1032,policy_id,0,0,PASS
52,1032,state_id,160,160,PASS
52,1032,profile_id,0,0,PASS
52,1032,selected_path,0,0,PASS
52,1032,score,0,0,PASS
52,1032,bottleneck_fidelity,60167,60167,PASS
52,1032,cycles,2,2,PASS
52,1032,status,0,0,PASS
53,1033,test_id,1033,1033,PASS
53,1033,policy_id,0,0,PASS
53,1033,state_id,165,165,PASS
53,1033,profile_id,0,0,PASS
53,1033,selected_path,0,0,PASS
53,1033,score,0,0,PASS
53,1033,bottleneck_fidelity,62473,62473,PASS
53,1033,cycles,2,2,PASS
53,1033,status,0,0,PASS
54,1034,test_id,1034,1034,PASS
54,1034,policy_id,0,0,PASS
54,1034,state_id,186,186,PASS
54,1034,profile_id,0,0,PASS
54,1034,selected_path,0,0,PASS
54,1034,score,0,0,PASS
54,1034,bottleneck_fidelity,62513,62513,PASS
54,1034,cycles,2,2,PASS
54,1034,status,0,0,PASS
55,1035,test_id,1035,1035,PASS
55,1035,policy_id,0,0,PASS
55,1035,state_id,191,191,PASS
55,1035,profile_id,0,0,PASS
55,1035,selected_path,0,0,PASS
55,1035,score,0,0,PASS
55,1035,bottleneck_fidelity,65242,65242,PASS
55,1035,cycles,2,2,PASS
55,1035,status,0,0,PASS
56,1036,test_id,1036,1036,PASS
56,1036,policy_id,0,0,PASS
56,1036,state_id,160,160,PASS
56,1036,profile_id,0,0,PASS
56,1036,selected_path,1,1,PASS
56,1036,score,0,0,PASS
56,1036,bottleneck_fidelity,62141,62141,PASS
56,1036,cycles,2,2,PASS
56,1036,status,0,0,PASS
57,1037,test_id,1037,1037,PASS
57,1037,policy_id,0,0,PASS
57,1037,state_id,165,165,PASS
57,1037,profile_id,0,0,PASS
57,1037,selected_path,0,0,PASS
57,1037,score,0,0,PASS
57,1037,bottleneck_fidelity,60264,60264,PASS
57,1037,cycles,2,2,PASS
57,1037,status,0,0,PASS
58,1038,test_id,1038,1038,PASS
58,1038,policy_id,0,0,PASS
58,1038,state_id,106,106,PASS
58,1038,profile_id,0,0,PASS
58,1038,selected_path,0,0,PASS
58,1038,score,0,0,PASS
58,1038,bottleneck_fidelity,62659,62659,PASS
58,1038,cycles,2,2,PASS
58,1038,status,0,0,PASS
59,1039,test_id,1039,1039,PASS
59,1039,policy_id,0,0,PASS
59,1039,state_id,111,111,PASS
59,1039,profile_id,0,0,PASS
59,1039,selected_path,255,255,PASS
59,1039,score,0,0,PASS
59,1039,bottleneck_fidelity,0,0,PASS
59,1039,cycles,2,2,PASS
59,1039,status,1,1,PASS
60,1040,test_id,1040,1040,PASS
60,1040,policy_id,0,0,PASS
60,1040,state_id,176,176,PASS
60,1040,profile_id,0,0,PASS
60,1040,selected_path,1,1,PASS
60,1040,score,0,0,PASS
60,1040,bottleneck_fidelity,62742,62742,PASS
60,1040,cycles,2,2,PASS
60,1040,status,0,0,PASS
61,1041,test_id,1041,1041,PASS
61,1041,policy_id,0,0,PASS
61,1041,state_id,165,165,PASS
61,1041,profile_id,0,0,PASS
61,1041,selected_path,1,1,PASS
61,1041,score,0,0,PASS
61,1041,bottleneck_fidelity,63101,63101,PASS
61,1041,cycles,2,2,PASS
61,1041,status,0,0,PASS
62,1042,test_id,1042,1042,PASS
62,1042,policy_id,0,0,PASS
62,1042,state_id,186,186,PASS
62,1042,profile_id,0,0,PASS
62,1042,selected_path,1,1,PASS
62,1042,score,0,0,PASS
62,1042,bottleneck_fidelity,62923,62923,PASS
62,1042,cycles,2,2,PASS
62,1042,status,0,0,PASS
63,1043,test_id,1043,1043,PASS
63,1043,policy_id,0,0,PASS
63,1043,state_id,175,175,PASS
63,1043,profile_id,0,0,PASS
63,1043,selected_path,1,1,PASS
63,1043,score,0,0,PASS
63,1043,bottleneck_fidelity,60556,60556,PASS
63,1043,cycles,2,2,PASS
63,1043,status,0,0,PASS
64,1044,test_id,1044,1044,PASS
64,1044,policy_id,0,0,PASS
64,1044,state_id,144,144,PASS
64,1044,profile_id,0,0,PASS
64,1044,selected_path,0,0,PASS
64,1044,score,0,0,PASS
64,1044,bottleneck_fidelity,60662,60662,PASS
64,1044,cycles,2,2,PASS
64,1044,status,0,0,PASS
65,1045,test_id,1045,1045,PASS
65,1045,policy_id,0,0,PASS
65,1045,state_id,181,181,PASS
65,1045,profile_id,0,0,PASS
65,1045,selected_path,1,1,PASS
65,1045,score,0,0,PASS
65,1045,bottleneck_fidelity,62691,62691,PASS
65,1045,cycles,2,2,PASS
65,1045,status,0,0,PASS
66,1046,test_id,1046,1046,PASS
66,1046,policy_id,0,0,PASS
66,1046,state_id,170,170,PASS
66,1046,profile_id,0,0,PASS
66,1046,selected_path,0,0,PASS
66,1046,score,0,0,PASS
66,1046,bottleneck_fidelity,60356,60356,PASS
66,1046,cycles,2,2,PASS
66,1046,status,0,0,PASS
67,1047,test_id,1047,1047,PASS
67,1047,policy_id,0,0,PASS
67,1047,state_id,0,0,PASS
67,1047,profile_id,0,0,PASS
67,1047,selected_path,255,255,PASS
67,1047,score,0,0,PASS
67,1047,bottleneck_fidelity,0,0,PASS
67,1047,cycles,1,1,PASS
67,1047,status,2,2,PASS
68,1048,test_id,1048,1048,PASS
68,1048,policy_id,0,0,PASS
68,1048,state_id,27,27,PASS
68,1048,profile_id,0,0,PASS
68,1048,selected_path,1,1,PASS
68,1048,score,0,0,PASS
68,1048,bottleneck_fidelity,60865,60865,PASS
68,1048,cycles,2,2,PASS
68,1048,status,0,0,PASS
69,1049,test_id,1049,1049,PASS
69,1049,policy_id,0,0,PASS
69,1049,state_id,197,197,PASS
69,1049,profile_id,0,0,PASS
69,1049,selected_path,1,1,PASS
69,1049,score,0,0,PASS
69,1049,bottleneck_fidelity,58982,58982,PASS
69,1049,cycles,2,2,PASS
69,1049,status,0,0,PASS
70,1050,test_id,1050,1050,PASS
70,1050,policy_id,0,0,PASS
70,1050,state_id,91,91,PASS
70,1050,profile_id,0,0,PASS
70,1050,selected_path,1,1,PASS
70,1050,score,0,0,PASS
70,1050,bottleneck_fidelity,58982,58982,PASS
70,1050,cycles,2,2,PASS
70,1050,status,0,0,PASS
71,1051,test_id,1051,1051,PASS
71,1051,policy_id,0,0,PASS
71,1051,state_id,16,16,PASS
71,1051,profile_id,0,0,PASS
71,1051,selected_path,0,0,PASS
71,1051,score,0,0,PASS
71,1051,bottleneck_fidelity,60768,60768,PASS
71,1051,cycles,2,2,PASS
71,1051,status,0,0,PASS
72,1052,test_id,1052,1052,PASS
72,1052,policy_id,0,0,PASS
72,1052,state_id,177,177,PASS
72,1052,profile_id,0,0,PASS
72,1052,selected_path,1,1,PASS
72,1052,score,0,0,PASS
72,1052,bottleneck_fidelity,65032,65032,PASS
72,1052,cycles,2,2,PASS
72,1052,status,0,0,PASS
73,1053,test_id,1053,1053,PASS
73,1053,policy_id,0,0,PASS
73,1053,state_id,118,118,PASS
73,1053,profile_id,0,0,PASS
73,1053,selected_path,0,0,PASS
73,1053,score,0,0,PASS
73,1053,bottleneck_fidelity,65535,65535,PASS
73,1053,cycles,2,2,PASS
73,1053,status,0,0,PASS
74,1054,test_id,1054,1054,PASS
74,1054,policy_id,0,0,PASS
74,1054,state_id,176,176,PASS
74,1054,profile_id,0,0,PASS
74,1054,selected_path,1,1,PASS
74,1054,score,0,0,PASS
74,1054,bottleneck_fidelity,64712,64712,PASS
74,1054,cycles,2,2,PASS
74,1054,status,0,0,PASS
75,1055,test_id,1055,1055,PASS
75,1055,policy_id,0,0,PASS
75,1055,state_id,172,172,PASS
75,1055,profile_id,0,0,PASS
75,1055,selected_path,255,255,PASS
75,1055,score,0,0,PASS
75,1055,bottleneck_fidelity,0,0,PASS
75,1055,cycles,2,2,PASS
75,1055,status,1,1,PASS
76,1056,test_id,1056,1056,PASS
76,1056,policy_id,0,0,PASS
76,1056,state_id,76,76,PASS
76,1056,profile_id,0,0,PASS
76,1056,selected_path,0,0,PASS
76,1056,score,0,0,PASS
76,1056,bottleneck_fidelity,59367,59367,PASS
76,1056,cycles,2,2,PASS
76,1056,status,0,0,PASS
77,1057,test_id,1057,1057,PASS
77,1057,policy_id,0,0,PASS
77,1057,state_id,50,50,PASS
77,1057,profile_id,0,0,PASS
77,1057,selected_path,0,0,PASS
77,1057,score,0,0,PASS
77,1057,bottleneck_fidelity,64570,64570,PASS
77,1057,cycles,2,2,PASS
77,1057,status,0,0,PASS
78,1058,test_id,1058,1058,PASS
78,1058,policy_id,0,0,PASS
78,1058,state_id,223,223,PASS
78,1058,profile_id,0,0,PASS
78,1058,selected_path,1,1,PASS
78,1058,score,0,0,PASS
78,1058,bottleneck_fidelity,58982,58982,PASS
78,1058,cycles,2,2,PASS
78,1058,status,0,0,PASS
79,1059,test_id,1059,1059,PASS
79,1059,policy_id,0,0,PASS
79,1059,state_id,2,2,PASS
79,1059,profile_id,0,0,PASS
79,1059,selected_path,1,1,PASS
79,1059,score,0,0,PASS
79,1059,bottleneck_fidelity,58982,58982,PASS
79,1059,cycles,2,2,PASS
79,1059,status,0,0,PASS
80,1060,test_id,1060,1060,PASS
80,1060,policy_id,0,0,PASS
80,1060,state_id,71,71,PASS
80,1060,profile_id,0,0,PASS
80,1060,selected_path,0,0,PASS
80,1060,score,0,0,PASS
80,1060,bottleneck_fidelity,58982,58982,PASS
80,1060,cycles,2,2,PASS
80,1060,status,0,0,PASS
81,1061,test_id,1061,1061,PASS
81,1061,policy_id,0,0,PASS
81,1061,state_id,112,112,PASS
81,1061,profile_id,0,0,PASS
81,1061,selected_path,0,0,PASS
81,1061,score,0,0,PASS
81,1061,bottleneck_fidelity,63990,63990,PASS
81,1061,cycles,2,2,PASS
81,1061,status,0,0,PASS
82,1062,test_id,1062,1062,PASS
82,1062,policy_id,0,0,PASS
82,1062,state_id,168,168,PASS
82,1062,profile_id,0,0,PASS
82,1062,selected_path,0,0,PASS
82,1062,score,0,0,PASS
82,1062,bottleneck_fidelity,62081,62081,PASS
82,1062,cycles,2,2,PASS
82,1062,status,0,0,PASS
83,1063,test_id,1063,1063,PASS
83,1063,policy_id,0,0,PASS
83,1063,state_id,237,237,PASS
83,1063,profile_id,0,0,PASS
83,1063,selected_path,0,0,PASS
83,1063,score,0,0,PASS
83,1063,bottleneck_fidelity,63277,63277,PASS
83,1063,cycles,2,2,PASS
83,1063,status,0,0,PASS
